
[Subject Summary]
  sMRI + PET : 628
  sMRI only  : 2  (sMRI processed, PET skipped)
  PET only   : 171   (skipped — no sMRI for registration)
  Total to process: 630
  PET-only subjects logged → /media/user/DATADRIVE0/mri_dataset/kesav/output/pet_only_subjects.txt
============================================================

Running 630 subjects with 19 workers...

[Live Progress] Done: 0 | Remaining: 630 | Failed: 0 | ETA: 0.0 min
  Active subjects:
    002_S_4171: Step 1/10: DICOM -> NIfTI (dcm2niix)
    002_S_4213: Step 1/10: DICOM -> NIfTI (dcm2niix)
    002_S_4225: Step 1/10: DICOM -> NIfTI (dcm2niix)
    002_S_4229: Step 1/10: DICOM -> NIfTI (dcm2niix)
    002_S_4270: Step 1/10: DICOM -> NIfTI (dcm2niix)
    002_S_4447: Step 1/10: DICOM -> NIfTI (dcm2niix)
    002_S_4473: Step 1/10: DICOM -> NIfTI (dcm2niix)
    002_S_4654: Step 1/10: DICOM -> NIfTI (dcm2niix)
    002_S_4746: Step 1/10: DICOM -> NIfTI (dcm2niix)
    002_S_5018: Step 1/10: DICOM -> NIfTI (dcm2niix)
    003_S_4288: Step 1/10: DICOM -> NIfTI (dcm2niix)
    003_S_4350: Step 1/10: DICOM -> NIfTI (dcm2niix)
    003_S_4441: Step 1/10: DICOM -> NIfTI (dcm2niix)
    003_S_4872: Step 1/10: DICOM -> NIfTI (dcm2niix)
    003_S_4900: Step 1/10: DICOM -> NIfTI (dcm2niix)
    005_S_0221: Step 1/10: DICOM -> NIfTI (dcm2niix)
    005_S_0222: Step 1/10: DICOM -> NIfTI (dcm2niix)
    005_S_0546: Step 1/10: DICOM -> NIfTI (dcm2niix)
    005_S_0610: Step 1/10: DICOM -> NIfTI (dcm2niix)

[Live Progress] Done: 0 | Remaining: 630 | Failed: 0 | ETA: 0.0 min
  Active subjects:
    002_S_4171: Step 1/10: DICOM -> NIfTI (dcm2niix)
    002_S_4213: Step 1/10: DICOM -> NIfTI (dcm2niix)
    002_S_4225: Step 1/10: DICOM -> NIfTI (dcm2niix)
    002_S_4229: Step 1/10: DICOM -> NIfTI (dcm2niix)
    002_S_4270: Step 1/10: DICOM -> NIfTI (dcm2niix)
    002_S_4447: Step 1/10: DICOM -> NIfTI (dcm2niix)
    002_S_4473: Step 1/10: DICOM -> NIfTI (dcm2niix)
    002_S_4654: Step 1/10: DICOM -> NIfTI (dcm2niix)
    002_S_4746: Step 1/10: DICOM -> NIfTI (dcm2niix)
    002_S_5018: Step 1/10: DICOM -> NIfTI (dcm2niix)
    003_S_4288: Step 1/10: DICOM -> NIfTI (dcm2niix)
    003_S_4350: Step 1/10: DICOM -> NIfTI (dcm2niix)
    003_S_4441: Step 1/10: DICOM -> NIfTI (dcm2niix)
    003_S_4872: Step 1/10: DICOM -> NIfTI (dcm2niix)
    003_S_4900: Step 1/10: DICOM -> NIfTI (dcm2niix)
    005_S_0221: Step 1/10: DICOM -> NIfTI (dcm2niix)
    005_S_0222: Step 1/10: DICOM -> NIfTI (dcm2niix)
    005_S_0546: Step 1/10: DICOM -> NIfTI (dcm2niix)
    005_S_0610: Step 1/10: DICOM -> NIfTI (dcm2niix)

[Live Progress] Done: 0 | Remaining: 630 | Failed: 0 | ETA: 0.0 min
  Active subjects:
    002_S_4171: Step 1/10: DICOM -> NIfTI (dcm2niix)
    002_S_4213: Step 1/10: DICOM -> NIfTI (dcm2niix)
    002_S_4225: Step 1/10: DICOM -> NIfTI (dcm2niix)
    002_S_4229: Step 1/10: DICOM -> NIfTI (dcm2niix)
    002_S_4270: Step 1/10: DICOM -> NIfTI (dcm2niix)
    002_S_4447: Step 1/10: DICOM -> NIfTI (dcm2niix)
    002_S_4473: Step 1/10: DICOM -> NIfTI (dcm2niix)
    002_S_4654: Step 1/10: DICOM -> NIfTI (dcm2niix)
    002_S_4746: Step 1/10: DICOM -> NIfTI (dcm2niix)
    002_S_5018: Step 1/10: DICOM -> NIfTI (dcm2niix)
    003_S_4288: Step 1/10: DICOM -> NIfTI (dcm2niix)
    003_S_4350: Step 1/10: DICOM -> NIfTI (dcm2niix)
    003_S_4441: Step 1/10: DICOM -> NIfTI (dcm2niix)
    003_S_4872: Step 1/10: DICOM -> NIfTI (dcm2niix)
    003_S_4900: Step 1/10: DICOM -> NIfTI (dcm2niix)
    005_S_0221: Step 1/10: DICOM -> NIfTI (dcm2niix)
    005_S_0222: Step 1/10: DICOM -> NIfTI (dcm2niix)
    005_S_0546: Step 1/10: DICOM -> NIfTI (dcm2niix)
    005_S_0610: Step 1/10: DICOM -> NIfTI (dcm2niix)

[Live Progress] Done: 0 | Remaining: 630 | Failed: 0 | ETA: 0.0 min
  Active subjects:
    002_S_4171: Step 1/10: DICOM -> NIfTI (dcm2niix)
    002_S_4213: Step 1/10: DICOM -> NIfTI (dcm2niix)
    002_S_4225: Step 1/10: DICOM -> NIfTI (dcm2niix)
    002_S_4229: Step 1/10: DICOM -> NIfTI (dcm2niix)
    002_S_4270: Step 1/10: DICOM -> NIfTI (dcm2niix)
    002_S_4447: Step 1/10: DICOM -> NIfTI (dcm2niix)
    002_S_4473: Step 1/10: DICOM -> NIfTI (dcm2niix)
    002_S_4654: Step 1/10: DICOM -> NIfTI (dcm2niix)
    002_S_4746: Step 1/10: DICOM -> NIfTI (dcm2niix)
    002_S_5018: Step 1/10: DICOM -> NIfTI (dcm2niix)
    003_S_4288: Step 1/10: DICOM -> NIfTI (dcm2niix)
    003_S_4350: Step 1/10: DICOM -> NIfTI (dcm2niix)
    003_S_4441: Step 1/10: DICOM -> NIfTI (dcm2niix)
    003_S_4872: Step 1/10: DICOM -> NIfTI (dcm2niix)
    003_S_4900: Step 1/10: DICOM -> NIfTI (dcm2niix)
    005_S_0221: Step 1/10: DICOM -> NIfTI (dcm2niix)
    005_S_0222: Step 1/10: DICOM -> NIfTI (dcm2niix)
    005_S_0546: Step 1/10: DICOM -> NIfTI (dcm2niix)
    005_S_0610: Step 1/10: DICOM -> NIfTI (dcm2niix)

[Live Progress] Done: 0 | Remaining: 630 | Failed: 0 | ETA: 0.0 min
  Active subjects:
    002_S_4171: Step 1/10: DICOM -> NIfTI (dcm2niix)
    002_S_4213: Step 1/10: DICOM -> NIfTI (dcm2niix)
    002_S_4225: Step 1/10: DICOM -> NIfTI (dcm2niix)
    002_S_4229: Step 1/10: DICOM -> NIfTI (dcm2niix)
    002_S_4270: Step 1/10: DICOM -> NIfTI (dcm2niix)
    002_S_4447: Step 1/10: DICOM -> NIfTI (dcm2niix)
    002_S_4473: Step 1/10: DICOM -> NIfTI (dcm2niix)
    002_S_4654: Step 1/10: DICOM -> NIfTI (dcm2niix)
    002_S_4746: Step 1/10: DICOM -> NIfTI (dcm2niix)
    002_S_5018: Step 1/10: DICOM -> NIfTI (dcm2niix)
    003_S_4288: Step 1/10: DICOM -> NIfTI (dcm2niix)
    003_S_4350: Step 1/10: DICOM -> NIfTI (dcm2niix)
    003_S_4441: Step 1/10: DICOM -> NIfTI (dcm2niix)
    003_S_4872: Step 1/10: DICOM -> NIfTI (dcm2niix)
    003_S_4900: Step 1/10: DICOM -> NIfTI (dcm2niix)
    005_S_0221: Step 1/10: DICOM -> NIfTI (dcm2niix)
    005_S_0222: Step 1/10: DICOM -> NIfTI (dcm2niix)
    005_S_0546: Step 1/10: DICOM -> NIfTI (dcm2niix)
    005_S_0610: Step 1/10: DICOM -> NIfTI (dcm2niix)

[Live Progress] Done: 0 | Remaining: 630 | Failed: 0 | ETA: 0.0 min
  Active subjects:
    002_S_4171: Step 1/10: DICOM -> NIfTI (dcm2niix)
    002_S_4213: Step 1/10: DICOM -> NIfTI (dcm2niix)
    002_S_4225: Step 1/10: DICOM -> NIfTI (dcm2niix)
    002_S_4229: Step 1/10: DICOM -> NIfTI (dcm2niix)
    002_S_4270: Step 1/10: DICOM -> NIfTI (dcm2niix)
    002_S_4447: Step 1/10: DICOM -> NIfTI (dcm2niix)
    002_S_4473: Step 1/10: DICOM -> NIfTI (dcm2niix)
    002_S_4654: Step 1/10: DICOM -> NIfTI (dcm2niix)
    002_S_4746: Step 1/10: DICOM -> NIfTI (dcm2niix)
    002_S_5018: Step 1/10: DICOM -> NIfTI (dcm2niix)
    003_S_4288: Step 1/10: DICOM -> NIfTI (dcm2niix)
    003_S_4350: Step 1/10: DICOM -> NIfTI (dcm2niix)
    003_S_4441: Step 1/10: DICOM -> NIfTI (dcm2niix)
    003_S_4872: Step 1/10: DICOM -> NIfTI (dcm2niix)
    003_S_4900: Step 1/10: DICOM -> NIfTI (dcm2niix)
    005_S_0221: Step 1/10: DICOM -> NIfTI (dcm2niix)
    005_S_0222: Step 1/10: DICOM -> NIfTI (dcm2niix)
    005_S_0546: Step 1/10: DICOM -> NIfTI (dcm2niix)
    005_S_0610: Step 1/10: DICOM -> NIfTI (dcm2niix)

[Live Progress] Done: 0 | Remaining: 630 | Failed: 0 | ETA: 0.0 min
  Active subjects:
    002_S_4171: Step 1/10: DICOM -> NIfTI (dcm2niix)
    002_S_4213: Step 1/10: DICOM -> NIfTI (dcm2niix)
    002_S_4225: Step 1/10: DICOM -> NIfTI (dcm2niix)
    002_S_4229: Step 1/10: DICOM -> NIfTI (dcm2niix)
    002_S_4270: Step 1/10: DICOM -> NIfTI (dcm2niix)
    002_S_4447: Step 1/10: DICOM -> NIfTI (dcm2niix)
    002_S_4473: Step 1/10: DICOM -> NIfTI (dcm2niix)
    002_S_4654: Step 1/10: DICOM -> NIfTI (dcm2niix)
    002_S_4746: Step 1/10: DICOM -> NIfTI (dcm2niix)
    002_S_5018: Step 1/10: DICOM -> NIfTI (dcm2niix)
    003_S_4288: Step 1/10: DICOM -> NIfTI (dcm2niix)
    003_S_4350: Step 1/10: DICOM -> NIfTI (dcm2niix)
    003_S_4441: Step 1/10: DICOM -> NIfTI (dcm2niix)
    003_S_4872: Step 1/10: DICOM -> NIfTI (dcm2niix)
    003_S_4900: Step 1/10: DICOM -> NIfTI (dcm2niix)
    005_S_0221: Step 1/10: DICOM -> NIfTI (dcm2niix)
    005_S_0222: Step 1/10: DICOM -> NIfTI (dcm2niix)
    005_S_0546: Step 1/10: DICOM -> NIfTI (dcm2niix)
    005_S_0610: Step 1/10: DICOM -> NIfTI (dcm2niix)

[Live Progress] Done: 0 | Remaining: 630 | Failed: 0 | ETA: 0.0 min
  Active subjects:
    002_S_4171: Step 1/10: DICOM -> NIfTI (dcm2niix)
    002_S_4213: Step 1/10: DICOM -> NIfTI (dcm2niix)
    002_S_4225: Step 1/10: DICOM -> NIfTI (dcm2niix)
    002_S_4229: Step 1/10: DICOM -> NIfTI (dcm2niix)
    002_S_4270: Step 1/10: DICOM -> NIfTI (dcm2niix)
    002_S_4447: Step 1/10: DICOM -> NIfTI (dcm2niix)
    002_S_4473: Step 1/10: DICOM -> NIfTI (dcm2niix)
    002_S_4654: Step 1/10: DICOM -> NIfTI (dcm2niix)
    002_S_4746: Step 1/10: DICOM -> NIfTI (dcm2niix)
    002_S_5018: Step 1/10: DICOM -> NIfTI (dcm2niix)
    003_S_4288: Step 1/10: DICOM -> NIfTI (dcm2niix)
    003_S_4350: Step 1/10: DICOM -> NIfTI (dcm2niix)
    003_S_4441: Step 1/10: DICOM -> NIfTI (dcm2niix)
    003_S_4872: Step 1/10: DICOM -> NIfTI (dcm2niix)
    003_S_4900: Step 1/10: DICOM -> NIfTI (dcm2niix)
    005_S_0221: Step 1/10: DICOM -> NIfTI (dcm2niix)
    005_S_0222: Step 1/10: DICOM -> NIfTI (dcm2niix)
    005_S_0546: Step 1/10: DICOM -> NIfTI (dcm2niix)
    005_S_0610: Step 1/10: DICOM -> NIfTI (dcm2niix)

[Live Progress] Done: 0 | Remaining: 630 | Failed: 0 | ETA: 0.0 min
  Active subjects:
    002_S_4171: Step 1/10: DICOM -> NIfTI (dcm2niix)
    002_S_4213: Step 1/10: DICOM -> NIfTI (dcm2niix)
    002_S_4225: Step 1/10: DICOM -> NIfTI (dcm2niix)
    002_S_4229: Step 1/10: DICOM -> NIfTI (dcm2niix)
    002_S_4270: Step 1/10: DICOM -> NIfTI (dcm2niix)
    002_S_4447: Step 1/10: DICOM -> NIfTI (dcm2niix)
    002_S_4473: Step 1/10: DICOM -> NIfTI (dcm2niix)
    002_S_4654: Step 1/10: DICOM -> NIfTI (dcm2niix)
    002_S_4746: Step 1/10: DICOM -> NIfTI (dcm2niix)
    002_S_5018: Step 1/10: DICOM -> NIfTI (dcm2niix)
    003_S_4288: Step 1/10: DICOM -> NIfTI (dcm2niix)
    003_S_4350: Step 1/10: DICOM -> NIfTI (dcm2niix)
    003_S_4441: Step 1/10: DICOM -> NIfTI (dcm2niix)
    003_S_4872: Step 1/10: DICOM -> NIfTI (dcm2niix)
    003_S_4900: Step 1/10: DICOM -> NIfTI (dcm2niix)
    005_S_0221: Step 1/10: DICOM -> NIfTI (dcm2niix)
    005_S_0222: Step 1/10: DICOM -> NIfTI (dcm2niix)
    005_S_0546: Step 1/10: DICOM -> NIfTI (dcm2niix)
    005_S_0610: Step 1/10: DICOM -> NIfTI (dcm2niix)

[Live Progress] Done: 0 | Remaining: 630 | Failed: 0 | ETA: 0.0 min
  Active subjects:
    002_S_4171: Step 1/10: DICOM -> NIfTI (dcm2niix)
    002_S_4213: Step 1/10: DICOM -> NIfTI (dcm2niix)
    002_S_4225: Step 1/10: DICOM -> NIfTI (dcm2niix)
    002_S_4229: Step 1/10: DICOM -> NIfTI (dcm2niix)
    002_S_4270: Step 1/10: DICOM -> NIfTI (dcm2niix)
    002_S_4447: Step 1/10: DICOM -> NIfTI (dcm2niix)
    002_S_4473: Step 1/10: DICOM -> NIfTI (dcm2niix)
    002_S_4654: Step 1/10: DICOM -> NIfTI (dcm2niix)
    002_S_4746: Step 1/10: DICOM -> NIfTI (dcm2niix)
    002_S_5018: Step 1/10: DICOM -> NIfTI (dcm2niix)
    003_S_4288: Step 1/10: DICOM -> NIfTI (dcm2niix)
    003_S_4350: Step 1/10: DICOM -> NIfTI (dcm2niix)
    003_S_4441: Step 1/10: DICOM -> NIfTI (dcm2niix)
    003_S_4872: Step 1/10: DICOM -> NIfTI (dcm2niix)
    003_S_4900: Step 1/10: DICOM -> NIfTI (dcm2niix)
    005_S_0221: Step 1/10: DICOM -> NIfTI (dcm2niix)
    005_S_0222: Step 1/10: DICOM -> NIfTI (dcm2niix)
    005_S_0546: Step 1/10: DICOM -> NIfTI (dcm2niix)
    005_S_0610: Step 1/10: DICOM -> NIfTI (dcm2niix)

[Live Progress] Done: 0 | Remaining: 630 | Failed: 0 | ETA: 0.0 min
  Active subjects:
    002_S_4171: Step 1/10: DICOM -> NIfTI (dcm2niix)
    002_S_4213: Step 1/10: DICOM -> NIfTI (dcm2niix)
    002_S_4225: Step 1/10: DICOM -> NIfTI (dcm2niix)
    002_S_4229: Step 1/10: DICOM -> NIfTI (dcm2niix)
    002_S_4270: Step 1/10: DICOM -> NIfTI (dcm2niix)
    002_S_4447: Step 1/10: DICOM -> NIfTI (dcm2niix)
    002_S_4473: Step 1/10: DICOM -> NIfTI (dcm2niix)
    002_S_4654: Step 1/10: DICOM -> NIfTI (dcm2niix)
    002_S_4746: Step 1/10: DICOM -> NIfTI (dcm2niix)
    002_S_5018: Step 1/10: DICOM -> NIfTI (dcm2niix)
    003_S_4288: Step 1/10: DICOM -> NIfTI (dcm2niix)
    003_S_4350: Step 1/10: DICOM -> NIfTI (dcm2niix)
    003_S_4441: Step 1/10: DICOM -> NIfTI (dcm2niix)
    003_S_4872: Step 1/10: DICOM -> NIfTI (dcm2niix)
    003_S_4900: Step 1/10: DICOM -> NIfTI (dcm2niix)
    005_S_0221: Step 1/10: DICOM -> NIfTI (dcm2niix)
    005_S_0222: Step 1/10: DICOM -> NIfTI (dcm2niix)
    005_S_0546: Step 1/10: DICOM -> NIfTI (dcm2niix)
    005_S_0610: Step 1/10: DICOM -> NIfTI (dcm2niix)

[Live Progress] Done: 0 | Remaining: 630 | Failed: 0 | ETA: 0.0 min
  Active subjects:
    002_S_4171: Step 1/10: DICOM -> NIfTI (dcm2niix)
    002_S_4213: Step 1/10: DICOM -> NIfTI (dcm2niix)
    002_S_4225: Step 1/10: DICOM -> NIfTI (dcm2niix)
    002_S_4229: Step 1/10: DICOM -> NIfTI (dcm2niix)
    002_S_4270: Step 1/10: DICOM -> NIfTI (dcm2niix)
    002_S_4447: Step 1/10: DICOM -> NIfTI (dcm2niix)
    002_S_4473: Step 1/10: DICOM -> NIfTI (dcm2niix)
    002_S_4654: Step 1/10: DICOM -> NIfTI (dcm2niix)
    002_S_4746: Step 1/10: DICOM -> NIfTI (dcm2niix)
    002_S_5018: Step 1/10: DICOM -> NIfTI (dcm2niix)
    003_S_4288: Step 1/10: DICOM -> NIfTI (dcm2niix)
    003_S_4350: Step 1/10: DICOM -> NIfTI (dcm2niix)
    003_S_4441: Step 1/10: DICOM -> NIfTI (dcm2niix)
    003_S_4872: Step 1/10: DICOM -> NIfTI (dcm2niix)
    003_S_4900: Step 1/10: DICOM -> NIfTI (dcm2niix)
    005_S_0221: Step 1/10: DICOM -> NIfTI (dcm2niix)
    005_S_0222: Step 1/10: DICOM -> NIfTI (dcm2niix)
    005_S_0546: Step 1/10: DICOM -> NIfTI (dcm2niix)
    005_S_0610: Step 1/10: DICOM -> NIfTI (dcm2niix)

[Live Progress] Done: 0 | Remaining: 630 | Failed: 0 | ETA: 0.0 min
  Active subjects:
    002_S_4171: Step 1/10: DICOM -> NIfTI (dcm2niix)
    002_S_4213: Step 1/10: DICOM -> NIfTI (dcm2niix)
    002_S_4225: Step 1/10: DICOM -> NIfTI (dcm2niix)
    002_S_4229: Step 1/10: DICOM -> NIfTI (dcm2niix)
    002_S_4270: Step 1/10: DICOM -> NIfTI (dcm2niix)
    002_S_4447: Step 1/10: DICOM -> NIfTI (dcm2niix)
    002_S_4473: Step 1/10: DICOM -> NIfTI (dcm2niix)
    002_S_4654: Step 1/10: DICOM -> NIfTI (dcm2niix)
    002_S_4746: Step 1/10: DICOM -> NIfTI (dcm2niix)
    002_S_5018: Step 1/10: DICOM -> NIfTI (dcm2niix)
    003_S_4288: Step 1/10: DICOM -> NIfTI (dcm2niix)
    003_S_4350: Step 1/10: DICOM -> NIfTI (dcm2niix)
    003_S_4441: Step 1/10: DICOM -> NIfTI (dcm2niix)
    003_S_4872: Step 1/10: DICOM -> NIfTI (dcm2niix)
    003_S_4900: Step 1/10: DICOM -> NIfTI (dcm2niix)
    005_S_0221: Step 1/10: DICOM -> NIfTI (dcm2niix)
    005_S_0222: Step 1/10: DICOM -> NIfTI (dcm2niix)
    005_S_0546: Step 1/10: DICOM -> NIfTI (dcm2niix)
    005_S_0610: Step 1/10: DICOM -> NIfTI (dcm2niix)

[Live Progress] Done: 0 | Remaining: 630 | Failed: 0 | ETA: 0.0 min
  Active subjects:
    002_S_4171: Step 1/10: DICOM -> NIfTI (dcm2niix)
    002_S_4213: Step 1/10: DICOM -> NIfTI (dcm2niix)
    002_S_4225: Step 1/10: DICOM -> NIfTI (dcm2niix)
    002_S_4229: Step 1/10: DICOM -> NIfTI (dcm2niix)
    002_S_4270: Step 1/10: DICOM -> NIfTI (dcm2niix)
    002_S_4447: Step 1/10: DICOM -> NIfTI (dcm2niix)
    002_S_4473: Step 1/10: DICOM -> NIfTI (dcm2niix)
    002_S_4654: Step 1/10: DICOM -> NIfTI (dcm2niix)
    002_S_4746: Step 1/10: DICOM -> NIfTI (dcm2niix)
    002_S_5018: Step 1/10: DICOM -> NIfTI (dcm2niix)
    003_S_4288: Step 1/10: DICOM -> NIfTI (dcm2niix)
    003_S_4350: Step 1/10: DICOM -> NIfTI (dcm2niix)
    003_S_4441: Step 1/10: DICOM -> NIfTI (dcm2niix)
    003_S_4872: Step 1/10: DICOM -> NIfTI (dcm2niix)
    003_S_4900: Step 1/10: DICOM -> NIfTI (dcm2niix)
    005_S_0221: Step 1/10: DICOM -> NIfTI (dcm2niix)
    005_S_0222: Step 1/10: DICOM -> NIfTI (dcm2niix)
    005_S_0546: Step 1/10: DICOM -> NIfTI (dcm2niix)
    005_S_0610: Step 1/10: DICOM -> NIfTI (dcm2niix)

[Live Progress] Done: 0 | Remaining: 630 | Failed: 0 | ETA: 0.0 min
  Active subjects:
    002_S_4171: Step 1/10: DICOM -> NIfTI (dcm2niix)
    002_S_4213: Step 1/10: DICOM -> NIfTI (dcm2niix)
    002_S_4225: Step 1/10: DICOM -> NIfTI (dcm2niix)
    002_S_4229: Step 1/10: DICOM -> NIfTI (dcm2niix)
    002_S_4270: Step 1/10: DICOM -> NIfTI (dcm2niix)
    002_S_4447: Step 1/10: DICOM -> NIfTI (dcm2niix)
    002_S_4473: Step 1/10: DICOM -> NIfTI (dcm2niix)
    002_S_4654: Step 1/10: DICOM -> NIfTI (dcm2niix)
    002_S_4746: Step 1/10: DICOM -> NIfTI (dcm2niix)
    002_S_5018: Step 1/10: DICOM -> NIfTI (dcm2niix)
    003_S_4288: Step 1/10: DICOM -> NIfTI (dcm2niix)
    003_S_4350: Step 1/10: DICOM -> NIfTI (dcm2niix)
    003_S_4441: Step 1/10: DICOM -> NIfTI (dcm2niix)
    003_S_4872: Step 1/10: DICOM -> NIfTI (dcm2niix)
    003_S_4900: Step 1/10: DICOM -> NIfTI (dcm2niix)
    005_S_0221: Step 1/10: DICOM -> NIfTI (dcm2niix)
    005_S_0222: Step 1/10: DICOM -> NIfTI (dcm2niix)
    005_S_0546: Step 1/10: DICOM -> NIfTI (dcm2niix)
    005_S_0610: Step 1/10: DICOM -> NIfTI (dcm2niix)

[Live Progress] Done: 0 | Remaining: 630 | Failed: 0 | ETA: 0.0 min
  Active subjects:
    002_S_4171: Step 1/10: DICOM -> NIfTI (dcm2niix)
    002_S_4213: Step 1/10: DICOM -> NIfTI (dcm2niix)
    002_S_4225: Step 1/10: DICOM -> NIfTI (dcm2niix)
    002_S_4229: Step 1/10: DICOM -> NIfTI (dcm2niix)
    002_S_4270: Step 1/10: DICOM -> NIfTI (dcm2niix)
    002_S_4447: Step 1/10: DICOM -> NIfTI (dcm2niix)
    002_S_4473: Step 1/10: DICOM -> NIfTI (dcm2niix)
    002_S_4654: Step 1/10: DICOM -> NIfTI (dcm2niix)
    002_S_4746: Step 1/10: DICOM -> NIfTI (dcm2niix)
    002_S_5018: Step 1/10: DICOM -> NIfTI (dcm2niix)
    003_S_4288: Step 1/10: DICOM -> NIfTI (dcm2niix)
    003_S_4350: Step 1/10: DICOM -> NIfTI (dcm2niix)
    003_S_4441: Step 1/10: DICOM -> NIfTI (dcm2niix)
    003_S_4872: Step 1/10: DICOM -> NIfTI (dcm2niix)
    003_S_4900: Step 1/10: DICOM -> NIfTI (dcm2niix)
    005_S_0221: Step 1/10: DICOM -> NIfTI (dcm2niix)
    005_S_0222: Step 1/10: DICOM -> NIfTI (dcm2niix)
    005_S_0546: Step 1/10: DICOM -> NIfTI (dcm2niix)
    005_S_0610: Step 1/10: DICOM -> NIfTI (dcm2niix)

[Live Progress] Done: 0 | Remaining: 630 | Failed: 0 | ETA: 0.0 min
  Active subjects:
    002_S_4171: Step 1/10: DICOM -> NIfTI (dcm2niix)
    002_S_4213: Step 1/10: DICOM -> NIfTI (dcm2niix)
    002_S_4225: Step 1/10: DICOM -> NIfTI (dcm2niix)
    002_S_4229: Step 1/10: DICOM -> NIfTI (dcm2niix)
    002_S_4270: Step 1/10: DICOM -> NIfTI (dcm2niix)
    002_S_4447: Step 1/10: DICOM -> NIfTI (dcm2niix)
    002_S_4473: Step 1/10: DICOM -> NIfTI (dcm2niix)
    002_S_4654: Step 1/10: DICOM -> NIfTI (dcm2niix)
    002_S_4746: Step 1/10: DICOM -> NIfTI (dcm2niix)
    002_S_5018: Step 1/10: DICOM -> NIfTI (dcm2niix)
    003_S_4288: Step 1/10: DICOM -> NIfTI (dcm2niix)
    003_S_4350: Step 1/10: DICOM -> NIfTI (dcm2niix)
    003_S_4441: Step 1/10: DICOM -> NIfTI (dcm2niix)
    003_S_4872: Step 1/10: DICOM -> NIfTI (dcm2niix)
    003_S_4900: Step 1/10: DICOM -> NIfTI (dcm2niix)
    005_S_0221: Step 1/10: DICOM -> NIfTI (dcm2niix)
    005_S_0222: Step 1/10: DICOM -> NIfTI (dcm2niix)
    005_S_0546: Step 1/10: DICOM -> NIfTI (dcm2niix)
    005_S_0610: Step 1/10: DICOM -> NIfTI (dcm2niix)

[Live Progress] Done: 0 | Remaining: 630 | Failed: 0 | ETA: 0.0 min
  Active subjects:
    002_S_4171: Step 1/10: DICOM -> NIfTI (dcm2niix)
    002_S_4213: Step 1/10: DICOM -> NIfTI (dcm2niix)
    002_S_4225: Step 1/10: DICOM -> NIfTI (dcm2niix)
    002_S_4229: Step 1/10: DICOM -> NIfTI (dcm2niix)
    002_S_4270: Step 1/10: DICOM -> NIfTI (dcm2niix)
    002_S_4447: Step 1/10: DICOM -> NIfTI (dcm2niix)
    002_S_4473: Step 1/10: DICOM -> NIfTI (dcm2niix)
    002_S_4654: Step 1/10: DICOM -> NIfTI (dcm2niix)
    002_S_4746: Step 1/10: DICOM -> NIfTI (dcm2niix)
    002_S_5018: Step 1/10: DICOM -> NIfTI (dcm2niix)
    003_S_4288: Step 1/10: DICOM -> NIfTI (dcm2niix)
    003_S_4350: Step 1/10: DICOM -> NIfTI (dcm2niix)
    003_S_4441: Step 1/10: DICOM -> NIfTI (dcm2niix)
    003_S_4872: Step 1/10: DICOM -> NIfTI (dcm2niix)
    003_S_4900: Step 1/10: DICOM -> NIfTI (dcm2niix)
    005_S_0221: Step 1/10: DICOM -> NIfTI (dcm2niix)
    005_S_0222: Step 1/10: DICOM -> NIfTI (dcm2niix)
    005_S_0546: Step 1/10: DICOM -> NIfTI (dcm2niix)
    005_S_0610: Step 1/10: DICOM -> NIfTI (dcm2niix)

[Live Progress] Done: 0 | Remaining: 630 | Failed: 0 | ETA: 0.0 min
  Active subjects:
    002_S_4171: Step 1/10: DICOM -> NIfTI (dcm2niix)
    002_S_4213: Step 1/10: DICOM -> NIfTI (dcm2niix)
    002_S_4225: Step 1/10: DICOM -> NIfTI (dcm2niix)
    002_S_4229: Step 1/10: DICOM -> NIfTI (dcm2niix)
    002_S_4270: Step 1/10: DICOM -> NIfTI (dcm2niix)
    002_S_4447: Step 1/10: DICOM -> NIfTI (dcm2niix)
    002_S_4473: Step 1/10: DICOM -> NIfTI (dcm2niix)
    002_S_4654: Step 1/10: DICOM -> NIfTI (dcm2niix)
    002_S_4746: Step 1/10: DICOM -> NIfTI (dcm2niix)
    002_S_5018: Step 1/10: DICOM -> NIfTI (dcm2niix)
    003_S_4288: Step 1/10: DICOM -> NIfTI (dcm2niix)
    003_S_4350: Step 1/10: DICOM -> NIfTI (dcm2niix)
    003_S_4441: Step 1/10: DICOM -> NIfTI (dcm2niix)
    003_S_4872: Step 1/10: DICOM -> NIfTI (dcm2niix)
    003_S_4900: Step 1/10: DICOM -> NIfTI (dcm2niix)
    005_S_0221: Step 1/10: DICOM -> NIfTI (dcm2niix)
    005_S_0222: Step 1/10: DICOM -> NIfTI (dcm2niix)
    005_S_0546: Step 1/10: DICOM -> NIfTI (dcm2niix)
    005_S_0610: Step 1/10: DICOM -> NIfTI (dcm2niix)

[Live Progress] Done: 0 | Remaining: 630 | Failed: 0 | ETA: 0.0 min
  Active subjects:
    002_S_4171: Step 1/10: DICOM -> NIfTI (dcm2niix)
    002_S_4213: Step 1/10: DICOM -> NIfTI (dcm2niix)
    002_S_4225: Step 1/10: DICOM -> NIfTI (dcm2niix)
    002_S_4229: Step 1/10: DICOM -> NIfTI (dcm2niix)
    002_S_4270: Step 1/10: DICOM -> NIfTI (dcm2niix)
    002_S_4447: Step 1/10: DICOM -> NIfTI (dcm2niix)
    002_S_4473: Step 1/10: DICOM -> NIfTI (dcm2niix)
    002_S_4654: Step 1/10: DICOM -> NIfTI (dcm2niix)
    002_S_4746: Step 1/10: DICOM -> NIfTI (dcm2niix)
    002_S_5018: Step 1/10: DICOM -> NIfTI (dcm2niix)
    003_S_4288: Step 1/10: DICOM -> NIfTI (dcm2niix)
    003_S_4350: Step 1/10: DICOM -> NIfTI (dcm2niix)
    003_S_4441: Step 1/10: DICOM -> NIfTI (dcm2niix)
    003_S_4872: Step 1/10: DICOM -> NIfTI (dcm2niix)
    003_S_4900: Step 1/10: DICOM -> NIfTI (dcm2niix)
    005_S_0221: Step 1/10: DICOM -> NIfTI (dcm2niix)
    005_S_0222: Step 1/10: DICOM -> NIfTI (dcm2niix)
    005_S_0546: Step 1/10: DICOM -> NIfTI (dcm2niix)
    005_S_0610: Step 1/10: DICOM -> NIfTI (dcm2niix)

[Live Progress] Done: 0 | Remaining: 630 | Failed: 0 | ETA: 0.0 min
  Active subjects:
    002_S_4171: Step 1/10: DICOM -> NIfTI (dcm2niix)
    002_S_4213: Step 1/10: DICOM -> NIfTI (dcm2niix)
    002_S_4225: Step 1/10: DICOM -> NIfTI (dcm2niix)
    002_S_4229: Step 1/10: DICOM -> NIfTI (dcm2niix)
    002_S_4270: Step 1/10: DICOM -> NIfTI (dcm2niix)
    002_S_4447: Step 1/10: DICOM -> NIfTI (dcm2niix)
    002_S_4473: Step 1/10: DICOM -> NIfTI (dcm2niix)
    002_S_4654: Step 1/10: DICOM -> NIfTI (dcm2niix)
    002_S_4746: Step 1/10: DICOM -> NIfTI (dcm2niix)
    002_S_5018: Step 1/10: DICOM -> NIfTI (dcm2niix)
    003_S_4288: Step 1/10: DICOM -> NIfTI (dcm2niix)
    003_S_4350: Step 1/10: DICOM -> NIfTI (dcm2niix)
    003_S_4441: Step 1/10: DICOM -> NIfTI (dcm2niix)
    003_S_4872: Step 1/10: DICOM -> NIfTI (dcm2niix)
    003_S_4900: Step 1/10: DICOM -> NIfTI (dcm2niix)
    005_S_0221: Step 1/10: DICOM -> NIfTI (dcm2niix)
    005_S_0222: Step 1/10: DICOM -> NIfTI (dcm2niix)
    005_S_0546: Step 1/10: DICOM -> NIfTI (dcm2niix)
    005_S_0610: Step 1/10: DICOM -> NIfTI (dcm2niix)

[Live Progress] Done: 0 | Remaining: 630 | Failed: 0 | ETA: 0.0 min
  Active subjects:
    002_S_4171: Step 1/10: DICOM -> NIfTI (dcm2niix)
    002_S_4213: Step 1/10: DICOM -> NIfTI (dcm2niix)
    002_S_4225: Step 1/10: DICOM -> NIfTI (dcm2niix)
    002_S_4229: Step 1/10: DICOM -> NIfTI (dcm2niix)
    002_S_4270: Step 1/10: DICOM -> NIfTI (dcm2niix)
    002_S_4447: Step 1/10: DICOM -> NIfTI (dcm2niix)
    002_S_4473: Step 1/10: DICOM -> NIfTI (dcm2niix)
    002_S_4654: Step 1/10: DICOM -> NIfTI (dcm2niix)
    002_S_4746: Step 1/10: DICOM -> NIfTI (dcm2niix)
    002_S_5018: Step 1/10: DICOM -> NIfTI (dcm2niix)
    003_S_4288: Step 1/10: DICOM -> NIfTI (dcm2niix)
    003_S_4350: Step 1/10: DICOM -> NIfTI (dcm2niix)
    003_S_4441: Step 1/10: DICOM -> NIfTI (dcm2niix)
    003_S_4872: Step 1/10: DICOM -> NIfTI (dcm2niix)
    003_S_4900: Step 1/10: DICOM -> NIfTI (dcm2niix)
    005_S_0221: Step 1/10: DICOM -> NIfTI (dcm2niix)
    005_S_0222: Step 1/10: DICOM -> NIfTI (dcm2niix)
    005_S_0546: Step 1/10: DICOM -> NIfTI (dcm2niix)
    005_S_0610: Step 1/10: DICOM -> NIfTI (dcm2niix)

[Live Progress] Done: 0 | Remaining: 630 | Failed: 0 | ETA: 0.0 min
  Active subjects:
    002_S_4171: Step 1/10: DICOM -> NIfTI (dcm2niix)
    002_S_4213: Step 1/10: DICOM -> NIfTI (dcm2niix)
    002_S_4225: Step 1/10: DICOM -> NIfTI (dcm2niix)
    002_S_4229: Step 1/10: DICOM -> NIfTI (dcm2niix)
    002_S_4270: Step 1/10: DICOM -> NIfTI (dcm2niix)
    002_S_4447: Step 1/10: DICOM -> NIfTI (dcm2niix)
    002_S_4473: Step 1/10: DICOM -> NIfTI (dcm2niix)
    002_S_4654: Step 1/10: DICOM -> NIfTI (dcm2niix)
    002_S_4746: Step 1/10: DICOM -> NIfTI (dcm2niix)
    002_S_5018: Step 1/10: DICOM -> NIfTI (dcm2niix)
    003_S_4288: Step 1/10: DICOM -> NIfTI (dcm2niix)
    003_S_4350: Step 1/10: DICOM -> NIfTI (dcm2niix)
    003_S_4441: Step 1/10: DICOM -> NIfTI (dcm2niix)
    003_S_4872: Step 1/10: DICOM -> NIfTI (dcm2niix)
    003_S_4900: Step 1/10: DICOM -> NIfTI (dcm2niix)
    005_S_0221: Step 1/10: DICOM -> NIfTI (dcm2niix)
    005_S_0222: Step 1/10: DICOM -> NIfTI (dcm2niix)
    005_S_0546: Step 1/10: DICOM -> NIfTI (dcm2niix)
    005_S_0610: Step 1/10: DICOM -> NIfTI (dcm2niix)

[Live Progress] Done: 0 | Remaining: 630 | Failed: 0 | ETA: 0.0 min
  Active subjects:
    002_S_4171: Step 1/10: DICOM -> NIfTI (dcm2niix)
    002_S_4213: Step 1/10: DICOM -> NIfTI (dcm2niix)
    002_S_4225: Step 1/10: DICOM -> NIfTI (dcm2niix)
    002_S_4229: Step 1/10: DICOM -> NIfTI (dcm2niix)
    002_S_4270: Step 1/10: DICOM -> NIfTI (dcm2niix)
    002_S_4447: Step 1/10: DICOM -> NIfTI (dcm2niix)
    002_S_4473: Step 1/10: DICOM -> NIfTI (dcm2niix)
    002_S_4654: Step 1/10: DICOM -> NIfTI (dcm2niix)
    002_S_4746: Step 1/10: DICOM -> NIfTI (dcm2niix)
    002_S_5018: Step 1/10: DICOM -> NIfTI (dcm2niix)
    003_S_4288: Step 1/10: DICOM -> NIfTI (dcm2niix)
    003_S_4350: Step 1/10: DICOM -> NIfTI (dcm2niix)
    003_S_4441: Step 1/10: DICOM -> NIfTI (dcm2niix)
    003_S_4872: Step 1/10: DICOM -> NIfTI (dcm2niix)
    003_S_4900: Step 1/10: DICOM -> NIfTI (dcm2niix)
    005_S_0221: Step 1/10: DICOM -> NIfTI (dcm2niix)
    005_S_0222: Step 1/10: DICOM -> NIfTI (dcm2niix)
    005_S_0546: Step 1/10: DICOM -> NIfTI (dcm2niix)
    005_S_0610: Step 1/10: DICOM -> NIfTI (dcm2niix)

[Live Progress] Done: 0 | Remaining: 630 | Failed: 0 | ETA: 0.0 min
  Active subjects:
    002_S_4171: Step 1/10: DICOM -> NIfTI (dcm2niix)
    002_S_4213: Step 1/10: DICOM -> NIfTI (dcm2niix)
    002_S_4225: Step 1/10: DICOM -> NIfTI (dcm2niix)
    002_S_4229: Step 1/10: DICOM -> NIfTI (dcm2niix)
    002_S_4270: Step 1/10: DICOM -> NIfTI (dcm2niix)
    002_S_4447: Step 1/10: DICOM -> NIfTI (dcm2niix)
    002_S_4473: Step 1/10: DICOM -> NIfTI (dcm2niix)
    002_S_4654: Step 1/10: DICOM -> NIfTI (dcm2niix)
    002_S_4746: Step 1/10: DICOM -> NIfTI (dcm2niix)
    002_S_5018: Step 1/10: DICOM -> NIfTI (dcm2niix)
    003_S_4288: Step 1/10: DICOM -> NIfTI (dcm2niix)
    003_S_4350: Step 1/10: DICOM -> NIfTI (dcm2niix)
    003_S_4441: Step 1/10: DICOM -> NIfTI (dcm2niix)
    003_S_4872: Step 1/10: DICOM -> NIfTI (dcm2niix)
    003_S_4900: Step 1/10: DICOM -> NIfTI (dcm2niix)
    005_S_0221: Step 1/10: DICOM -> NIfTI (dcm2niix)
    005_S_0222: Step 1/10: DICOM -> NIfTI (dcm2niix)
    005_S_0546: Step 1/10: DICOM -> NIfTI (dcm2niix)
    005_S_0610: Step 1/10: DICOM -> NIfTI (dcm2niix)

[Live Progress] Done: 0 | Remaining: 630 | Failed: 0 | ETA: 0.0 min
  Active subjects:
    002_S_4171: Step 2/10: N4 bias field correction
    002_S_4213: Step 2/10: N4 bias field correction
    002_S_4225: Step 2/10: N4 bias field correction
    002_S_4229: Step 2/10: N4 bias field correction
    002_S_4270: Step 1/10: DICOM -> NIfTI (dcm2niix)
    002_S_4447: Step 1/10: DICOM -> NIfTI (dcm2niix)
    002_S_4473: Step 2/10: N4 bias field correction
    002_S_4654: Step 1/10: DICOM -> NIfTI (dcm2niix)
    002_S_4746: Step 2/10: N4 bias field correction
    002_S_5018: Step 1/10: DICOM -> NIfTI (dcm2niix)
    003_S_4288: Step 2/10: N4 bias field correction
    003_S_4350: Step 2/10: N4 bias field correction
    003_S_4441: Step 2/10: N4 bias field correction
    003_S_4872: Step 2/10: N4 bias field correction
    003_S_4900: Step 2/10: N4 bias field correction
    005_S_0221: Step 1/10: DICOM -> NIfTI (dcm2niix)
    005_S_0222: Step 1/10: DICOM -> NIfTI (dcm2niix)
    005_S_0546: Step 1/10: DICOM -> NIfTI (dcm2niix)
    005_S_0610: Step 1/10: DICOM -> NIfTI (dcm2niix)

[Live Progress] Done: 0 | Remaining: 630 | Failed: 0 | ETA: 0.0 min
  Active subjects:
    002_S_4171: Step 2/10: N4 bias field correction
    002_S_4213: Step 2/10: N4 bias field correction
    002_S_4225: Step 2/10: N4 bias field correction
    002_S_4229: Step 2/10: N4 bias field correction
    002_S_4270: Step 1/10: DICOM -> NIfTI (dcm2niix)
    002_S_4447: Step 1/10: DICOM -> NIfTI (dcm2niix)
    002_S_4473: Step 2/10: N4 bias field correction
    002_S_4654: Step 1/10: DICOM -> NIfTI (dcm2niix)
    002_S_4746: Step 2/10: N4 bias field correction
    002_S_5018: Step 1/10: DICOM -> NIfTI (dcm2niix)
    003_S_4288: Step 2/10: N4 bias field correction
    003_S_4350: Step 2/10: N4 bias field correction
    003_S_4441: Step 2/10: N4 bias field correction
    003_S_4872: Step 2/10: N4 bias field correction
    003_S_4900: Step 2/10: N4 bias field correction
    005_S_0221: Step 1/10: DICOM -> NIfTI (dcm2niix)
    005_S_0222: Step 1/10: DICOM -> NIfTI (dcm2niix)
    005_S_0546: Step 1/10: DICOM -> NIfTI (dcm2niix)
    005_S_0610: Step 1/10: DICOM -> NIfTI (dcm2niix)

[Live Progress] Done: 0 | Remaining: 630 | Failed: 0 | ETA: 0.0 min
  Active subjects:
    002_S_4171: Step 2/10: N4 bias field correction
    002_S_4213: Step 2/10: N4 bias field correction
    002_S_4225: Step 2/10: N4 bias field correction
    002_S_4229: Step 2/10: N4 bias field correction
    002_S_4270: Step 1/10: DICOM -> NIfTI (dcm2niix)
    002_S_4447: Step 2/10: N4 bias field correction
    002_S_4473: Step 2/10: N4 bias field correction
    002_S_4654: Step 1/10: DICOM -> NIfTI (dcm2niix)
    002_S_4746: Step 2/10: N4 bias field correction
    002_S_5018: Step 1/10: DICOM -> NIfTI (dcm2niix)
    003_S_4288: Step 2/10: N4 bias field correction
    003_S_4350: Step 2/10: N4 bias field correction
    003_S_4441: Step 2/10: N4 bias field correction
    003_S_4872: Step 2/10: N4 bias field correction
    003_S_4900: Step 2/10: N4 bias field correction
    005_S_0221: Step 1/10: DICOM -> NIfTI (dcm2niix)
    005_S_0222: Step 1/10: DICOM -> NIfTI (dcm2niix)
    005_S_0546: Step 1/10: DICOM -> NIfTI (dcm2niix)
    005_S_0610: Step 1/10: DICOM -> NIfTI (dcm2niix)

[Live Progress] Done: 0 | Remaining: 630 | Failed: 0 | ETA: 0.0 min
  Active subjects:
    002_S_4171: Step 2/10: N4 bias field correction
    002_S_4213: Step 2/10: N4 bias field correction
    002_S_4225: Step 2/10: N4 bias field correction
    002_S_4229: Step 2/10: N4 bias field correction
    002_S_4270: Step 2/10: N4 bias field correction
    002_S_4447: Step 2/10: N4 bias field correction
    002_S_4473: Step 2/10: N4 bias field correction
    002_S_4654: Step 2/10: N4 bias field correction
    002_S_4746: Step 2/10: N4 bias field correction
    002_S_5018: Step 2/10: N4 bias field correction
    003_S_4288: Step 2/10: N4 bias field correction
    003_S_4350: Step 2/10: N4 bias field correction
    003_S_4441: Step 2/10: N4 bias field correction
    003_S_4872: Step 2/10: N4 bias field correction
    003_S_4900: Step 2/10: N4 bias field correction
    005_S_0221: Step 1/10: DICOM -> NIfTI (dcm2niix)
    005_S_0222: Step 1/10: DICOM -> NIfTI (dcm2niix)
    005_S_0546: Step 1/10: DICOM -> NIfTI (dcm2niix)
    005_S_0610: Step 1/10: DICOM -> NIfTI (dcm2niix)

[Live Progress] Done: 0 | Remaining: 630 | Failed: 0 | ETA: 0.0 min
  Active subjects:
    002_S_4171: Step 2/10: N4 bias field correction
    002_S_4213: Step 2/10: N4 bias field correction
    002_S_4225: Step 2/10: N4 bias field correction
    002_S_4229: Step 2/10: N4 bias field correction
    002_S_4270: Step 2/10: N4 bias field correction
    002_S_4447: Step 2/10: N4 bias field correction
    002_S_4473: Step 2/10: N4 bias field correction
    002_S_4654: Step 2/10: N4 bias field correction
    002_S_4746: Step 2/10: N4 bias field correction
    002_S_5018: Step 2/10: N4 bias field correction
    003_S_4288: Step 2/10: N4 bias field correction
    003_S_4350: Step 2/10: N4 bias field correction
    003_S_4441: Step 2/10: N4 bias field correction
    003_S_4872: Step 2/10: N4 bias field correction
    003_S_4900: Step 2/10: N4 bias field correction
    005_S_0221: Step 1/10: DICOM -> NIfTI (dcm2niix)
    005_S_0222: Step 1/10: DICOM -> NIfTI (dcm2niix)
    005_S_0546: Step 1/10: DICOM -> NIfTI (dcm2niix)
    005_S_0610: Step 1/10: DICOM -> NIfTI (dcm2niix)

[Live Progress] Done: 0 | Remaining: 630 | Failed: 0 | ETA: 0.0 min
  Active subjects:
    002_S_4171: Step 2/10: N4 bias field correction
    002_S_4213: Step 2/10: N4 bias field correction
    002_S_4225: Step 2/10: N4 bias field correction
    002_S_4229: Step 2/10: N4 bias field correction
    002_S_4270: Step 2/10: N4 bias field correction
    002_S_4447: Step 2/10: N4 bias field correction
    002_S_4473: Step 2/10: N4 bias field correction
    002_S_4654: Step 2/10: N4 bias field correction
    002_S_4746: Step 2/10: N4 bias field correction
    002_S_5018: Step 2/10: N4 bias field correction
    003_S_4288: Step 2/10: N4 bias field correction
    003_S_4350: Step 2/10: N4 bias field correction
    003_S_4441: Step 2/10: N4 bias field correction
    003_S_4872: Step 2/10: N4 bias field correction
    003_S_4900: Step 2/10: N4 bias field correction
    005_S_0221: Step 1/10: DICOM -> NIfTI (dcm2niix)
    005_S_0222: Step 1/10: DICOM -> NIfTI (dcm2niix)
    005_S_0546: Step 1/10: DICOM -> NIfTI (dcm2niix)
    005_S_0610: Step 1/10: DICOM -> NIfTI (dcm2niix)

[Live Progress] Done: 0 | Remaining: 630 | Failed: 0 | ETA: 0.0 min
  Active subjects:
    002_S_4171: Step 2/10: N4 bias field correction
    002_S_4213: Step 2/10: N4 bias field correction
    002_S_4225: Step 2/10: N4 bias field correction
    002_S_4229: Step 2/10: N4 bias field correction
    002_S_4270: Step 2/10: N4 bias field correction
    002_S_4447: Step 2/10: N4 bias field correction
    002_S_4473: Step 2/10: N4 bias field correction
    002_S_4654: Step 2/10: N4 bias field correction
    002_S_4746: Step 2/10: N4 bias field correction
    002_S_5018: Step 2/10: N4 bias field correction
    003_S_4288: Step 2/10: N4 bias field correction
    003_S_4350: Step 2/10: N4 bias field correction
    003_S_4441: Step 2/10: N4 bias field correction
    003_S_4872: Step 2/10: N4 bias field correction
    003_S_4900: Step 2/10: N4 bias field correction
    005_S_0221: Step 1/10: DICOM -> NIfTI (dcm2niix)
    005_S_0222: Step 1/10: DICOM -> NIfTI (dcm2niix)
    005_S_0546: Step 2/10: N4 bias field correction
    005_S_0610: Step 2/10: N4 bias field correction

[Live Progress] Done: 0 | Remaining: 630 | Failed: 0 | ETA: 0.0 min
  Active subjects:
    002_S_4171: Step 2/10: N4 bias field correction
    002_S_4213: Step 2/10: N4 bias field correction
    002_S_4225: Step 2/10: N4 bias field correction
    002_S_4229: Step 2/10: N4 bias field correction
    002_S_4270: Step 2/10: N4 bias field correction
    002_S_4447: Step 2/10: N4 bias field correction
    002_S_4473: Step 2/10: N4 bias field correction
    002_S_4654: Step 2/10: N4 bias field correction
    002_S_4746: Step 2/10: N4 bias field correction
    002_S_5018: Step 2/10: N4 bias field correction
    003_S_4288: Step 2/10: N4 bias field correction
    003_S_4350: Step 2/10: N4 bias field correction
    003_S_4441: Step 2/10: N4 bias field correction
    003_S_4872: Step 2/10: N4 bias field correction
    003_S_4900: Step 2/10: N4 bias field correction
    005_S_0221: Step 1/10: DICOM -> NIfTI (dcm2niix)
    005_S_0222: Step 1/10: DICOM -> NIfTI (dcm2niix)
    005_S_0546: Step 2/10: N4 bias field correction
    005_S_0610: Step 2/10: N4 bias field correction

[Live Progress] Done: 0 | Remaining: 630 | Failed: 0 | ETA: 0.0 min
  Active subjects:
    002_S_4171: Step 2/10: N4 bias field correction
    002_S_4213: Step 2/10: N4 bias field correction
    002_S_4225: Step 2/10: N4 bias field correction
    002_S_4229: Step 2/10: N4 bias field correction
    002_S_4270: Step 2/10: N4 bias field correction
    002_S_4447: Step 2/10: N4 bias field correction
    002_S_4473: Step 2/10: N4 bias field correction
    002_S_4654: Step 2/10: N4 bias field correction
    002_S_4746: Step 2/10: N4 bias field correction
    002_S_5018: Step 2/10: N4 bias field correction
    003_S_4288: Step 2/10: N4 bias field correction
    003_S_4350: Step 2/10: N4 bias field correction
    003_S_4441: Step 2/10: N4 bias field correction
    003_S_4872: Step 2/10: N4 bias field correction
    003_S_4900: Step 2/10: N4 bias field correction
    005_S_0221: Step 1/10: DICOM -> NIfTI (dcm2niix)
    005_S_0222: Step 1/10: DICOM -> NIfTI (dcm2niix)
    005_S_0546: Step 2/10: N4 bias field correction
    005_S_0610: Step 2/10: N4 bias field correction

[Live Progress] Done: 0 | Remaining: 630 | Failed: 0 | ETA: 0.0 min
  Active subjects:
    002_S_4171: Step 2/10: N4 bias field correction
    002_S_4213: Step 2/10: N4 bias field correction
    002_S_4225: Step 2/10: N4 bias field correction
    002_S_4229: Step 2/10: N4 bias field correction
    002_S_4270: Step 2/10: N4 bias field correction
    002_S_4447: Step 2/10: N4 bias field correction
    002_S_4473: Step 2/10: N4 bias field correction
    002_S_4654: Step 2/10: N4 bias field correction
    002_S_4746: Step 2/10: N4 bias field correction
    002_S_5018: Step 2/10: N4 bias field correction
    003_S_4288: Step 2/10: N4 bias field correction
    003_S_4350: Step 2/10: N4 bias field correction
    003_S_4441: Step 2/10: N4 bias field correction
    003_S_4872: Step 2/10: N4 bias field correction
    003_S_4900: Step 2/10: N4 bias field correction
    005_S_0221: Step 1/10: DICOM -> NIfTI (dcm2niix)
    005_S_0222: Step 2/10: N4 bias field correction
    005_S_0546: Step 2/10: N4 bias field correction
    005_S_0610: Step 2/10: N4 bias field correction

[Live Progress] Done: 0 | Remaining: 630 | Failed: 0 | ETA: 0.0 min
  Active subjects:
    002_S_4171: Step 2/10: N4 bias field correction
    002_S_4213: Step 2/10: N4 bias field correction
    002_S_4225: Step 2/10: N4 bias field correction
    002_S_4229: Step 2/10: N4 bias field correction
    002_S_4270: Step 2/10: N4 bias field correction
    002_S_4447: Step 2/10: N4 bias field correction
    002_S_4473: Step 2/10: N4 bias field correction
    002_S_4654: Step 2/10: N4 bias field correction
    002_S_4746: Step 2/10: N4 bias field correction
    002_S_5018: Step 2/10: N4 bias field correction
    003_S_4288: Step 2/10: N4 bias field correction
    003_S_4350: Step 2/10: N4 bias field correction
    003_S_4441: Step 2/10: N4 bias field correction
    003_S_4872: Step 2/10: N4 bias field correction
    003_S_4900: Step 2/10: N4 bias field correction
    005_S_0221: Step 2/10: N4 bias field correction
    005_S_0222: Step 2/10: N4 bias field correction
    005_S_0546: Step 2/10: N4 bias field correction
    005_S_0610: Step 2/10: N4 bias field correction

[Live Progress] Done: 0 | Remaining: 630 | Failed: 0 | ETA: 0.0 min
  Active subjects:
    002_S_4171: Step 2/10: N4 bias field correction
    002_S_4213: Step 2/10: N4 bias field correction
    002_S_4225: Step 2/10: N4 bias field correction
    002_S_4229: Step 2/10: N4 bias field correction
    002_S_4270: Step 2/10: N4 bias field correction
    002_S_4447: Step 2/10: N4 bias field correction
    002_S_4473: Step 2/10: N4 bias field correction
    002_S_4654: Step 2/10: N4 bias field correction
    002_S_4746: Step 2/10: N4 bias field correction
    002_S_5018: Step 2/10: N4 bias field correction
    003_S_4288: Step 2/10: N4 bias field correction
    003_S_4350: Step 2/10: N4 bias field correction
    003_S_4441: Step 2/10: N4 bias field correction
    003_S_4872: Step 2/10: N4 bias field correction
    003_S_4900: Step 2/10: N4 bias field correction
    005_S_0221: Step 2/10: N4 bias field correction
    005_S_0222: Step 2/10: N4 bias field correction
    005_S_0546: Step 2/10: N4 bias field correction
    005_S_0610: Step 2/10: N4 bias field correction

[Live Progress] Done: 0 | Remaining: 630 | Failed: 0 | ETA: 0.0 min
  Active subjects:
    002_S_4171: Step 2/10: N4 bias field correction
    002_S_4213: Step 2/10: N4 bias field correction
    002_S_4225: Step 2/10: N4 bias field correction
    002_S_4229: Step 2/10: N4 bias field correction
    002_S_4270: Step 2/10: N4 bias field correction
    002_S_4447: Step 2/10: N4 bias field correction
    002_S_4473: Step 2/10: N4 bias field correction
    002_S_4654: Step 2/10: N4 bias field correction
    002_S_4746: Step 2/10: N4 bias field correction
    002_S_5018: Step 2/10: N4 bias field correction
    003_S_4288: Step 2/10: N4 bias field correction
    003_S_4350: Step 2/10: N4 bias field correction
    003_S_4441: Step 2/10: N4 bias field correction
    003_S_4872: Step 2/10: N4 bias field correction
    003_S_4900: Step 2/10: N4 bias field correction
    005_S_0221: Step 2/10: N4 bias field correction
    005_S_0222: Step 2/10: N4 bias field correction
    005_S_0546: Step 2/10: N4 bias field correction
    005_S_0610: Step 2/10: N4 bias field correction

[Live Progress] Done: 0 | Remaining: 630 | Failed: 0 | ETA: 0.0 min
  Active subjects:
    002_S_4171: Step 2/10: N4 bias field correction
    002_S_4213: Step 2/10: N4 bias field correction
    002_S_4225: Step 2/10: N4 bias field correction
    002_S_4229: Step 2/10: N4 bias field correction
    002_S_4270: Step 2/10: N4 bias field correction
    002_S_4447: Step 2/10: N4 bias field correction
    002_S_4473: Step 2/10: N4 bias field correction
    002_S_4654: Step 2/10: N4 bias field correction
    002_S_4746: Step 2/10: N4 bias field correction
    002_S_5018: Step 2/10: N4 bias field correction
    003_S_4288: Step 2/10: N4 bias field correction
    003_S_4350: Step 2/10: N4 bias field correction
    003_S_4441: Step 2/10: N4 bias field correction
    003_S_4872: Step 2/10: N4 bias field correction
    003_S_4900: Step 2/10: N4 bias field correction
    005_S_0221: Step 2/10: N4 bias field correction
    005_S_0222: Step 2/10: N4 bias field correction
    005_S_0546: Step 2/10: N4 bias field correction
    005_S_0610: Step 2/10: N4 bias field correction

[Live Progress] Done: 0 | Remaining: 630 | Failed: 0 | ETA: 0.0 min
  Active subjects:
    002_S_4171: Step 2/10: N4 bias field correction
    002_S_4213: Step 2/10: N4 bias field correction
    002_S_4225: Step 2/10: N4 bias field correction
    002_S_4229: Step 2/10: N4 bias field correction
    002_S_4270: Step 2/10: N4 bias field correction
    002_S_4447: Step 2/10: N4 bias field correction
    002_S_4473: Step 2/10: N4 bias field correction
    002_S_4654: Step 2/10: N4 bias field correction
    002_S_4746: Step 2/10: N4 bias field correction
    002_S_5018: Step 2/10: N4 bias field correction
    003_S_4288: Step 2/10: N4 bias field correction
    003_S_4350: Step 2/10: N4 bias field correction
    003_S_4441: Step 2/10: N4 bias field correction
    003_S_4872: Step 2/10: N4 bias field correction
    003_S_4900: Step 2/10: N4 bias field correction
    005_S_0221: Step 2/10: N4 bias field correction
    005_S_0222: Step 2/10: N4 bias field correction
    005_S_0546: Step 2/10: N4 bias field correction
    005_S_0610: Step 2/10: N4 bias field correction

[Live Progress] Done: 0 | Remaining: 630 | Failed: 0 | ETA: 0.0 min
  Active subjects:
    002_S_4171: Step 2/10: N4 bias field correction
    002_S_4213: Step 2/10: N4 bias field correction
    002_S_4225: Step 2/10: N4 bias field correction
    002_S_4229: Step 2/10: N4 bias field correction
    002_S_4270: Step 2/10: N4 bias field correction
    002_S_4447: Step 2/10: N4 bias field correction
    002_S_4473: Step 2/10: N4 bias field correction
    002_S_4654: Step 2/10: N4 bias field correction
    002_S_4746: Step 2/10: N4 bias field correction
    002_S_5018: Step 2/10: N4 bias field correction
    003_S_4288: Step 2/10: N4 bias field correction
    003_S_4350: Step 2/10: N4 bias field correction
    003_S_4441: Step 2/10: N4 bias field correction
    003_S_4872: Step 2/10: N4 bias field correction
    003_S_4900: Step 2/10: N4 bias field correction
    005_S_0221: Step 2/10: N4 bias field correction
    005_S_0222: Step 2/10: N4 bias field correction
    005_S_0546: Step 2/10: N4 bias field correction
    005_S_0610: Step 2/10: N4 bias field correction

[Live Progress] Done: 0 | Remaining: 630 | Failed: 0 | ETA: 0.0 min
  Active subjects:
    002_S_4171: Step 2/10: N4 bias field correction
    002_S_4213: Step 2/10: N4 bias field correction
    002_S_4225: Step 2/10: N4 bias field correction
    002_S_4229: Step 2/10: N4 bias field correction
    002_S_4270: Step 2/10: N4 bias field correction
    002_S_4447: Step 2/10: N4 bias field correction
    002_S_4473: Step 2/10: N4 bias field correction
    002_S_4654: Step 2/10: N4 bias field correction
    002_S_4746: Step 2/10: N4 bias field correction
    002_S_5018: Step 2/10: N4 bias field correction
    003_S_4288: Step 2/10: N4 bias field correction
    003_S_4350: Step 2/10: N4 bias field correction
    003_S_4441: Step 2/10: N4 bias field correction
    003_S_4872: Step 2/10: N4 bias field correction
    003_S_4900: Step 2/10: N4 bias field correction
    005_S_0221: Step 2/10: N4 bias field correction
    005_S_0222: Step 2/10: N4 bias field correction
    005_S_0546: Step 2/10: N4 bias field correction
    005_S_0610: Step 2/10: N4 bias field correction

[Live Progress] Done: 0 | Remaining: 630 | Failed: 0 | ETA: 0.0 min
  Active subjects:
    002_S_4171: Step 2/10: N4 bias field correction
    002_S_4213: Step 2/10: N4 bias field correction
    002_S_4225: Step 2/10: N4 bias field correction
    002_S_4229: Step 2/10: N4 bias field correction
    002_S_4270: Step 2/10: N4 bias field correction
    002_S_4447: Step 2/10: N4 bias field correction
    002_S_4473: Step 2/10: N4 bias field correction
    002_S_4654: Step 2/10: N4 bias field correction
    002_S_4746: Step 2/10: N4 bias field correction
    002_S_5018: Step 2/10: N4 bias field correction
    003_S_4288: Step 2/10: N4 bias field correction
    003_S_4350: Step 2/10: N4 bias field correction
    003_S_4441: Step 2/10: N4 bias field correction
    003_S_4872: Step 2/10: N4 bias field correction
    003_S_4900: Step 2/10: N4 bias field correction
    005_S_0221: Step 2/10: N4 bias field correction
    005_S_0222: Step 2/10: N4 bias field correction
    005_S_0546: Step 2/10: N4 bias field correction
    005_S_0610: Step 2/10: N4 bias field correction

[Live Progress] Done: 0 | Remaining: 630 | Failed: 0 | ETA: 0.0 min
  Active subjects:
    002_S_4171: Step 2/10: N4 bias field correction
    002_S_4213: Step 2/10: N4 bias field correction
    002_S_4225: Step 2/10: N4 bias field correction
    002_S_4229: Step 2/10: N4 bias field correction
    002_S_4270: Step 2/10: N4 bias field correction
    002_S_4447: Step 2/10: N4 bias field correction
    002_S_4473: Step 2/10: N4 bias field correction
    002_S_4654: Step 2/10: N4 bias field correction
    002_S_4746: Step 2/10: N4 bias field correction
    002_S_5018: Step 2/10: N4 bias field correction
    003_S_4288: Step 2/10: N4 bias field correction
    003_S_4350: Step 2/10: N4 bias field correction
    003_S_4441: Step 2/10: N4 bias field correction
    003_S_4872: Step 2/10: N4 bias field correction
    003_S_4900: Step 2/10: N4 bias field correction
    005_S_0221: Step 2/10: N4 bias field correction
    005_S_0222: Step 2/10: N4 bias field correction
    005_S_0546: Step 2/10: N4 bias field correction
    005_S_0610: Step 2/10: N4 bias field correction

[Live Progress] Done: 0 | Remaining: 630 | Failed: 0 | ETA: 0.0 min
  Active subjects:
    002_S_4171: Step 2/10: N4 bias field correction
    002_S_4213: Step 2/10: N4 bias field correction
    002_S_4225: Step 2/10: N4 bias field correction
    002_S_4229: Step 2/10: N4 bias field correction
    002_S_4270: Step 2/10: N4 bias field correction
    002_S_4447: Step 2/10: N4 bias field correction
    002_S_4473: Step 2/10: N4 bias field correction
    002_S_4654: Step 2/10: N4 bias field correction
    002_S_4746: Step 2/10: N4 bias field correction
    002_S_5018: Step 2/10: N4 bias field correction
    003_S_4288: Step 2/10: N4 bias field correction
    003_S_4350: Step 2/10: N4 bias field correction
    003_S_4441: Step 2/10: N4 bias field correction
    003_S_4872: Step 2/10: N4 bias field correction
    003_S_4900: Step 2/10: N4 bias field correction
    005_S_0221: Step 2/10: N4 bias field correction
    005_S_0222: Step 2/10: N4 bias field correction
    005_S_0546: Step 2/10: N4 bias field correction
    005_S_0610: Step 2/10: N4 bias field correction

[Live Progress] Done: 0 | Remaining: 630 | Failed: 0 | ETA: 0.0 min
  Active subjects:
    002_S_4171: Step 2/10: N4 bias field correction
    002_S_4213: Step 2/10: N4 bias field correction
    002_S_4225: Step 2/10: N4 bias field correction
    002_S_4229: Step 2/10: N4 bias field correction
    002_S_4270: Step 2/10: N4 bias field correction
    002_S_4447: Step 2/10: N4 bias field correction
    002_S_4473: Step 2/10: N4 bias field correction
    002_S_4654: Step 2/10: N4 bias field correction
    002_S_4746: Step 2/10: N4 bias field correction
    002_S_5018: Step 2/10: N4 bias field correction
    003_S_4288: Step 2/10: N4 bias field correction
    003_S_4350: Step 2/10: N4 bias field correction
    003_S_4441: Step 2/10: N4 bias field correction
    003_S_4872: Step 2/10: N4 bias field correction
    003_S_4900: Step 2/10: N4 bias field correction
    005_S_0221: Step 2/10: N4 bias field correction
    005_S_0222: Step 2/10: N4 bias field correction
    005_S_0546: Step 2/10: N4 bias field correction
    005_S_0610: Step 2/10: N4 bias field correction

[Live Progress] Done: 0 | Remaining: 630 | Failed: 0 | ETA: 0.0 min
  Active subjects:
    002_S_4171: Step 2/10: N4 bias field correction
    002_S_4213: Step 2/10: N4 bias field correction
    002_S_4225: Step 2/10: N4 bias field correction
    002_S_4229: Step 2/10: N4 bias field correction
    002_S_4270: Step 2/10: N4 bias field correction
    002_S_4447: Step 2/10: N4 bias field correction
    002_S_4473: Step 2/10: N4 bias field correction
    002_S_4654: Step 2/10: N4 bias field correction
    002_S_4746: Step 2/10: N4 bias field correction
    002_S_5018: Step 2/10: N4 bias field correction
    003_S_4288: Step 2/10: N4 bias field correction
    003_S_4350: Step 2/10: N4 bias field correction
    003_S_4441: Step 2/10: N4 bias field correction
    003_S_4872: Step 2/10: N4 bias field correction
    003_S_4900: Step 2/10: N4 bias field correction
    005_S_0221: Step 2/10: N4 bias field correction
    005_S_0222: Step 2/10: N4 bias field correction
    005_S_0546: Step 2/10: N4 bias field correction
    005_S_0610: Step 2/10: N4 bias field correction

[Live Progress] Done: 0 | Remaining: 630 | Failed: 0 | ETA: 0.0 min
  Active subjects:
    002_S_4171: Step 2/10: N4 bias field correction
    002_S_4213: Step 2/10: N4 bias field correction
    002_S_4225: Step 2/10: N4 bias field correction
    002_S_4229: Step 2/10: N4 bias field correction
    002_S_4270: Step 2/10: N4 bias field correction
    002_S_4447: Step 2/10: N4 bias field correction
    002_S_4473: Step 2/10: N4 bias field correction
    002_S_4654: Step 2/10: N4 bias field correction
    002_S_4746: Step 2/10: N4 bias field correction
    002_S_5018: Step 2/10: N4 bias field correction
    003_S_4288: Step 2/10: N4 bias field correction
    003_S_4350: Step 2/10: N4 bias field correction
    003_S_4441: Step 2/10: N4 bias field correction
    003_S_4872: Step 2/10: N4 bias field correction
    003_S_4900: Step 2/10: N4 bias field correction
    005_S_0221: Step 2/10: N4 bias field correction
    005_S_0222: Step 2/10: N4 bias field correction
    005_S_0546: Step 2/10: N4 bias field correction
    005_S_0610: Step 2/10: N4 bias field correction

[Live Progress] Done: 0 | Remaining: 630 | Failed: 0 | ETA: 0.0 min
  Active subjects:
    002_S_4171: Step 2/10: N4 bias field correction
    002_S_4213: Step 2/10: N4 bias field correction
    002_S_4225: Step 2/10: N4 bias field correction
    002_S_4229: Step 2/10: N4 bias field correction
    002_S_4270: Step 2/10: N4 bias field correction
    002_S_4447: Step 2/10: N4 bias field correction
    002_S_4473: Step 2/10: N4 bias field correction
    002_S_4654: Step 2/10: N4 bias field correction
    002_S_4746: Step 2/10: N4 bias field correction
    002_S_5018: Step 2/10: N4 bias field correction
    003_S_4288: Step 2/10: N4 bias field correction
    003_S_4350: Step 2/10: N4 bias field correction
    003_S_4441: Step 2/10: N4 bias field correction
    003_S_4872: Step 2/10: N4 bias field correction
    003_S_4900: Step 2/10: N4 bias field correction
    005_S_0221: Step 2/10: N4 bias field correction
    005_S_0222: Step 2/10: N4 bias field correction
    005_S_0546: Step 2/10: N4 bias field correction
    005_S_0610: Step 2/10: N4 bias field correction

[Live Progress] Done: 0 | Remaining: 630 | Failed: 0 | ETA: 0.0 min
  Active subjects:
    002_S_4171: Step 2/10: N4 bias field correction
    002_S_4213: Step 2/10: N4 bias field correction
    002_S_4225: Step 2/10: N4 bias field correction
    002_S_4229: Step 2/10: N4 bias field correction
    002_S_4270: Step 2/10: N4 bias field correction
    002_S_4447: Step 2/10: N4 bias field correction
    002_S_4473: Step 2/10: N4 bias field correction
    002_S_4654: Step 2/10: N4 bias field correction
    002_S_4746: Step 2/10: N4 bias field correction
    002_S_5018: Step 2/10: N4 bias field correction
    003_S_4288: Step 2/10: N4 bias field correction
    003_S_4350: Step 2/10: N4 bias field correction
    003_S_4441: Step 2/10: N4 bias field correction
    003_S_4872: Step 2/10: N4 bias field correction
    003_S_4900: Step 2/10: N4 bias field correction
    005_S_0221: Step 2/10: N4 bias field correction
    005_S_0222: Step 2/10: N4 bias field correction
    005_S_0546: Step 2/10: N4 bias field correction
    005_S_0610: Step 2/10: N4 bias field correction

[Live Progress] Done: 0 | Remaining: 630 | Failed: 0 | ETA: 0.0 min
  Active subjects:
    002_S_4171: Step 2/10: N4 bias field correction
    002_S_4213: Step 2/10: N4 bias field correction
    002_S_4225: Step 2/10: N4 bias field correction
    002_S_4229: Step 2/10: N4 bias field correction
    002_S_4270: Step 2/10: N4 bias field correction
    002_S_4447: Step 2/10: N4 bias field correction
    002_S_4473: Step 2/10: N4 bias field correction
    002_S_4654: Step 2/10: N4 bias field correction
    002_S_4746: Step 2/10: N4 bias field correction
    002_S_5018: Step 2/10: N4 bias field correction
    003_S_4288: Step 2/10: N4 bias field correction
    003_S_4350: Step 2/10: N4 bias field correction
    003_S_4441: Step 2/10: N4 bias field correction
    003_S_4872: Step 2/10: N4 bias field correction
    003_S_4900: Step 2/10: N4 bias field correction
    005_S_0221: Step 2/10: N4 bias field correction
    005_S_0222: Step 2/10: N4 bias field correction
    005_S_0546: Step 2/10: N4 bias field correction
    005_S_0610: Step 2/10: N4 bias field correction

[Live Progress] Done: 0 | Remaining: 630 | Failed: 0 | ETA: 0.0 min
  Active subjects:
    002_S_4171: Step 2/10: N4 bias field correction
    002_S_4213: Step 2/10: N4 bias field correction
    002_S_4225: Step 2/10: N4 bias field correction
    002_S_4229: Step 2/10: N4 bias field correction
    002_S_4270: Step 2/10: N4 bias field correction
    002_S_4447: Step 2/10: N4 bias field correction
    002_S_4473: Step 2/10: N4 bias field correction
    002_S_4654: Step 2/10: N4 bias field correction
    002_S_4746: Step 2/10: N4 bias field correction
    002_S_5018: Step 2/10: N4 bias field correction
    003_S_4288: Step 2/10: N4 bias field correction
    003_S_4350: Step 2/10: N4 bias field correction
    003_S_4441: Step 2/10: N4 bias field correction
    003_S_4872: Step 2/10: N4 bias field correction
    003_S_4900: Step 2/10: N4 bias field correction
    005_S_0221: Step 2/10: N4 bias field correction
    005_S_0222: Step 2/10: N4 bias field correction
    005_S_0546: Step 2/10: N4 bias field correction
    005_S_0610: Step 2/10: N4 bias field correction

[Live Progress] Done: 0 | Remaining: 630 | Failed: 0 | ETA: 0.0 min
  Active subjects:
    002_S_4171: Step 2/10: N4 bias field correction
    002_S_4213: Step 2/10: N4 bias field correction
    002_S_4225: Step 2/10: N4 bias field correction
    002_S_4229: Step 2/10: N4 bias field correction
    002_S_4270: Step 2/10: N4 bias field correction
    002_S_4447: Step 2/10: N4 bias field correction
    002_S_4473: Step 2/10: N4 bias field correction
    002_S_4654: Step 2/10: N4 bias field correction
    002_S_4746: Step 2/10: N4 bias field correction
    002_S_5018: Step 2/10: N4 bias field correction
    003_S_4288: Step 2/10: N4 bias field correction
    003_S_4350: Step 2/10: N4 bias field correction
    003_S_4441: Step 2/10: N4 bias field correction
    003_S_4872: Step 2/10: N4 bias field correction
    003_S_4900: Step 2/10: N4 bias field correction
    005_S_0221: Step 2/10: N4 bias field correction
    005_S_0222: Step 2/10: N4 bias field correction
    005_S_0546: Step 2/10: N4 bias field correction
    005_S_0610: Step 2/10: N4 bias field correction

[Live Progress] Done: 0 | Remaining: 630 | Failed: 0 | ETA: 0.0 min
  Active subjects:
    002_S_4171: Step 2/10: N4 bias field correction
    002_S_4213: Step 2/10: N4 bias field correction
    002_S_4225: Step 2/10: N4 bias field correction
    002_S_4229: Step 2/10: N4 bias field correction
    002_S_4270: Step 2/10: N4 bias field correction
    002_S_4447: Step 2/10: N4 bias field correction
    002_S_4473: Step 2/10: N4 bias field correction
    002_S_4654: Step 2/10: N4 bias field correction
    002_S_4746: Step 2/10: N4 bias field correction
    002_S_5018: Step 2/10: N4 bias field correction
    003_S_4288: Step 2/10: N4 bias field correction
    003_S_4350: Step 2/10: N4 bias field correction
    003_S_4441: Step 2/10: N4 bias field correction
    003_S_4872: Step 2/10: N4 bias field correction
    003_S_4900: Step 2/10: N4 bias field correction
    005_S_0221: Step 2/10: N4 bias field correction
    005_S_0222: Step 2/10: N4 bias field correction
    005_S_0546: Step 2/10: N4 bias field correction
    005_S_0610: Step 2/10: N4 bias field correction

[Live Progress] Done: 0 | Remaining: 630 | Failed: 0 | ETA: 0.0 min
  Active subjects:
    002_S_4171: Step 2/10: N4 bias field correction
    002_S_4213: Step 2/10: N4 bias field correction
    002_S_4225: Step 2/10: N4 bias field correction
    002_S_4229: Step 2/10: N4 bias field correction
    002_S_4270: Step 2/10: N4 bias field correction
    002_S_4447: Step 2/10: N4 bias field correction
    002_S_4473: Step 2/10: N4 bias field correction
    002_S_4654: Step 2/10: N4 bias field correction
    002_S_4746: Step 2/10: N4 bias field correction
    002_S_5018: Step 2/10: N4 bias field correction
    003_S_4288: Step 2/10: N4 bias field correction
    003_S_4350: Step 2/10: N4 bias field correction
    003_S_4441: Step 2/10: N4 bias field correction
    003_S_4872: Step 2/10: N4 bias field correction
    003_S_4900: Step 2/10: N4 bias field correction
    005_S_0221: Step 2/10: N4 bias field correction
    005_S_0222: Step 2/10: N4 bias field correction
    005_S_0546: Step 2/10: N4 bias field correction
    005_S_0610: Step 2/10: N4 bias field correction

[Live Progress] Done: 0 | Remaining: 630 | Failed: 0 | ETA: 0.0 min
  Active subjects:
    002_S_4171: Step 2/10: N4 bias field correction
    002_S_4213: Step 2/10: N4 bias field correction
    002_S_4225: Step 2/10: N4 bias field correction
    002_S_4229: Step 2/10: N4 bias field correction
    002_S_4270: Step 2/10: N4 bias field correction
    002_S_4447: Step 2/10: N4 bias field correction
    002_S_4473: Step 2/10: N4 bias field correction
    002_S_4654: Step 2/10: N4 bias field correction
    002_S_4746: Step 2/10: N4 bias field correction
    002_S_5018: Step 2/10: N4 bias field correction
    003_S_4288: Step 2/10: N4 bias field correction
    003_S_4350: Step 2/10: N4 bias field correction
    003_S_4441: Step 2/10: N4 bias field correction
    003_S_4872: Step 2/10: N4 bias field correction
    003_S_4900: Step 2/10: N4 bias field correction
    005_S_0221: Step 2/10: N4 bias field correction
    005_S_0222: Step 2/10: N4 bias field correction
    005_S_0546: Step 2/10: N4 bias field correction
    005_S_0610: Step 2/10: N4 bias field correction

[Live Progress] Done: 0 | Remaining: 630 | Failed: 0 | ETA: 0.0 min
  Active subjects:
    002_S_4171: Step 2/10: N4 bias field correction
    002_S_4213: Step 2/10: N4 bias field correction
    002_S_4225: Step 2/10: N4 bias field correction
    002_S_4229: Step 2/10: N4 bias field correction
    002_S_4270: Step 2/10: N4 bias field correction
    002_S_4447: Step 2/10: N4 bias field correction
    002_S_4473: Step 2/10: N4 bias field correction
    002_S_4654: Step 2/10: N4 bias field correction
    002_S_4746: Step 2/10: N4 bias field correction
    002_S_5018: Step 2/10: N4 bias field correction
    003_S_4288: Step 2/10: N4 bias field correction
    003_S_4350: Step 2/10: N4 bias field correction
    003_S_4441: Step 2/10: N4 bias field correction
    003_S_4872: Step 2/10: N4 bias field correction
    003_S_4900: Step 2/10: N4 bias field correction
    005_S_0221: Step 2/10: N4 bias field correction
    005_S_0222: Step 2/10: N4 bias field correction
    005_S_0546: Step 2/10: N4 bias field correction
    005_S_0610: Step 2/10: N4 bias field correction

[Live Progress] Done: 0 | Remaining: 630 | Failed: 0 | ETA: 0.0 min
  Active subjects:
    002_S_4171: Step 2/10: N4 bias field correction
    002_S_4213: Step 2/10: N4 bias field correction
    002_S_4225: Step 2/10: N4 bias field correction
    002_S_4229: Step 2/10: N4 bias field correction
    002_S_4270: Step 2/10: N4 bias field correction
    002_S_4447: Step 2/10: N4 bias field correction
    002_S_4473: Step 2/10: N4 bias field correction
    002_S_4654: Step 2/10: N4 bias field correction
    002_S_4746: Step 2/10: N4 bias field correction
    002_S_5018: Step 2/10: N4 bias field correction
    003_S_4288: Step 2/10: N4 bias field correction
    003_S_4350: Step 2/10: N4 bias field correction
    003_S_4441: Step 2/10: N4 bias field correction
    003_S_4872: Step 2/10: N4 bias field correction
    003_S_4900: Step 2/10: N4 bias field correction
    005_S_0221: Step 2/10: N4 bias field correction
    005_S_0222: Step 2/10: N4 bias field correction
    005_S_0546: Step 2/10: N4 bias field correction
    005_S_0610: Step 2/10: N4 bias field correction

[Live Progress] Done: 0 | Remaining: 630 | Failed: 0 | ETA: 0.0 min
  Active subjects:
    002_S_4171: Step 2/10: N4 bias field correction
    002_S_4213: Step 2/10: N4 bias field correction
    002_S_4225: Step 2/10: N4 bias field correction
    002_S_4229: Step 2/10: N4 bias field correction
    002_S_4270: Step 2/10: N4 bias field correction
    002_S_4447: Step 2/10: N4 bias field correction
    002_S_4473: Step 2/10: N4 bias field correction
    002_S_4654: Step 2/10: N4 bias field correction
    002_S_4746: Step 2/10: N4 bias field correction
    002_S_5018: Step 2/10: N4 bias field correction
    003_S_4288: Step 2/10: N4 bias field correction
    003_S_4350: Step 2/10: N4 bias field correction
    003_S_4441: Step 2/10: N4 bias field correction
    003_S_4872: Step 2/10: N4 bias field correction
    003_S_4900: Step 2/10: N4 bias field correction
    005_S_0221: Step 2/10: N4 bias field correction
    005_S_0222: Step 2/10: N4 bias field correction
    005_S_0546: Step 2/10: N4 bias field correction
    005_S_0610: Step 2/10: N4 bias field correction

[Live Progress] Done: 0 | Remaining: 630 | Failed: 0 | ETA: 0.0 min
  Active subjects:
    002_S_4171: Step 2/10: N4 bias field correction
    002_S_4213: Step 2/10: N4 bias field correction
    002_S_4225: Step 2/10: N4 bias field correction
    002_S_4229: Step 2/10: N4 bias field correction
    002_S_4270: Step 2/10: N4 bias field correction
    002_S_4447: Step 2/10: N4 bias field correction
    002_S_4473: Step 2/10: N4 bias field correction
    002_S_4654: Step 2/10: N4 bias field correction
    002_S_4746: Step 2/10: N4 bias field correction
    002_S_5018: Step 2/10: N4 bias field correction
    003_S_4288: Step 2/10: N4 bias field correction
    003_S_4350: Step 2/10: N4 bias field correction
    003_S_4441: Step 2/10: N4 bias field correction
    003_S_4872: Step 2/10: N4 bias field correction
    003_S_4900: Step 2/10: N4 bias field correction
    005_S_0221: Step 2/10: N4 bias field correction
    005_S_0222: Step 2/10: N4 bias field correction
    005_S_0546: Step 2/10: N4 bias field correction
    005_S_0610: Step 2/10: N4 bias field correction

[Live Progress] Done: 0 | Remaining: 630 | Failed: 0 | ETA: 0.0 min
  Active subjects:
    002_S_4171: Step 2/10: N4 bias field correction
    002_S_4213: Step 2/10: N4 bias field correction
    002_S_4225: Step 2/10: N4 bias field correction
    002_S_4229: Step 2/10: N4 bias field correction
    002_S_4270: Step 2/10: N4 bias field correction
    002_S_4447: Step 2/10: N4 bias field correction
    002_S_4473: Step 2/10: N4 bias field correction
    002_S_4654: Step 2/10: N4 bias field correction
    002_S_4746: Step 2/10: N4 bias field correction
    002_S_5018: Step 2/10: N4 bias field correction
    003_S_4288: Step 2/10: N4 bias field correction
    003_S_4350: Step 2/10: N4 bias field correction
    003_S_4441: Step 2/10: N4 bias field correction
    003_S_4872: Step 2/10: N4 bias field correction
    003_S_4900: Step 2/10: N4 bias field correction
    005_S_0221: Step 2/10: N4 bias field correction
    005_S_0222: Step 2/10: N4 bias field correction
    005_S_0546: Step 2/10: N4 bias field correction
    005_S_0610: Step 2/10: N4 bias field correction

[Live Progress] Done: 0 | Remaining: 630 | Failed: 0 | ETA: 0.0 min
  Active subjects:
    002_S_4171: Step 2/10: N4 bias field correction
    002_S_4213: Step 2/10: N4 bias field correction
    002_S_4225: Step 2/10: N4 bias field correction
    002_S_4229: Step 2/10: N4 bias field correction
    002_S_4270: Step 2/10: N4 bias field correction
    002_S_4447: Step 2/10: N4 bias field correction
    002_S_4473: Step 2/10: N4 bias field correction
    002_S_4654: Step 2/10: N4 bias field correction
    002_S_4746: Step 2/10: N4 bias field correction
    002_S_5018: Step 2/10: N4 bias field correction
    003_S_4288: Step 2/10: N4 bias field correction
    003_S_4350: Step 2/10: N4 bias field correction
    003_S_4441: Step 2/10: N4 bias field correction
    003_S_4872: Step 2/10: N4 bias field correction
    003_S_4900: Step 2/10: N4 bias field correction
    005_S_0221: Step 2/10: N4 bias field correction
    005_S_0222: Step 2/10: N4 bias field correction
    005_S_0546: Step 2/10: N4 bias field correction
    005_S_0610: Step 2/10: N4 bias field correction

[Live Progress] Done: 0 | Remaining: 630 | Failed: 0 | ETA: 0.0 min
  Active subjects:
    002_S_4171: Step 2/10: N4 bias field correction
    002_S_4213: Step 2/10: N4 bias field correction
    002_S_4225: Step 2/10: N4 bias field correction
    002_S_4229: Step 2/10: N4 bias field correction
    002_S_4270: Step 2/10: N4 bias field correction
    002_S_4447: Step 2/10: N4 bias field correction
    002_S_4473: Step 2/10: N4 bias field correction
    002_S_4654: Step 2/10: N4 bias field correction
    002_S_4746: Step 2/10: N4 bias field correction
    002_S_5018: Step 2/10: N4 bias field correction
    003_S_4288: Step 2/10: N4 bias field correction
    003_S_4350: Step 2/10: N4 bias field correction
    003_S_4441: Step 2/10: N4 bias field correction
    003_S_4872: Step 2/10: N4 bias field correction
    003_S_4900: Step 2/10: N4 bias field correction
    005_S_0221: Step 2/10: N4 bias field correction
    005_S_0222: Step 2/10: N4 bias field correction
    005_S_0546: Step 2/10: N4 bias field correction
    005_S_0610: Step 2/10: N4 bias field correction

[Live Progress] Done: 0 | Remaining: 630 | Failed: 0 | ETA: 0.0 min
  Active subjects:
    002_S_4171: Step 2/10: N4 bias field correction
    002_S_4213: Step 2/10: N4 bias field correction
    002_S_4225: Step 2/10: N4 bias field correction
    002_S_4229: Step 2/10: N4 bias field correction
    002_S_4270: Step 2/10: N4 bias field correction
    002_S_4447: Step 2/10: N4 bias field correction
    002_S_4473: Step 2/10: N4 bias field correction
    002_S_4654: Step 2/10: N4 bias field correction
    002_S_4746: Step 2/10: N4 bias field correction
    002_S_5018: Step 2/10: N4 bias field correction
    003_S_4288: Step 2/10: N4 bias field correction
    003_S_4350: Step 2/10: N4 bias field correction
    003_S_4441: Step 2/10: N4 bias field correction
    003_S_4872: Step 2/10: N4 bias field correction
    003_S_4900: Step 2/10: N4 bias field correction
    005_S_0221: Step 2/10: N4 bias field correction
    005_S_0222: Step 2/10: N4 bias field correction
    005_S_0546: Step 2/10: N4 bias field correction
    005_S_0610: Step 2/10: N4 bias field correction

[Live Progress] Done: 0 | Remaining: 630 | Failed: 0 | ETA: 0.0 min
  Active subjects:
    002_S_4171: Step 2/10: N4 bias field correction
    002_S_4213: Step 2/10: N4 bias field correction
    002_S_4225: Step 2/10: N4 bias field correction
    002_S_4229: Step 2/10: N4 bias field correction
    002_S_4270: Step 2/10: N4 bias field correction
    002_S_4447: Step 2/10: N4 bias field correction
    002_S_4473: Step 2/10: N4 bias field correction
    002_S_4654: Step 2/10: N4 bias field correction
    002_S_4746: Step 2/10: N4 bias field correction
    002_S_5018: Step 2/10: N4 bias field correction
    003_S_4288: Step 2/10: N4 bias field correction
    003_S_4350: Step 2/10: N4 bias field correction
    003_S_4441: Step 2/10: N4 bias field correction
    003_S_4872: Step 2/10: N4 bias field correction
    003_S_4900: Step 2/10: N4 bias field correction
    005_S_0221: Step 2/10: N4 bias field correction
    005_S_0222: Step 2/10: N4 bias field correction
    005_S_0546: Step 2/10: N4 bias field correction
    005_S_0610: Step 2/10: N4 bias field correction

[Live Progress] Done: 0 | Remaining: 630 | Failed: 0 | ETA: 0.0 min
  Active subjects:
    002_S_4171: Step 2/10: N4 bias field correction
    002_S_4213: Step 2/10: N4 bias field correction
    002_S_4225: Step 2/10: N4 bias field correction
    002_S_4229: Step 2/10: N4 bias field correction
    002_S_4270: Step 2/10: N4 bias field correction
    002_S_4447: Step 2/10: N4 bias field correction
    002_S_4473: Step 2/10: N4 bias field correction
    002_S_4654: Step 2/10: N4 bias field correction
    002_S_4746: Step 2/10: N4 bias field correction
    002_S_5018: Step 2/10: N4 bias field correction
    003_S_4288: Step 2/10: N4 bias field correction
    003_S_4350: Step 2/10: N4 bias field correction
    003_S_4441: Step 2/10: N4 bias field correction
    003_S_4872: Step 2/10: N4 bias field correction
    003_S_4900: Step 2/10: N4 bias field correction
    005_S_0221: Step 2/10: N4 bias field correction
    005_S_0222: Step 2/10: N4 bias field correction
    005_S_0546: Step 2/10: N4 bias field correction
    005_S_0610: Step 2/10: N4 bias field correction

[Live Progress] Done: 0 | Remaining: 630 | Failed: 0 | ETA: 0.0 min
  Active subjects:
    002_S_4171: Step 2/10: N4 bias field correction
    002_S_4213: Step 2/10: N4 bias field correction
    002_S_4225: Step 2/10: N4 bias field correction
    002_S_4229: Step 2/10: N4 bias field correction
    002_S_4270: Step 2/10: N4 bias field correction
    002_S_4447: Step 2/10: N4 bias field correction
    002_S_4473: Step 2/10: N4 bias field correction
    002_S_4654: Step 2/10: N4 bias field correction
    002_S_4746: Step 2/10: N4 bias field correction
    002_S_5018: Step 2/10: N4 bias field correction
    003_S_4288: Step 2/10: N4 bias field correction
    003_S_4350: Step 2/10: N4 bias field correction
    003_S_4441: Step 2/10: N4 bias field correction
    003_S_4872: Step 2/10: N4 bias field correction
    003_S_4900: Step 2/10: N4 bias field correction
    005_S_0221: Step 2/10: N4 bias field correction
    005_S_0222: Step 2/10: N4 bias field correction
    005_S_0546: Step 2/10: N4 bias field correction
    005_S_0610: Step 2/10: N4 bias field correction

[Live Progress] Done: 0 | Remaining: 630 | Failed: 0 | ETA: 0.0 min
  Active subjects:
    002_S_4171: Step 2/10: N4 bias field correction
    002_S_4213: Step 2/10: N4 bias field correction
    002_S_4225: Step 2/10: N4 bias field correction
    002_S_4229: Step 2/10: N4 bias field correction
    002_S_4270: Step 2/10: N4 bias field correction
    002_S_4447: Step 2/10: N4 bias field correction
    002_S_4473: Step 2/10: N4 bias field correction
    002_S_4654: Step 2/10: N4 bias field correction
    002_S_4746: Step 2/10: N4 bias field correction
    002_S_5018: Step 2/10: N4 bias field correction
    003_S_4288: Step 2/10: N4 bias field correction
    003_S_4350: Step 2/10: N4 bias field correction
    003_S_4441: Step 2/10: N4 bias field correction
    003_S_4872: Step 2/10: N4 bias field correction
    003_S_4900: Step 2/10: N4 bias field correction
    005_S_0221: Step 2/10: N4 bias field correction
    005_S_0222: Step 2/10: N4 bias field correction
    005_S_0546: Step 2/10: N4 bias field correction
    005_S_0610: Step 2/10: N4 bias field correction

[Live Progress] Done: 0 | Remaining: 630 | Failed: 0 | ETA: 0.0 min
  Active subjects:
    002_S_4171: Step 2/10: N4 bias field correction
    002_S_4213: Step 2/10: N4 bias field correction
    002_S_4225: Step 2/10: N4 bias field correction
    002_S_4229: Step 2/10: N4 bias field correction
    002_S_4270: Step 2/10: N4 bias field correction
    002_S_4447: Step 2/10: N4 bias field correction
    002_S_4473: Step 2/10: N4 bias field correction
    002_S_4654: Step 2/10: N4 bias field correction
    002_S_4746: Step 2/10: N4 bias field correction
    002_S_5018: Step 2/10: N4 bias field correction
    003_S_4288: Step 2/10: N4 bias field correction
    003_S_4350: Step 2/10: N4 bias field correction
    003_S_4441: Step 2/10: N4 bias field correction
    003_S_4872: Step 2/10: N4 bias field correction
    003_S_4900: Step 2/10: N4 bias field correction
    005_S_0221: Step 2/10: N4 bias field correction
    005_S_0222: Step 2/10: N4 bias field correction
    005_S_0546: Step 2/10: N4 bias field correction
    005_S_0610: Step 2/10: N4 bias field correction

[Live Progress] Done: 0 | Remaining: 630 | Failed: 0 | ETA: 0.0 min
  Active subjects:
    002_S_4171: Step 2/10: N4 bias field correction
    002_S_4213: Step 2/10: N4 bias field correction
    002_S_4225: Step 2/10: N4 bias field correction
    002_S_4229: Step 2/10: N4 bias field correction
    002_S_4270: Step 2/10: N4 bias field correction
    002_S_4447: Step 2/10: N4 bias field correction
    002_S_4473: Step 2/10: N4 bias field correction
    002_S_4654: Step 2/10: N4 bias field correction
    002_S_4746: Step 2/10: N4 bias field correction
    002_S_5018: Step 2/10: N4 bias field correction
    003_S_4288: Step 2/10: N4 bias field correction
    003_S_4350: Step 2/10: N4 bias field correction
    003_S_4441: Step 2/10: N4 bias field correction
    003_S_4872: Step 2/10: N4 bias field correction
    003_S_4900: Step 2/10: N4 bias field correction
    005_S_0221: Step 2/10: N4 bias field correction
    005_S_0222: Step 2/10: N4 bias field correction
    005_S_0546: Step 2/10: N4 bias field correction
    005_S_0610: Step 2/10: N4 bias field correction

[Live Progress] Done: 0 | Remaining: 630 | Failed: 0 | ETA: 0.0 min
  Active subjects:
    002_S_4171: Step 2/10: N4 bias field correction
    002_S_4213: Step 2/10: N4 bias field correction
    002_S_4225: Step 2/10: N4 bias field correction
    002_S_4229: Step 2/10: N4 bias field correction
    002_S_4270: Step 2/10: N4 bias field correction
    002_S_4447: Step 2/10: N4 bias field correction
    002_S_4473: Step 2/10: N4 bias field correction
    002_S_4654: Step 2/10: N4 bias field correction
    002_S_4746: Step 2/10: N4 bias field correction
    002_S_5018: Step 2/10: N4 bias field correction
    003_S_4288: Step 2/10: N4 bias field correction
    003_S_4350: Step 2/10: N4 bias field correction
    003_S_4441: Step 2/10: N4 bias field correction
    003_S_4872: Step 2/10: N4 bias field correction
    003_S_4900: Step 2/10: N4 bias field correction
    005_S_0221: Step 2/10: N4 bias field correction
    005_S_0222: Step 2/10: N4 bias field correction
    005_S_0546: Step 2/10: N4 bias field correction
    005_S_0610: Step 2/10: N4 bias field correction

[Live Progress] Done: 0 | Remaining: 630 | Failed: 0 | ETA: 0.0 min
  Active subjects:
    002_S_4171: Step 2/10: N4 bias field correction
    002_S_4213: Step 2/10: N4 bias field correction
    002_S_4225: Step 2/10: N4 bias field correction
    002_S_4229: Step 2/10: N4 bias field correction
    002_S_4270: Step 2/10: N4 bias field correction
    002_S_4447: Step 2/10: N4 bias field correction
    002_S_4473: Step 2/10: N4 bias field correction
    002_S_4654: Step 2/10: N4 bias field correction
    002_S_4746: Step 2/10: N4 bias field correction
    002_S_5018: Step 2/10: N4 bias field correction
    003_S_4288: Step 2/10: N4 bias field correction
    003_S_4350: Step 2/10: N4 bias field correction
    003_S_4441: Step 2/10: N4 bias field correction
    003_S_4872: Step 2/10: N4 bias field correction
    003_S_4900: Step 2/10: N4 bias field correction
    005_S_0221: Step 2/10: N4 bias field correction
    005_S_0222: Step 2/10: N4 bias field correction
    005_S_0546: Step 2/10: N4 bias field correction
    005_S_0610: Step 2/10: N4 bias field correction

[Live Progress] Done: 0 | Remaining: 630 | Failed: 0 | ETA: 0.0 min
  Active subjects:
    002_S_4171: Step 2/10: N4 bias field correction
    002_S_4213: Step 2/10: N4 bias field correction
    002_S_4225: Step 2/10: N4 bias field correction
    002_S_4229: Step 2/10: N4 bias field correction
    002_S_4270: Step 2/10: N4 bias field correction
    002_S_4447: Step 2/10: N4 bias field correction
    002_S_4473: Step 2/10: N4 bias field correction
    002_S_4654: Step 2/10: N4 bias field correction
    002_S_4746: Step 2/10: N4 bias field correction
    002_S_5018: Step 2/10: N4 bias field correction
    003_S_4288: Step 2/10: N4 bias field correction
    003_S_4350: Step 2/10: N4 bias field correction
    003_S_4441: Step 2/10: N4 bias field correction
    003_S_4872: Step 2/10: N4 bias field correction
    003_S_4900: Step 2/10: N4 bias field correction
    005_S_0221: Step 2/10: N4 bias field correction
    005_S_0222: Step 2/10: N4 bias field correction
    005_S_0546: Step 2/10: N4 bias field correction
    005_S_0610: Step 2/10: N4 bias field correction

[Live Progress] Done: 0 | Remaining: 630 | Failed: 0 | ETA: 0.0 min
  Active subjects:
    002_S_4171: Step 2/10: N4 bias field correction
    002_S_4213: Step 2/10: N4 bias field correction
    002_S_4225: Step 2/10: N4 bias field correction
    002_S_4229: Step 2/10: N4 bias field correction
    002_S_4270: Step 2/10: N4 bias field correction
    002_S_4447: Step 2/10: N4 bias field correction
    002_S_4473: Step 2/10: N4 bias field correction
    002_S_4654: Step 2/10: N4 bias field correction
    002_S_4746: Step 2/10: N4 bias field correction
    002_S_5018: Step 2/10: N4 bias field correction
    003_S_4288: Step 2/10: N4 bias field correction
    003_S_4350: Step 2/10: N4 bias field correction
    003_S_4441: Step 2/10: N4 bias field correction
    003_S_4872: Step 2/10: N4 bias field correction
    003_S_4900: Step 2/10: N4 bias field correction
    005_S_0221: Step 2/10: N4 bias field correction
    005_S_0222: Step 2/10: N4 bias field correction
    005_S_0546: Step 2/10: N4 bias field correction
    005_S_0610: Step 2/10: N4 bias field correction

[Live Progress] Done: 0 | Remaining: 630 | Failed: 0 | ETA: 0.0 min
  Active subjects:
    002_S_4171: Step 2/10: N4 bias field correction
    002_S_4213: Step 2/10: N4 bias field correction
    002_S_4225: Step 2/10: N4 bias field correction
    002_S_4229: Step 2/10: N4 bias field correction
    002_S_4270: Step 2/10: N4 bias field correction
    002_S_4447: Step 2/10: N4 bias field correction
    002_S_4473: Step 2/10: N4 bias field correction
    002_S_4654: Step 2/10: N4 bias field correction
    002_S_4746: Step 2/10: N4 bias field correction
    002_S_5018: Step 2/10: N4 bias field correction
    003_S_4288: Step 2/10: N4 bias field correction
    003_S_4350: Step 2/10: N4 bias field correction
    003_S_4441: Step 2/10: N4 bias field correction
    003_S_4872: Step 2/10: N4 bias field correction
    003_S_4900: Step 2/10: N4 bias field correction
    005_S_0221: Step 2/10: N4 bias field correction
    005_S_0222: Step 2/10: N4 bias field correction
    005_S_0546: Step 2/10: N4 bias field correction
    005_S_0610: Step 2/10: N4 bias field correction

[Live Progress] Done: 0 | Remaining: 630 | Failed: 0 | ETA: 0.0 min
  Active subjects:
    002_S_4171: Step 2/10: N4 bias field correction
    002_S_4213: Step 2/10: N4 bias field correction
    002_S_4225: Step 2/10: N4 bias field correction
    002_S_4229: Step 2/10: N4 bias field correction
    002_S_4270: Step 2/10: N4 bias field correction
    002_S_4447: Step 2/10: N4 bias field correction
    002_S_4473: Step 2/10: N4 bias field correction
    002_S_4654: Step 2/10: N4 bias field correction
    002_S_4746: Step 2/10: N4 bias field correction
    002_S_5018: Step 2/10: N4 bias field correction
    003_S_4288: Step 2/10: N4 bias field correction
    003_S_4350: Step 2/10: N4 bias field correction
    003_S_4441: Step 2/10: N4 bias field correction
    003_S_4872: Step 2/10: N4 bias field correction
    003_S_4900: Step 2/10: N4 bias field correction
    005_S_0221: Step 2/10: N4 bias field correction
    005_S_0222: Step 2/10: N4 bias field correction
    005_S_0546: Step 2/10: N4 bias field correction
    005_S_0610: Step 2/10: N4 bias field correction

[Live Progress] Done: 0 | Remaining: 630 | Failed: 0 | ETA: 0.0 min
  Active subjects:
    002_S_4171: Step 2/10: N4 bias field correction
    002_S_4213: Step 2/10: N4 bias field correction
    002_S_4225: Step 2/10: N4 bias field correction
    002_S_4229: Step 2/10: N4 bias field correction
    002_S_4270: Step 2/10: N4 bias field correction
    002_S_4447: Step 2/10: N4 bias field correction
    002_S_4473: Step 2/10: N4 bias field correction
    002_S_4654: Step 2/10: N4 bias field correction
    002_S_4746: Step 2/10: N4 bias field correction
    002_S_5018: Step 2/10: N4 bias field correction
    003_S_4288: Step 2/10: N4 bias field correction
    003_S_4350: Step 2/10: N4 bias field correction
    003_S_4441: Step 2/10: N4 bias field correction
    003_S_4872: Step 2/10: N4 bias field correction
    003_S_4900: Step 2/10: N4 bias field correction
    005_S_0221: Step 2/10: N4 bias field correction
    005_S_0222: Step 2/10: N4 bias field correction
    005_S_0546: Step 2/10: N4 bias field correction
    005_S_0610: Step 2/10: N4 bias field correction

[Live Progress] Done: 0 | Remaining: 630 | Failed: 0 | ETA: 0.0 min
  Active subjects:
    002_S_4171: Step 2/10: N4 bias field correction
    002_S_4213: Step 2/10: N4 bias field correction
    002_S_4225: Step 2/10: N4 bias field correction
    002_S_4229: Step 2/10: N4 bias field correction
    002_S_4270: Step 2/10: N4 bias field correction
    002_S_4447: Step 2/10: N4 bias field correction
    002_S_4473: Step 2/10: N4 bias field correction
    002_S_4654: Step 2/10: N4 bias field correction
    002_S_4746: Step 2/10: N4 bias field correction
    002_S_5018: Step 2/10: N4 bias field correction
    003_S_4288: Step 2/10: N4 bias field correction
    003_S_4350: Step 2/10: N4 bias field correction
    003_S_4441: Step 2/10: N4 bias field correction
    003_S_4872: Step 2/10: N4 bias field correction
    003_S_4900: Step 2/10: N4 bias field correction
    005_S_0221: Step 2/10: N4 bias field correction
    005_S_0222: Step 2/10: N4 bias field correction
    005_S_0546: Step 2/10: N4 bias field correction
    005_S_0610: Step 2/10: N4 bias field correction

[Live Progress] Done: 0 | Remaining: 630 | Failed: 0 | ETA: 0.0 min
  Active subjects:
    002_S_4171: Step 2/10: N4 bias field correction
    002_S_4213: Step 2/10: N4 bias field correction
    002_S_4225: Step 2/10: N4 bias field correction
    002_S_4229: Step 2/10: N4 bias field correction
    002_S_4270: Step 2/10: N4 bias field correction
    002_S_4447: Step 2/10: N4 bias field correction
    002_S_4473: Step 2/10: N4 bias field correction
    002_S_4654: Step 2/10: N4 bias field correction
    002_S_4746: Step 2/10: N4 bias field correction
    002_S_5018: Step 2/10: N4 bias field correction
    003_S_4288: Step 2/10: N4 bias field correction
    003_S_4350: Step 2/10: N4 bias field correction
    003_S_4441: Step 2/10: N4 bias field correction
    003_S_4872: Step 2/10: N4 bias field correction
    003_S_4900: Step 2/10: N4 bias field correction
    005_S_0221: Step 2/10: N4 bias field correction
    005_S_0222: Step 2/10: N4 bias field correction
    005_S_0546: Step 2/10: N4 bias field correction
    005_S_0610: Step 2/10: N4 bias field correction

[Live Progress] Done: 0 | Remaining: 630 | Failed: 0 | ETA: 0.0 min
  Active subjects:
    002_S_4171: Step 2/10: N4 bias field correction
    002_S_4213: Step 2/10: N4 bias field correction
    002_S_4225: Step 2/10: N4 bias field correction
    002_S_4229: Step 2/10: N4 bias field correction
    002_S_4270: Step 2/10: N4 bias field correction
    002_S_4447: Step 2/10: N4 bias field correction
    002_S_4473: Step 2/10: N4 bias field correction
    002_S_4654: Step 2/10: N4 bias field correction
    002_S_4746: Step 2/10: N4 bias field correction
    002_S_5018: Step 2/10: N4 bias field correction
    003_S_4288: Step 2/10: N4 bias field correction
    003_S_4350: Step 2/10: N4 bias field correction
    003_S_4441: Step 2/10: N4 bias field correction
    003_S_4872: Step 2/10: N4 bias field correction
    003_S_4900: Step 2/10: N4 bias field correction
    005_S_0221: Step 2/10: N4 bias field correction
    005_S_0222: Step 2/10: N4 bias field correction
    005_S_0546: Step 2/10: N4 bias field correction
    005_S_0610: Step 2/10: N4 bias field correction

[Live Progress] Done: 0 | Remaining: 630 | Failed: 0 | ETA: 0.0 min
  Active subjects:
    002_S_4171: Step 2/10: N4 bias field correction
    002_S_4213: Step 2/10: N4 bias field correction
    002_S_4225: Step 2/10: N4 bias field correction
    002_S_4229: Step 2/10: N4 bias field correction
    002_S_4270: Step 2/10: N4 bias field correction
    002_S_4447: Step 2/10: N4 bias field correction
    002_S_4473: Step 2/10: N4 bias field correction
    002_S_4654: Step 2/10: N4 bias field correction
    002_S_4746: Step 2/10: N4 bias field correction
    002_S_5018: Step 2/10: N4 bias field correction
    003_S_4288: Step 2/10: N4 bias field correction
    003_S_4350: Step 2/10: N4 bias field correction
    003_S_4441: Step 2/10: N4 bias field correction
    003_S_4872: Step 2/10: N4 bias field correction
    003_S_4900: Step 2/10: N4 bias field correction
    005_S_0221: Step 2/10: N4 bias field correction
    005_S_0222: Step 2/10: N4 bias field correction
    005_S_0546: Step 2/10: N4 bias field correction
    005_S_0610: Step 2/10: N4 bias field correction

[Live Progress] Done: 0 | Remaining: 630 | Failed: 0 | ETA: 0.0 min
  Active subjects:
    002_S_4171: Step 2/10: N4 bias field correction
    002_S_4213: Step 2/10: N4 bias field correction
    002_S_4225: Step 2/10: N4 bias field correction
    002_S_4229: Step 2/10: N4 bias field correction
    002_S_4270: Step 2/10: N4 bias field correction
    002_S_4447: Step 2/10: N4 bias field correction
    002_S_4473: Step 2/10: N4 bias field correction
    002_S_4654: Step 2/10: N4 bias field correction
    002_S_4746: Step 2/10: N4 bias field correction
    002_S_5018: Step 2/10: N4 bias field correction
    003_S_4288: Step 2/10: N4 bias field correction
    003_S_4350: Step 2/10: N4 bias field correction
    003_S_4441: Step 2/10: N4 bias field correction
    003_S_4872: Step 2/10: N4 bias field correction
    003_S_4900: Step 2/10: N4 bias field correction
    005_S_0221: Step 2/10: N4 bias field correction
    005_S_0222: Step 2/10: N4 bias field correction
    005_S_0546: Step 2/10: N4 bias field correction
    005_S_0610: Step 2/10: N4 bias field correction

[Live Progress] Done: 0 | Remaining: 630 | Failed: 0 | ETA: 0.0 min
  Active subjects:
    002_S_4171: Step 2/10: N4 bias field correction
    002_S_4213: Step 2/10: N4 bias field correction
    002_S_4225: Step 2/10: N4 bias field correction
    002_S_4229: Step 2/10: N4 bias field correction
    002_S_4270: Step 2/10: N4 bias field correction
    002_S_4447: Step 2/10: N4 bias field correction
    002_S_4473: Step 2/10: N4 bias field correction
    002_S_4654: Step 2/10: N4 bias field correction
    002_S_4746: Step 2/10: N4 bias field correction
    002_S_5018: Step 2/10: N4 bias field correction
    003_S_4288: Step 2/10: N4 bias field correction
    003_S_4350: Step 2/10: N4 bias field correction
    003_S_4441: Step 2/10: N4 bias field correction
    003_S_4872: Step 2/10: N4 bias field correction
    003_S_4900: Step 2/10: N4 bias field correction
    005_S_0221: Step 2/10: N4 bias field correction
    005_S_0222: Step 2/10: N4 bias field correction
    005_S_0546: Step 2/10: N4 bias field correction
    005_S_0610: Step 2/10: N4 bias field correction

[Live Progress] Done: 0 | Remaining: 630 | Failed: 0 | ETA: 0.0 min
  Active subjects:
    002_S_4171: Step 2/10: N4 bias field correction
    002_S_4213: Step 2/10: N4 bias field correction
    002_S_4225: Step 2/10: N4 bias field correction
    002_S_4229: Step 2/10: N4 bias field correction
    002_S_4270: Step 2/10: N4 bias field correction
    002_S_4447: Step 2/10: N4 bias field correction
    002_S_4473: Step 2/10: N4 bias field correction
    002_S_4654: Step 2/10: N4 bias field correction
    002_S_4746: Step 2/10: N4 bias field correction
    002_S_5018: Step 2/10: N4 bias field correction
    003_S_4288: Step 2/10: N4 bias field correction
    003_S_4350: Step 2/10: N4 bias field correction
    003_S_4441: Step 2/10: N4 bias field correction
    003_S_4872: Step 2/10: N4 bias field correction
    003_S_4900: Step 2/10: N4 bias field correction
    005_S_0221: Step 2/10: N4 bias field correction
    005_S_0222: Step 2/10: N4 bias field correction
    005_S_0546: Step 2/10: N4 bias field correction
    005_S_0610: Step 2/10: N4 bias field correction

[Live Progress] Done: 0 | Remaining: 630 | Failed: 0 | ETA: 0.0 min
  Active subjects:
    002_S_4171: Step 2/10: N4 bias field correction
    002_S_4213: Step 2/10: N4 bias field correction
    002_S_4225: Step 2/10: N4 bias field correction
    002_S_4229: Step 2/10: N4 bias field correction
    002_S_4270: Step 2/10: N4 bias field correction
    002_S_4447: Step 2/10: N4 bias field correction
    002_S_4473: Step 2/10: N4 bias field correction
    002_S_4654: Step 2/10: N4 bias field correction
    002_S_4746: Step 2/10: N4 bias field correction
    002_S_5018: Step 2/10: N4 bias field correction
    003_S_4288: Step 2/10: N4 bias field correction
    003_S_4350: Step 2/10: N4 bias field correction
    003_S_4441: Step 2/10: N4 bias field correction
    003_S_4872: Step 2/10: N4 bias field correction
    003_S_4900: Step 2/10: N4 bias field correction
    005_S_0221: Step 2/10: N4 bias field correction
    005_S_0222: Step 2/10: N4 bias field correction
    005_S_0546: Step 2/10: N4 bias field correction
    005_S_0610: Step 2/10: N4 bias field correction

[Live Progress] Done: 0 | Remaining: 630 | Failed: 0 | ETA: 0.0 min
  Active subjects:
    002_S_4171: Step 2/10: N4 bias field correction
    002_S_4213: Step 2/10: N4 bias field correction
    002_S_4225: Step 2/10: N4 bias field correction
    002_S_4229: Step 2/10: N4 bias field correction
    002_S_4270: Step 2/10: N4 bias field correction
    002_S_4447: Step 2/10: N4 bias field correction
    002_S_4473: Step 2/10: N4 bias field correction
    002_S_4654: Step 2/10: N4 bias field correction
    002_S_4746: Step 2/10: N4 bias field correction
    002_S_5018: Step 2/10: N4 bias field correction
    003_S_4288: Step 2/10: N4 bias field correction
    003_S_4350: Step 2/10: N4 bias field correction
    003_S_4441: Step 2/10: N4 bias field correction
    003_S_4872: Step 2/10: N4 bias field correction
    003_S_4900: Step 2/10: N4 bias field correction
    005_S_0221: Step 2/10: N4 bias field correction
    005_S_0222: Step 2/10: N4 bias field correction
    005_S_0546: Step 2/10: N4 bias field correction
    005_S_0610: Step 2/10: N4 bias field correction

[Live Progress] Done: 0 | Remaining: 630 | Failed: 0 | ETA: 0.0 min
  Active subjects:
    002_S_4171: Step 2/10: N4 bias field correction
    002_S_4213: Step 2/10: N4 bias field correction
    002_S_4225: Step 2/10: N4 bias field correction
    002_S_4229: Step 2/10: N4 bias field correction
    002_S_4270: Step 2/10: N4 bias field correction
    002_S_4447: Step 2/10: N4 bias field correction
    002_S_4473: Step 2/10: N4 bias field correction
    002_S_4654: Step 2/10: N4 bias field correction
    002_S_4746: Step 2/10: N4 bias field correction
    002_S_5018: Step 2/10: N4 bias field correction
    003_S_4288: Step 2/10: N4 bias field correction
    003_S_4350: Step 2/10: N4 bias field correction
    003_S_4441: Step 2/10: N4 bias field correction
    003_S_4872: Step 2/10: N4 bias field correction
    003_S_4900: Step 2/10: N4 bias field correction
    005_S_0221: Step 2/10: N4 bias field correction
    005_S_0222: Step 2/10: N4 bias field correction
    005_S_0546: Step 2/10: N4 bias field correction
    005_S_0610: Step 2/10: N4 bias field correction

[Live Progress] Done: 0 | Remaining: 630 | Failed: 0 | ETA: 0.0 min
  Active subjects:
    002_S_4171: Step 2/10: N4 bias field correction
    002_S_4213: Step 2/10: N4 bias field correction
    002_S_4225: Step 2/10: N4 bias field correction
    002_S_4229: Step 2/10: N4 bias field correction
    002_S_4270: Step 2/10: N4 bias field correction
    002_S_4447: Step 2/10: N4 bias field correction
    002_S_4473: Step 2/10: N4 bias field correction
    002_S_4654: Step 2/10: N4 bias field correction
    002_S_4746: Step 2/10: N4 bias field correction
    002_S_5018: Step 2/10: N4 bias field correction
    003_S_4288: Step 2/10: N4 bias field correction
    003_S_4350: Step 2/10: N4 bias field correction
    003_S_4441: Step 2/10: N4 bias field correction
    003_S_4872: Step 2/10: N4 bias field correction
    003_S_4900: Step 2/10: N4 bias field correction
    005_S_0221: Step 2/10: N4 bias field correction
    005_S_0222: Step 2/10: N4 bias field correction
    005_S_0546: Step 2/10: N4 bias field correction
    005_S_0610: Step 2/10: N4 bias field correction

[Live Progress] Done: 0 | Remaining: 630 | Failed: 0 | ETA: 0.0 min
  Active subjects:
    002_S_4171: Step 2/10: N4 bias field correction
    002_S_4213: Step 2/10: N4 bias field correction
    002_S_4225: Step 2/10: N4 bias field correction
    002_S_4229: Step 2/10: N4 bias field correction
    002_S_4270: Step 2/10: N4 bias field correction
    002_S_4447: Step 2/10: N4 bias field correction
    002_S_4473: Step 2/10: N4 bias field correction
    002_S_4654: Step 2/10: N4 bias field correction
    002_S_4746: Step 2/10: N4 bias field correction
    002_S_5018: Step 2/10: N4 bias field correction
    003_S_4288: Step 2/10: N4 bias field correction
    003_S_4350: Step 2/10: N4 bias field correction
    003_S_4441: Step 2/10: N4 bias field correction
    003_S_4872: Step 2/10: N4 bias field correction
    003_S_4900: Step 2/10: N4 bias field correction
    005_S_0221: Step 2/10: N4 bias field correction
    005_S_0222: Step 2/10: N4 bias field correction
    005_S_0546: Step 2/10: N4 bias field correction
    005_S_0610: Step 2/10: N4 bias field correction

[Live Progress] Done: 0 | Remaining: 630 | Failed: 0 | ETA: 0.0 min
  Active subjects:
    002_S_4171: Step 2/10: N4 bias field correction
    002_S_4213: Step 2/10: N4 bias field correction
    002_S_4225: Step 2/10: N4 bias field correction
    002_S_4229: Step 2/10: N4 bias field correction
    002_S_4270: Step 2/10: N4 bias field correction
    002_S_4447: Step 2/10: N4 bias field correction
    002_S_4473: Step 2/10: N4 bias field correction
    002_S_4654: Step 2/10: N4 bias field correction
    002_S_4746: Step 2/10: N4 bias field correction
    002_S_5018: Step 2/10: N4 bias field correction
    003_S_4288: Step 2/10: N4 bias field correction
    003_S_4350: Step 2/10: N4 bias field correction
    003_S_4441: Step 2/10: N4 bias field correction
    003_S_4872: Step 2/10: N4 bias field correction
    003_S_4900: Step 2/10: N4 bias field correction
    005_S_0221: Step 2/10: N4 bias field correction
    005_S_0222: Step 2/10: N4 bias field correction
    005_S_0546: Step 2/10: N4 bias field correction
    005_S_0610: Step 2/10: N4 bias field correction

[Live Progress] Done: 0 | Remaining: 630 | Failed: 0 | ETA: 0.0 min
  Active subjects:
    002_S_4171: Step 2/10: N4 bias field correction
    002_S_4213: Step 2/10: N4 bias field correction
    002_S_4225: Step 2/10: N4 bias field correction
    002_S_4229: Step 2/10: N4 bias field correction
    002_S_4270: Step 2/10: N4 bias field correction
    002_S_4447: Step 2/10: N4 bias field correction
    002_S_4473: Step 2/10: N4 bias field correction
    002_S_4654: Step 2/10: N4 bias field correction
    002_S_4746: Step 2/10: N4 bias field correction
    002_S_5018: Step 2/10: N4 bias field correction
    003_S_4288: Step 2/10: N4 bias field correction
    003_S_4350: Step 2/10: N4 bias field correction
    003_S_4441: Step 2/10: N4 bias field correction
    003_S_4872: Step 2/10: N4 bias field correction
    003_S_4900: Step 2/10: N4 bias field correction
    005_S_0221: Step 2/10: N4 bias field correction
    005_S_0222: Step 2/10: N4 bias field correction
    005_S_0546: Step 2/10: N4 bias field correction
    005_S_0610: Step 2/10: N4 bias field correction

[Live Progress] Done: 0 | Remaining: 630 | Failed: 0 | ETA: 0.0 min
  Active subjects:
    002_S_4171: Step 2/10: N4 bias field correction
    002_S_4213: Step 2/10: N4 bias field correction
    002_S_4225: Step 2/10: N4 bias field correction
    002_S_4229: Step 2/10: N4 bias field correction
    002_S_4270: Step 2/10: N4 bias field correction
    002_S_4447: Step 2/10: N4 bias field correction
    002_S_4473: Step 2/10: N4 bias field correction
    002_S_4654: Step 2/10: N4 bias field correction
    002_S_4746: Step 2/10: N4 bias field correction
    002_S_5018: Step 2/10: N4 bias field correction
    003_S_4288: Step 2/10: N4 bias field correction
    003_S_4350: Step 2/10: N4 bias field correction
    003_S_4441: Step 2/10: N4 bias field correction
    003_S_4872: Step 2/10: N4 bias field correction
    003_S_4900: Step 2/10: N4 bias field correction
    005_S_0221: Step 2/10: N4 bias field correction
    005_S_0222: Step 2/10: N4 bias field correction
    005_S_0546: Step 2/10: N4 bias field correction
    005_S_0610: Step 2/10: N4 bias field correction

[Live Progress] Done: 0 | Remaining: 630 | Failed: 0 | ETA: 0.0 min
  Active subjects:
    002_S_4171: Step 2/10: N4 bias field correction
    002_S_4213: Step 2/10: N4 bias field correction
    002_S_4225: Step 2/10: N4 bias field correction
    002_S_4229: Step 2/10: N4 bias field correction
    002_S_4270: Step 2/10: N4 bias field correction
    002_S_4447: Step 2/10: N4 bias field correction
    002_S_4473: Step 2/10: N4 bias field correction
    002_S_4654: Step 2/10: N4 bias field correction
    002_S_4746: Step 2/10: N4 bias field correction
    002_S_5018: Step 2/10: N4 bias field correction
    003_S_4288: Step 2/10: N4 bias field correction
    003_S_4350: Step 2/10: N4 bias field correction
    003_S_4441: Step 2/10: N4 bias field correction
    003_S_4872: Step 2/10: N4 bias field correction
    003_S_4900: Step 2/10: N4 bias field correction
    005_S_0221: Step 2/10: N4 bias field correction
    005_S_0222: Step 2/10: N4 bias field correction
    005_S_0546: Step 2/10: N4 bias field correction
    005_S_0610: Step 2/10: N4 bias field correction

[Live Progress] Done: 0 | Remaining: 630 | Failed: 0 | ETA: 0.0 min
  Active subjects:
    002_S_4171: Step 2/10: N4 bias field correction
    002_S_4213: Step 2/10: N4 bias field correction
    002_S_4225: Step 2/10: N4 bias field correction
    002_S_4229: Step 2/10: N4 bias field correction
    002_S_4270: Step 2/10: N4 bias field correction
    002_S_4447: Step 2/10: N4 bias field correction
    002_S_4473: Step 2/10: N4 bias field correction
    002_S_4654: Step 2/10: N4 bias field correction
    002_S_4746: Step 2/10: N4 bias field correction
    002_S_5018: Step 2/10: N4 bias field correction
    003_S_4288: Step 2/10: N4 bias field correction
    003_S_4350: Step 2/10: N4 bias field correction
    003_S_4441: Step 2/10: N4 bias field correction
    003_S_4872: Step 2/10: N4 bias field correction
    003_S_4900: Step 2/10: N4 bias field correction
    005_S_0221: Step 2/10: N4 bias field correction
    005_S_0222: Step 2/10: N4 bias field correction
    005_S_0546: Step 2/10: N4 bias field correction
    005_S_0610: Step 2/10: N4 bias field correction

[Live Progress] Done: 0 | Remaining: 630 | Failed: 0 | ETA: 0.0 min
  Active subjects:
    002_S_4171: Step 2/10: N4 bias field correction
    002_S_4213: Step 2/10: N4 bias field correction
    002_S_4225: Step 2/10: N4 bias field correction
    002_S_4229: Step 2/10: N4 bias field correction
    002_S_4270: Step 2/10: N4 bias field correction
    002_S_4447: Step 2/10: N4 bias field correction
    002_S_4473: Step 2/10: N4 bias field correction
    002_S_4654: Step 2/10: N4 bias field correction
    002_S_4746: Step 2/10: N4 bias field correction
    002_S_5018: Step 2/10: N4 bias field correction
    003_S_4288: Step 2/10: N4 bias field correction
    003_S_4350: Step 2/10: N4 bias field correction
    003_S_4441: Step 2/10: N4 bias field correction
    003_S_4872: Step 2/10: N4 bias field correction
    003_S_4900: Step 2/10: N4 bias field correction
    005_S_0221: Step 2/10: N4 bias field correction
    005_S_0222: Step 2/10: N4 bias field correction
    005_S_0546: Step 2/10: N4 bias field correction
    005_S_0610: Step 2/10: N4 bias field correction

[Live Progress] Done: 0 | Remaining: 630 | Failed: 0 | ETA: 0.0 min
  Active subjects:
    002_S_4171: Step 2/10: N4 bias field correction
    002_S_4213: Step 2/10: N4 bias field correction
    002_S_4225: Step 2/10: N4 bias field correction
    002_S_4229: Step 2/10: N4 bias field correction
    002_S_4270: Step 2/10: N4 bias field correction
    002_S_4447: Step 2/10: N4 bias field correction
    002_S_4473: Step 2/10: N4 bias field correction
    002_S_4654: Step 2/10: N4 bias field correction
    002_S_4746: Step 2/10: N4 bias field correction
    002_S_5018: Step 2/10: N4 bias field correction
    003_S_4288: Step 2/10: N4 bias field correction
    003_S_4350: Step 2/10: N4 bias field correction
    003_S_4441: Step 2/10: N4 bias field correction
    003_S_4872: Step 2/10: N4 bias field correction
    003_S_4900: Step 2/10: N4 bias field correction
    005_S_0221: Step 2/10: N4 bias field correction
    005_S_0222: Step 2/10: N4 bias field correction
    005_S_0546: Step 2/10: N4 bias field correction
    005_S_0610: Step 2/10: N4 bias field correction

[Live Progress] Done: 0 | Remaining: 630 | Failed: 0 | ETA: 0.0 min
  Active subjects:
    002_S_4171: Step 2/10: N4 bias field correction
    002_S_4213: Step 2/10: N4 bias field correction
    002_S_4225: Step 2/10: N4 bias field correction
    002_S_4229: Step 2/10: N4 bias field correction
    002_S_4270: Step 2/10: N4 bias field correction
    002_S_4447: Step 2/10: N4 bias field correction
    002_S_4473: Step 2/10: N4 bias field correction
    002_S_4654: Step 2/10: N4 bias field correction
    002_S_4746: Step 2/10: N4 bias field correction
    002_S_5018: Step 2/10: N4 bias field correction
    003_S_4288: Step 2/10: N4 bias field correction
    003_S_4350: Step 2/10: N4 bias field correction
    003_S_4441: Step 2/10: N4 bias field correction
    003_S_4872: Step 2/10: N4 bias field correction
    003_S_4900: Step 2/10: N4 bias field correction
    005_S_0221: Step 2/10: N4 bias field correction
    005_S_0222: Step 2/10: N4 bias field correction
    005_S_0546: Step 2/10: N4 bias field correction
    005_S_0610: Step 2/10: N4 bias field correction

[Live Progress] Done: 0 | Remaining: 630 | Failed: 0 | ETA: 0.0 min
  Active subjects:
    002_S_4171: Step 2/10: N4 bias field correction
    002_S_4213: Step 2/10: N4 bias field correction
    002_S_4225: Step 2/10: N4 bias field correction
    002_S_4229: Step 2/10: N4 bias field correction
    002_S_4270: Step 2/10: N4 bias field correction
    002_S_4447: Step 2/10: N4 bias field correction
    002_S_4473: Step 2/10: N4 bias field correction
    002_S_4654: Step 2/10: N4 bias field correction
    002_S_4746: Step 2/10: N4 bias field correction
    002_S_5018: Step 2/10: N4 bias field correction
    003_S_4288: Step 2/10: N4 bias field correction
    003_S_4350: Step 2/10: N4 bias field correction
    003_S_4441: Step 2/10: N4 bias field correction
    003_S_4872: Step 2/10: N4 bias field correction
    003_S_4900: Step 2/10: N4 bias field correction
    005_S_0221: Step 2/10: N4 bias field correction
    005_S_0222: Step 2/10: N4 bias field correction
    005_S_0546: Step 2/10: N4 bias field correction
    005_S_0610: Step 2/10: N4 bias field correction

[Live Progress] Done: 0 | Remaining: 630 | Failed: 0 | ETA: 0.0 min
  Active subjects:
    002_S_4171: Step 2/10: N4 bias field correction
    002_S_4213: Step 2/10: N4 bias field correction
    002_S_4225: Step 2/10: N4 bias field correction
    002_S_4229: Step 2/10: N4 bias field correction
    002_S_4270: Step 2/10: N4 bias field correction
    002_S_4447: Step 2/10: N4 bias field correction
    002_S_4473: Step 2/10: N4 bias field correction
    002_S_4654: Step 2/10: N4 bias field correction
    002_S_4746: Step 2/10: N4 bias field correction
    002_S_5018: Step 2/10: N4 bias field correction
    003_S_4288: Step 2/10: N4 bias field correction
    003_S_4350: Step 2/10: N4 bias field correction
    003_S_4441: Step 2/10: N4 bias field correction
    003_S_4872: Step 2/10: N4 bias field correction
    003_S_4900: Step 2/10: N4 bias field correction
    005_S_0221: Step 2/10: N4 bias field correction
    005_S_0222: Step 2/10: N4 bias field correction
    005_S_0546: Step 2/10: N4 bias field correction
    005_S_0610: Step 2/10: N4 bias field correction

[Live Progress] Done: 0 | Remaining: 630 | Failed: 0 | ETA: 0.0 min
  Active subjects:
    002_S_4171: Step 2/10: N4 bias field correction
    002_S_4213: Step 2/10: N4 bias field correction
    002_S_4225: Step 2/10: N4 bias field correction
    002_S_4229: Step 2/10: N4 bias field correction
    002_S_4270: Step 2/10: N4 bias field correction
    002_S_4447: Step 2/10: N4 bias field correction
    002_S_4473: Step 2/10: N4 bias field correction
    002_S_4654: Step 2/10: N4 bias field correction
    002_S_4746: Step 2/10: N4 bias field correction
    002_S_5018: Step 2/10: N4 bias field correction
    003_S_4288: Step 2/10: N4 bias field correction
    003_S_4350: Step 2/10: N4 bias field correction
    003_S_4441: Step 2/10: N4 bias field correction
    003_S_4872: Step 2/10: N4 bias field correction
    003_S_4900: Step 2/10: N4 bias field correction
    005_S_0221: Step 2/10: N4 bias field correction
    005_S_0222: Step 2/10: N4 bias field correction
    005_S_0546: Step 2/10: N4 bias field correction
    005_S_0610: Step 2/10: N4 bias field correction

[Live Progress] Done: 0 | Remaining: 630 | Failed: 0 | ETA: 0.0 min
  Active subjects:
    002_S_4171: Step 2/10: N4 bias field correction
    002_S_4213: Step 2/10: N4 bias field correction
    002_S_4225: Step 2/10: N4 bias field correction
    002_S_4229: Step 2/10: N4 bias field correction
    002_S_4270: Step 2/10: N4 bias field correction
    002_S_4447: Step 2/10: N4 bias field correction
    002_S_4473: Step 2/10: N4 bias field correction
    002_S_4654: Step 2/10: N4 bias field correction
    002_S_4746: Step 2/10: N4 bias field correction
    002_S_5018: Step 2/10: N4 bias field correction
    003_S_4288: Step 2/10: N4 bias field correction
    003_S_4350: Step 2/10: N4 bias field correction
    003_S_4441: Step 2/10: N4 bias field correction
    003_S_4872: Step 2/10: N4 bias field correction
    003_S_4900: Step 2/10: N4 bias field correction
    005_S_0221: Step 2/10: N4 bias field correction
    005_S_0222: Step 2/10: N4 bias field correction
    005_S_0546: Step 2/10: N4 bias field correction
    005_S_0610: Step 2/10: N4 bias field correction

[Live Progress] Done: 0 | Remaining: 630 | Failed: 0 | ETA: 0.0 min
  Active subjects:
    002_S_4171: Step 2/10: N4 bias field correction
    002_S_4213: Step 2/10: N4 bias field correction
    002_S_4225: Step 2/10: N4 bias field correction
    002_S_4229: Step 2/10: N4 bias field correction
    002_S_4270: Step 2/10: N4 bias field correction
    002_S_4447: Step 2/10: N4 bias field correction
    002_S_4473: Step 2/10: N4 bias field correction
    002_S_4654: Step 2/10: N4 bias field correction
    002_S_4746: Step 2/10: N4 bias field correction
    002_S_5018: Step 2/10: N4 bias field correction
    003_S_4288: Step 2/10: N4 bias field correction
    003_S_4350: Step 2/10: N4 bias field correction
    003_S_4441: Step 2/10: N4 bias field correction
    003_S_4872: Step 2/10: N4 bias field correction
    003_S_4900: Step 2/10: N4 bias field correction
    005_S_0221: Step 2/10: N4 bias field correction
    005_S_0222: Step 2/10: N4 bias field correction
    005_S_0546: Step 2/10: N4 bias field correction
    005_S_0610: Step 2/10: N4 bias field correction

[Live Progress] Done: 0 | Remaining: 630 | Failed: 0 | ETA: 0.0 min
  Active subjects:
    002_S_4171: Step 2/10: N4 bias field correction
    002_S_4213: Step 2/10: N4 bias field correction
    002_S_4225: Step 2/10: N4 bias field correction
    002_S_4229: Step 2/10: N4 bias field correction
    002_S_4270: Step 2/10: N4 bias field correction
    002_S_4447: Step 2/10: N4 bias field correction
    002_S_4473: Step 2/10: N4 bias field correction
    002_S_4654: Step 2/10: N4 bias field correction
    002_S_4746: Step 2/10: N4 bias field correction
    002_S_5018: Step 2/10: N4 bias field correction
    003_S_4288: Step 2/10: N4 bias field correction
    003_S_4350: Step 2/10: N4 bias field correction
    003_S_4441: Step 2/10: N4 bias field correction
    003_S_4872: Step 2/10: N4 bias field correction
    003_S_4900: Step 2/10: N4 bias field correction
    005_S_0221: Step 2/10: N4 bias field correction
    005_S_0222: Step 2/10: N4 bias field correction
    005_S_0546: Step 2/10: N4 bias field correction
    005_S_0610: Step 2/10: N4 bias field correction

[Live Progress] Done: 0 | Remaining: 630 | Failed: 0 | ETA: 0.0 min
  Active subjects:
    002_S_4171: Step 2/10: N4 bias field correction
    002_S_4213: Step 2/10: N4 bias field correction
    002_S_4225: Step 2/10: N4 bias field correction
    002_S_4229: Step 2/10: N4 bias field correction
    002_S_4270: Step 2/10: N4 bias field correction
    002_S_4447: Step 2/10: N4 bias field correction
    002_S_4473: Step 2/10: N4 bias field correction
    002_S_4654: Step 2/10: N4 bias field correction
    002_S_4746: Step 2/10: N4 bias field correction
    002_S_5018: Step 2/10: N4 bias field correction
    003_S_4288: Step 2/10: N4 bias field correction
    003_S_4350: Step 2/10: N4 bias field correction
    003_S_4441: Step 2/10: N4 bias field correction
    003_S_4872: Step 2/10: N4 bias field correction
    003_S_4900: Step 2/10: N4 bias field correction
    005_S_0221: Step 2/10: N4 bias field correction
    005_S_0222: Step 2/10: N4 bias field correction
    005_S_0546: Step 2/10: N4 bias field correction
    005_S_0610: Step 2/10: N4 bias field correction

[Live Progress] Done: 0 | Remaining: 630 | Failed: 0 | ETA: 0.0 min
  Active subjects:
    002_S_4171: Step 2/10: N4 bias field correction
    002_S_4213: Step 2/10: N4 bias field correction
    002_S_4225: Step 2/10: N4 bias field correction
    002_S_4229: Step 2/10: N4 bias field correction
    002_S_4270: Step 2/10: N4 bias field correction
    002_S_4447: Step 2/10: N4 bias field correction
    002_S_4473: Step 2/10: N4 bias field correction
    002_S_4654: Step 2/10: N4 bias field correction
    002_S_4746: Step 2/10: N4 bias field correction
    002_S_5018: Step 2/10: N4 bias field correction
    003_S_4288: Step 2/10: N4 bias field correction
    003_S_4350: Step 2/10: N4 bias field correction
    003_S_4441: Step 2/10: N4 bias field correction
    003_S_4872: Step 2/10: N4 bias field correction
    003_S_4900: Step 2/10: N4 bias field correction
    005_S_0221: Step 2/10: N4 bias field correction
    005_S_0222: Step 2/10: N4 bias field correction
    005_S_0546: Step 2/10: N4 bias field correction
    005_S_0610: Step 2/10: N4 bias field correction

[Live Progress] Done: 0 | Remaining: 630 | Failed: 0 | ETA: 0.0 min
  Active subjects:
    002_S_4171: Step 2/10: N4 bias field correction
    002_S_4213: Step 2/10: N4 bias field correction
    002_S_4225: Step 2/10: N4 bias field correction
    002_S_4229: Step 2/10: N4 bias field correction
    002_S_4270: Step 2/10: N4 bias field correction
    002_S_4447: Step 2/10: N4 bias field correction
    002_S_4473: Step 2/10: N4 bias field correction
    002_S_4654: Step 2/10: N4 bias field correction
    002_S_4746: Step 2/10: N4 bias field correction
    002_S_5018: Step 2/10: N4 bias field correction
    003_S_4288: Step 2/10: N4 bias field correction
    003_S_4350: Step 2/10: N4 bias field correction
    003_S_4441: Step 2/10: N4 bias field correction
    003_S_4872: Step 2/10: N4 bias field correction
    003_S_4900: Step 2/10: N4 bias field correction
    005_S_0221: Step 2/10: N4 bias field correction
    005_S_0222: Step 2/10: N4 bias field correction
    005_S_0546: Step 2/10: N4 bias field correction
    005_S_0610: Step 2/10: N4 bias field correction

[Live Progress] Done: 0 | Remaining: 630 | Failed: 0 | ETA: 0.0 min
  Active subjects:
    002_S_4171: Step 2/10: N4 bias field correction
    002_S_4213: Step 2/10: N4 bias field correction
    002_S_4225: Step 2/10: N4 bias field correction
    002_S_4229: Step 2/10: N4 bias field correction
    002_S_4270: Step 2/10: N4 bias field correction
    002_S_4447: Step 2/10: N4 bias field correction
    002_S_4473: Step 2/10: N4 bias field correction
    002_S_4654: Step 2/10: N4 bias field correction
    002_S_4746: Step 2/10: N4 bias field correction
    002_S_5018: Step 2/10: N4 bias field correction
    003_S_4288: Step 2/10: N4 bias field correction
    003_S_4350: Step 2/10: N4 bias field correction
    003_S_4441: Step 2/10: N4 bias field correction
    003_S_4872: Step 2/10: N4 bias field correction
    003_S_4900: Step 2/10: N4 bias field correction
    005_S_0221: Step 2/10: N4 bias field correction
    005_S_0222: Step 2/10: N4 bias field correction
    005_S_0546: Step 2/10: N4 bias field correction
    005_S_0610: Step 2/10: N4 bias field correction

[Live Progress] Done: 0 | Remaining: 630 | Failed: 0 | ETA: 0.0 min
  Active subjects:
    002_S_4171: Step 2/10: N4 bias field correction
    002_S_4213: Step 2/10: N4 bias field correction
    002_S_4225: Step 2/10: N4 bias field correction
    002_S_4229: Step 2/10: N4 bias field correction
    002_S_4270: Step 2/10: N4 bias field correction
    002_S_4447: Step 2/10: N4 bias field correction
    002_S_4473: Step 2/10: N4 bias field correction
    002_S_4654: Step 2/10: N4 bias field correction
    002_S_4746: Step 2/10: N4 bias field correction
    002_S_5018: Step 2/10: N4 bias field correction
    003_S_4288: Step 2/10: N4 bias field correction
    003_S_4350: Step 2/10: N4 bias field correction
    003_S_4441: Step 2/10: N4 bias field correction
    003_S_4872: Step 2/10: N4 bias field correction
    003_S_4900: Step 2/10: N4 bias field correction
    005_S_0221: Step 2/10: N4 bias field correction
    005_S_0222: Step 2/10: N4 bias field correction
    005_S_0546: Step 2/10: N4 bias field correction
    005_S_0610: Step 2/10: N4 bias field correction

[Live Progress] Done: 0 | Remaining: 630 | Failed: 0 | ETA: 0.0 min
  Active subjects:
    002_S_4171: Step 2/10: N4 bias field correction
    002_S_4213: Step 2/10: N4 bias field correction
    002_S_4225: Step 2/10: N4 bias field correction
    002_S_4229: Step 2/10: N4 bias field correction
    002_S_4270: Step 2/10: N4 bias field correction
    002_S_4447: Step 2/10: N4 bias field correction
    002_S_4473: Step 2/10: N4 bias field correction
    002_S_4654: Step 2/10: N4 bias field correction
    002_S_4746: Step 2/10: N4 bias field correction
    002_S_5018: Step 2/10: N4 bias field correction
    003_S_4288: Step 2/10: N4 bias field correction
    003_S_4350: Step 2/10: N4 bias field correction
    003_S_4441: Step 2/10: N4 bias field correction
    003_S_4872: Step 2/10: N4 bias field correction
    003_S_4900: Step 2/10: N4 bias field correction
    005_S_0221: Step 2/10: N4 bias field correction
    005_S_0222: Step 2/10: N4 bias field correction
    005_S_0546: Step 2/10: N4 bias field correction
    005_S_0610: Step 2/10: N4 bias field correction

[Live Progress] Done: 0 | Remaining: 630 | Failed: 0 | ETA: 0.0 min
  Active subjects:
    002_S_4171: Step 2/10: N4 bias field correction
    002_S_4213: Step 2/10: N4 bias field correction
    002_S_4225: Step 2/10: N4 bias field correction
    002_S_4229: Step 2/10: N4 bias field correction
    002_S_4270: Step 2/10: N4 bias field correction
    002_S_4447: Step 2/10: N4 bias field correction
    002_S_4473: Step 2/10: N4 bias field correction
    002_S_4654: Step 2/10: N4 bias field correction
    002_S_4746: Step 2/10: N4 bias field correction
    002_S_5018: Step 2/10: N4 bias field correction
    003_S_4288: Step 2/10: N4 bias field correction
    003_S_4350: Step 2/10: N4 bias field correction
    003_S_4441: Step 2/10: N4 bias field correction
    003_S_4872: Step 2/10: N4 bias field correction
    003_S_4900: Step 2/10: N4 bias field correction
    005_S_0221: Step 2/10: N4 bias field correction
    005_S_0222: Step 2/10: N4 bias field correction
    005_S_0546: Step 2/10: N4 bias field correction
    005_S_0610: Step 2/10: N4 bias field correction

[Live Progress] Done: 0 | Remaining: 630 | Failed: 0 | ETA: 0.0 min
  Active subjects:
    002_S_4171: Step 2/10: N4 bias field correction
    002_S_4213: Step 2/10: N4 bias field correction
    002_S_4225: Step 2/10: N4 bias field correction
    002_S_4229: Step 2/10: N4 bias field correction
    002_S_4270: Step 2/10: N4 bias field correction
    002_S_4447: Step 2/10: N4 bias field correction
    002_S_4473: Step 2/10: N4 bias field correction
    002_S_4654: Step 2/10: N4 bias field correction
    002_S_4746: Step 2/10: N4 bias field correction
    002_S_5018: Step 2/10: N4 bias field correction
    003_S_4288: Step 2/10: N4 bias field correction
    003_S_4350: Step 2/10: N4 bias field correction
    003_S_4441: Step 2/10: N4 bias field correction
    003_S_4872: Step 2/10: N4 bias field correction
    003_S_4900: Step 2/10: N4 bias field correction
    005_S_0221: Step 2/10: N4 bias field correction
    005_S_0222: Step 2/10: N4 bias field correction
    005_S_0546: Step 2/10: N4 bias field correction
    005_S_0610: Step 2/10: N4 bias field correction

[Live Progress] Done: 0 | Remaining: 630 | Failed: 0 | ETA: 0.0 min
  Active subjects:
    002_S_4171: Step 2/10: N4 bias field correction
    002_S_4213: Step 2/10: N4 bias field correction
    002_S_4225: Step 2/10: N4 bias field correction
    002_S_4229: Step 2/10: N4 bias field correction
    002_S_4270: Step 2/10: N4 bias field correction
    002_S_4447: Step 2/10: N4 bias field correction
    002_S_4473: Step 2/10: N4 bias field correction
    002_S_4654: Step 2/10: N4 bias field correction
    002_S_4746: Step 2/10: N4 bias field correction
    002_S_5018: Step 2/10: N4 bias field correction
    003_S_4288: Step 2/10: N4 bias field correction
    003_S_4350: Step 2/10: N4 bias field correction
    003_S_4441: Step 2/10: N4 bias field correction
    003_S_4872: Step 2/10: N4 bias field correction
    003_S_4900: Step 2/10: N4 bias field correction
    005_S_0221: Step 2/10: N4 bias field correction
    005_S_0222: Step 2/10: N4 bias field correction
    005_S_0546: Step 2/10: N4 bias field correction
    005_S_0610: Step 2/10: N4 bias field correction

[Live Progress] Done: 0 | Remaining: 630 | Failed: 0 | ETA: 0.0 min
  Active subjects:
    002_S_4171: Step 2/10: N4 bias field correction
    002_S_4213: Step 2/10: N4 bias field correction
    002_S_4225: Step 2/10: N4 bias field correction
    002_S_4229: Step 2/10: N4 bias field correction
    002_S_4270: Step 2/10: N4 bias field correction
    002_S_4447: Step 2/10: N4 bias field correction
    002_S_4473: Step 2/10: N4 bias field correction
    002_S_4654: Step 2/10: N4 bias field correction
    002_S_4746: Step 2/10: N4 bias field correction
    002_S_5018: Step 2/10: N4 bias field correction
    003_S_4288: Step 2/10: N4 bias field correction
    003_S_4350: Step 2/10: N4 bias field correction
    003_S_4441: Step 2/10: N4 bias field correction
    003_S_4872: Step 2/10: N4 bias field correction
    003_S_4900: Step 2/10: N4 bias field correction
    005_S_0221: Step 2/10: N4 bias field correction
    005_S_0222: Step 2/10: N4 bias field correction
    005_S_0546: Step 2/10: N4 bias field correction
    005_S_0610: Step 2/10: N4 bias field correction

[Live Progress] Done: 0 | Remaining: 630 | Failed: 0 | ETA: 0.0 min
  Active subjects:
    002_S_4171: Step 2/10: N4 bias field correction
    002_S_4213: Step 2/10: N4 bias field correction
    002_S_4225: Step 2/10: N4 bias field correction
    002_S_4229: Step 2/10: N4 bias field correction
    002_S_4270: Step 2/10: N4 bias field correction
    002_S_4447: Step 2/10: N4 bias field correction
    002_S_4473: Step 2/10: N4 bias field correction
    002_S_4654: Step 2/10: N4 bias field correction
    002_S_4746: Step 2/10: N4 bias field correction
    002_S_5018: Step 2/10: N4 bias field correction
    003_S_4288: Step 2/10: N4 bias field correction
    003_S_4350: Step 2/10: N4 bias field correction
    003_S_4441: Step 2/10: N4 bias field correction
    003_S_4872: Step 2/10: N4 bias field correction
    003_S_4900: Step 2/10: N4 bias field correction
    005_S_0221: Step 2/10: N4 bias field correction
    005_S_0222: Step 2/10: N4 bias field correction
    005_S_0546: Step 2/10: N4 bias field correction
    005_S_0610: Step 2/10: N4 bias field correction

[Live Progress] Done: 0 | Remaining: 630 | Failed: 0 | ETA: 0.0 min
  Active subjects:
    002_S_4171: Step 2/10: N4 bias field correction
    002_S_4213: Step 2/10: N4 bias field correction
    002_S_4225: Step 2/10: N4 bias field correction
    002_S_4229: Step 2/10: N4 bias field correction
    002_S_4270: Step 2/10: N4 bias field correction
    002_S_4447: Step 2/10: N4 bias field correction
    002_S_4473: Step 2/10: N4 bias field correction
    002_S_4654: Step 2/10: N4 bias field correction
    002_S_4746: Step 2/10: N4 bias field correction
    002_S_5018: Step 2/10: N4 bias field correction
    003_S_4288: Step 2/10: N4 bias field correction
    003_S_4350: Step 2/10: N4 bias field correction
    003_S_4441: Step 2/10: N4 bias field correction
    003_S_4872: Step 2/10: N4 bias field correction
    003_S_4900: Step 2/10: N4 bias field correction
    005_S_0221: Step 2/10: N4 bias field correction
    005_S_0222: Step 2/10: N4 bias field correction
    005_S_0546: Step 2/10: N4 bias field correction
    005_S_0610: Step 2/10: N4 bias field correction

[Live Progress] Done: 0 | Remaining: 630 | Failed: 0 | ETA: 0.0 min
  Active subjects:
    002_S_4171: Step 2/10: N4 bias field correction
    002_S_4213: Step 2/10: N4 bias field correction
    002_S_4225: Step 2/10: N4 bias field correction
    002_S_4229: Step 2/10: N4 bias field correction
    002_S_4270: Step 2/10: N4 bias field correction
    002_S_4447: Step 2/10: N4 bias field correction
    002_S_4473: Step 2/10: N4 bias field correction
    002_S_4654: Step 2/10: N4 bias field correction
    002_S_4746: Step 2/10: N4 bias field correction
    002_S_5018: Step 2/10: N4 bias field correction
    003_S_4288: Step 2/10: N4 bias field correction
    003_S_4350: Step 2/10: N4 bias field correction
    003_S_4441: Step 2/10: N4 bias field correction
    003_S_4872: Step 2/10: N4 bias field correction
    003_S_4900: Step 2/10: N4 bias field correction
    005_S_0221: Step 2/10: N4 bias field correction
    005_S_0222: Step 2/10: N4 bias field correction
    005_S_0546: Step 2/10: N4 bias field correction
    005_S_0610: Step 2/10: N4 bias field correction

[Live Progress] Done: 0 | Remaining: 630 | Failed: 0 | ETA: 0.0 min
  Active subjects:
    002_S_4171: Step 2/10: N4 bias field correction
    002_S_4213: Step 2/10: N4 bias field correction
    002_S_4225: Step 2/10: N4 bias field correction
    002_S_4229: Step 2/10: N4 bias field correction
    002_S_4270: Step 2/10: N4 bias field correction
    002_S_4447: Step 2/10: N4 bias field correction
    002_S_4473: Step 2/10: N4 bias field correction
    002_S_4654: Step 2/10: N4 bias field correction
    002_S_4746: Step 2/10: N4 bias field correction
    002_S_5018: Step 2/10: N4 bias field correction
    003_S_4288: Step 2/10: N4 bias field correction
    003_S_4350: Step 2/10: N4 bias field correction
    003_S_4441: Step 2/10: N4 bias field correction
    003_S_4872: Step 2/10: N4 bias field correction
    003_S_4900: Step 2/10: N4 bias field correction
    005_S_0221: Step 2/10: N4 bias field correction
    005_S_0222: Step 2/10: N4 bias field correction
    005_S_0546: Step 2/10: N4 bias field correction
    005_S_0610: Step 2/10: N4 bias field correction

[Live Progress] Done: 0 | Remaining: 630 | Failed: 0 | ETA: 0.0 min
  Active subjects:
    002_S_4171: Step 2/10: N4 bias field correction
    002_S_4213: Step 2/10: N4 bias field correction
    002_S_4225: Step 2/10: N4 bias field correction
    002_S_4229: Step 2/10: N4 bias field correction
    002_S_4270: Step 2/10: N4 bias field correction
    002_S_4447: Step 2/10: N4 bias field correction
    002_S_4473: Step 2/10: N4 bias field correction
    002_S_4654: Step 2/10: N4 bias field correction
    002_S_4746: Step 2/10: N4 bias field correction
    002_S_5018: Step 2/10: N4 bias field correction
    003_S_4288: Step 2/10: N4 bias field correction
    003_S_4350: Step 2/10: N4 bias field correction
    003_S_4441: Step 2/10: N4 bias field correction
    003_S_4872: Step 2/10: N4 bias field correction
    003_S_4900: Step 2/10: N4 bias field correction
    005_S_0221: Step 2/10: N4 bias field correction
    005_S_0222: Step 2/10: N4 bias field correction
    005_S_0546: Step 2/10: N4 bias field correction
    005_S_0610: Step 2/10: N4 bias field correction

[Live Progress] Done: 0 | Remaining: 630 | Failed: 0 | ETA: 0.0 min
  Active subjects:
    002_S_4171: Step 2/10: N4 bias field correction
    002_S_4213: Step 2/10: N4 bias field correction
    002_S_4225: Step 2/10: N4 bias field correction
    002_S_4229: Step 2/10: N4 bias field correction
    002_S_4270: Step 2/10: N4 bias field correction
    002_S_4447: Step 2/10: N4 bias field correction
    002_S_4473: Step 2/10: N4 bias field correction
    002_S_4654: Step 2/10: N4 bias field correction
    002_S_4746: Step 2/10: N4 bias field correction
    002_S_5018: Step 2/10: N4 bias field correction
    003_S_4288: Step 2/10: N4 bias field correction
    003_S_4350: Step 2/10: N4 bias field correction
    003_S_4441: Step 2/10: N4 bias field correction
    003_S_4872: Step 2/10: N4 bias field correction
    003_S_4900: Step 2/10: N4 bias field correction
    005_S_0221: Step 2/10: N4 bias field correction
    005_S_0222: Step 2/10: N4 bias field correction
    005_S_0546: Step 2/10: N4 bias field correction
    005_S_0610: Step 2/10: N4 bias field correction

[Live Progress] Done: 0 | Remaining: 630 | Failed: 0 | ETA: 0.0 min
  Active subjects:
    002_S_4171: Step 2/10: N4 bias field correction
    002_S_4213: Step 2/10: N4 bias field correction
    002_S_4225: Step 2/10: N4 bias field correction
    002_S_4229: Step 2/10: N4 bias field correction
    002_S_4270: Step 2/10: N4 bias field correction
    002_S_4447: Step 2/10: N4 bias field correction
    002_S_4473: Step 2/10: N4 bias field correction
    002_S_4654: Step 2/10: N4 bias field correction
    002_S_4746: Step 2/10: N4 bias field correction
    002_S_5018: Step 2/10: N4 bias field correction
    003_S_4288: Step 2/10: N4 bias field correction
    003_S_4350: Step 2/10: N4 bias field correction
    003_S_4441: Step 2/10: N4 bias field correction
    003_S_4872: Step 2/10: N4 bias field correction
    003_S_4900: Step 2/10: N4 bias field correction
    005_S_0221: Step 2/10: N4 bias field correction
    005_S_0222: Step 2/10: N4 bias field correction
    005_S_0546: Step 2/10: N4 bias field correction
    005_S_0610: Step 2/10: N4 bias field correction

[Live Progress] Done: 0 | Remaining: 630 | Failed: 0 | ETA: 0.0 min
  Active subjects:
    002_S_4171: Step 2/10: N4 bias field correction
    002_S_4213: Step 2/10: N4 bias field correction
    002_S_4225: Step 2/10: N4 bias field correction
    002_S_4229: Step 2/10: N4 bias field correction
    002_S_4270: Step 2/10: N4 bias field correction
    002_S_4447: Step 2/10: N4 bias field correction
    002_S_4473: Step 2/10: N4 bias field correction
    002_S_4654: Step 2/10: N4 bias field correction
    002_S_4746: Step 2/10: N4 bias field correction
    002_S_5018: Step 2/10: N4 bias field correction
    003_S_4288: Step 2/10: N4 bias field correction
    003_S_4350: Step 2/10: N4 bias field correction
    003_S_4441: Step 2/10: N4 bias field correction
    003_S_4872: Step 2/10: N4 bias field correction
    003_S_4900: Step 2/10: N4 bias field correction
    005_S_0221: Step 2/10: N4 bias field correction
    005_S_0222: Step 2/10: N4 bias field correction
    005_S_0546: Step 2/10: N4 bias field correction
    005_S_0610: Step 2/10: N4 bias field correction

[Live Progress] Done: 0 | Remaining: 630 | Failed: 0 | ETA: 0.0 min
  Active subjects:
    002_S_4171: Step 2/10: N4 bias field correction
    002_S_4213: Step 2/10: N4 bias field correction
    002_S_4225: Step 2/10: N4 bias field correction
    002_S_4229: Step 2/10: N4 bias field correction
    002_S_4270: Step 2/10: N4 bias field correction
    002_S_4447: Step 2/10: N4 bias field correction
    002_S_4473: Step 2/10: N4 bias field correction
    002_S_4654: Step 2/10: N4 bias field correction
    002_S_4746: Step 2/10: N4 bias field correction
    002_S_5018: Step 2/10: N4 bias field correction
    003_S_4288: Step 2/10: N4 bias field correction
    003_S_4350: Step 2/10: N4 bias field correction
    003_S_4441: Step 2/10: N4 bias field correction
    003_S_4872: Step 2/10: N4 bias field correction
    003_S_4900: Step 2/10: N4 bias field correction
    005_S_0221: Step 2/10: N4 bias field correction
    005_S_0222: Step 2/10: N4 bias field correction
    005_S_0546: Step 2/10: N4 bias field correction
    005_S_0610: Step 2/10: N4 bias field correction

[Live Progress] Done: 0 | Remaining: 630 | Failed: 0 | ETA: 0.0 min
  Active subjects:
    002_S_4171: Step 2/10: N4 bias field correction
    002_S_4213: Step 2/10: N4 bias field correction
    002_S_4225: Step 2/10: N4 bias field correction
    002_S_4229: Step 2/10: N4 bias field correction
    002_S_4270: Step 2/10: N4 bias field correction
    002_S_4447: Step 2/10: N4 bias field correction
    002_S_4473: Step 2/10: N4 bias field correction
    002_S_4654: Step 2/10: N4 bias field correction
    002_S_4746: Step 2/10: N4 bias field correction
    002_S_5018: Step 2/10: N4 bias field correction
    003_S_4288: Step 2/10: N4 bias field correction
    003_S_4350: Step 2/10: N4 bias field correction
    003_S_4441: Step 2/10: N4 bias field correction
    003_S_4872: Step 2/10: N4 bias field correction
    003_S_4900: Step 2/10: N4 bias field correction
    005_S_0221: Step 2/10: N4 bias field correction
    005_S_0222: Step 2/10: N4 bias field correction
    005_S_0546: Step 2/10: N4 bias field correction
    005_S_0610: Step 2/10: N4 bias field correction

[Live Progress] Done: 0 | Remaining: 630 | Failed: 0 | ETA: 0.0 min
  Active subjects:
    002_S_4171: Step 2/10: N4 bias field correction
    002_S_4213: Step 2/10: N4 bias field correction
    002_S_4225: Step 2/10: N4 bias field correction
    002_S_4229: Step 2/10: N4 bias field correction
    002_S_4270: Step 2/10: N4 bias field correction
    002_S_4447: Step 2/10: N4 bias field correction
    002_S_4473: Step 2/10: N4 bias field correction
    002_S_4654: Step 2/10: N4 bias field correction
    002_S_4746: Step 2/10: N4 bias field correction
    002_S_5018: Step 2/10: N4 bias field correction
    003_S_4288: Step 2/10: N4 bias field correction
    003_S_4350: Step 2/10: N4 bias field correction
    003_S_4441: Step 2/10: N4 bias field correction
    003_S_4872: Step 2/10: N4 bias field correction
    003_S_4900: Step 2/10: N4 bias field correction
    005_S_0221: Step 2/10: N4 bias field correction
    005_S_0222: Step 2/10: N4 bias field correction
    005_S_0546: Step 2/10: N4 bias field correction
    005_S_0610: Step 2/10: N4 bias field correction

[Live Progress] Done: 0 | Remaining: 630 | Failed: 0 | ETA: 0.0 min
  Active subjects:
    002_S_4171: Step 2/10: N4 bias field correction
    002_S_4213: Step 2/10: N4 bias field correction
    002_S_4225: Step 2/10: N4 bias field correction
    002_S_4229: Step 2/10: N4 bias field correction
    002_S_4270: Step 2/10: N4 bias field correction
    002_S_4447: Step 2/10: N4 bias field correction
    002_S_4473: Step 2/10: N4 bias field correction
    002_S_4654: Step 2/10: N4 bias field correction
    002_S_4746: Step 2/10: N4 bias field correction
    002_S_5018: Step 2/10: N4 bias field correction
    003_S_4288: Step 2/10: N4 bias field correction
    003_S_4350: Step 2/10: N4 bias field correction
    003_S_4441: Step 2/10: N4 bias field correction
    003_S_4872: Step 2/10: N4 bias field correction
    003_S_4900: Step 2/10: N4 bias field correction
    005_S_0221: Step 2/10: N4 bias field correction
    005_S_0222: Step 2/10: N4 bias field correction
    005_S_0546: Step 2/10: N4 bias field correction
    005_S_0610: Step 2/10: N4 bias field correction

[Live Progress] Done: 0 | Remaining: 630 | Failed: 0 | ETA: 0.0 min
  Active subjects:
    002_S_4171: Step 2/10: N4 bias field correction
    002_S_4213: Step 2/10: N4 bias field correction
    002_S_4225: Step 2/10: N4 bias field correction
    002_S_4229: Step 2/10: N4 bias field correction
    002_S_4270: Step 2/10: N4 bias field correction
    002_S_4447: Step 2/10: N4 bias field correction
    002_S_4473: Step 2/10: N4 bias field correction
    002_S_4654: Step 2/10: N4 bias field correction
    002_S_4746: Step 2/10: N4 bias field correction
    002_S_5018: Step 2/10: N4 bias field correction
    003_S_4288: Step 2/10: N4 bias field correction
    003_S_4350: Step 2/10: N4 bias field correction
    003_S_4441: Step 2/10: N4 bias field correction
    003_S_4872: Step 2/10: N4 bias field correction
    003_S_4900: Step 2/10: N4 bias field correction
    005_S_0221: Step 2/10: N4 bias field correction
    005_S_0222: Step 2/10: N4 bias field correction
    005_S_0546: Step 2/10: N4 bias field correction
    005_S_0610: Step 2/10: N4 bias field correction

[Live Progress] Done: 0 | Remaining: 630 | Failed: 0 | ETA: 0.0 min
  Active subjects:
    002_S_4171: Step 2/10: N4 bias field correction
    002_S_4213: Step 2/10: N4 bias field correction
    002_S_4225: Step 2/10: N4 bias field correction
    002_S_4229: Step 2/10: N4 bias field correction
    002_S_4270: Step 2/10: N4 bias field correction
    002_S_4447: Step 2/10: N4 bias field correction
    002_S_4473: Step 2/10: N4 bias field correction
    002_S_4654: Step 2/10: N4 bias field correction
    002_S_4746: Step 2/10: N4 bias field correction
    002_S_5018: Step 2/10: N4 bias field correction
    003_S_4288: Step 2/10: N4 bias field correction
    003_S_4350: Step 2/10: N4 bias field correction
    003_S_4441: Step 2/10: N4 bias field correction
    003_S_4872: Step 2/10: N4 bias field correction
    003_S_4900: Step 2/10: N4 bias field correction
    005_S_0221: Step 2/10: N4 bias field correction
    005_S_0222: Step 2/10: N4 bias field correction
    005_S_0546: Step 2/10: N4 bias field correction
    005_S_0610: Step 2/10: N4 bias field correction

[Live Progress] Done: 0 | Remaining: 630 | Failed: 0 | ETA: 0.0 min
  Active subjects:
    002_S_4171: Step 2/10: N4 bias field correction
    002_S_4213: Step 2/10: N4 bias field correction
    002_S_4225: Step 2/10: N4 bias field correction
    002_S_4229: Step 2/10: N4 bias field correction
    002_S_4270: Step 2/10: N4 bias field correction
    002_S_4447: Step 2/10: N4 bias field correction
    002_S_4473: Step 2/10: N4 bias field correction
    002_S_4654: Step 2/10: N4 bias field correction
    002_S_4746: Step 2/10: N4 bias field correction
    002_S_5018: Step 2/10: N4 bias field correction
    003_S_4288: Step 2/10: N4 bias field correction
    003_S_4350: Step 2/10: N4 bias field correction
    003_S_4441: Step 2/10: N4 bias field correction
    003_S_4872: Step 2/10: N4 bias field correction
    003_S_4900: Step 2/10: N4 bias field correction
    005_S_0221: Step 2/10: N4 bias field correction
    005_S_0222: Step 2/10: N4 bias field correction
    005_S_0546: Step 2/10: N4 bias field correction
    005_S_0610: Step 2/10: N4 bias field correction

[Live Progress] Done: 0 | Remaining: 630 | Failed: 0 | ETA: 0.0 min
  Active subjects:
    002_S_4171: Step 2/10: N4 bias field correction
    002_S_4213: Step 2/10: N4 bias field correction
    002_S_4225: Step 2/10: N4 bias field correction
    002_S_4229: Step 2/10: N4 bias field correction
    002_S_4270: Step 2/10: N4 bias field correction
    002_S_4447: Step 2/10: N4 bias field correction
    002_S_4473: Step 2/10: N4 bias field correction
    002_S_4654: Step 2/10: N4 bias field correction
    002_S_4746: Step 2/10: N4 bias field correction
    002_S_5018: Step 2/10: N4 bias field correction
    003_S_4288: Step 2/10: N4 bias field correction
    003_S_4350: Step 2/10: N4 bias field correction
    003_S_4441: Step 2/10: N4 bias field correction
    003_S_4872: Step 2/10: N4 bias field correction
    003_S_4900: Step 2/10: N4 bias field correction
    005_S_0221: Step 2/10: N4 bias field correction
    005_S_0222: Step 2/10: N4 bias field correction
    005_S_0546: Step 2/10: N4 bias field correction
    005_S_0610: Step 2/10: N4 bias field correction

[Live Progress] Done: 0 | Remaining: 630 | Failed: 0 | ETA: 0.0 min
  Active subjects:
    002_S_4171: Step 2/10: N4 bias field correction
    002_S_4213: Step 2/10: N4 bias field correction
    002_S_4225: Step 2/10: N4 bias field correction
    002_S_4229: Step 2/10: N4 bias field correction
    002_S_4270: Step 2/10: N4 bias field correction
    002_S_4447: Step 2/10: N4 bias field correction
    002_S_4473: Step 2/10: N4 bias field correction
    002_S_4654: Step 2/10: N4 bias field correction
    002_S_4746: Step 2/10: N4 bias field correction
    002_S_5018: Step 2/10: N4 bias field correction
    003_S_4288: Step 2/10: N4 bias field correction
    003_S_4350: Step 2/10: N4 bias field correction
    003_S_4441: Step 2/10: N4 bias field correction
    003_S_4872: Step 2/10: N4 bias field correction
    003_S_4900: Step 2/10: N4 bias field correction
    005_S_0221: Step 2/10: N4 bias field correction
    005_S_0222: Step 2/10: N4 bias field correction
    005_S_0546: Step 2/10: N4 bias field correction
    005_S_0610: Step 2/10: N4 bias field correction

[Live Progress] Done: 0 | Remaining: 630 | Failed: 0 | ETA: 0.0 min
  Active subjects:
    002_S_4171: Step 2/10: N4 bias field correction
    002_S_4213: Step 2/10: N4 bias field correction
    002_S_4225: Step 2/10: N4 bias field correction
    002_S_4229: Step 2/10: N4 bias field correction
    002_S_4270: Step 2/10: N4 bias field correction
    002_S_4447: Step 2/10: N4 bias field correction
    002_S_4473: Step 2/10: N4 bias field correction
    002_S_4654: Step 2/10: N4 bias field correction
    002_S_4746: Step 2/10: N4 bias field correction
    002_S_5018: Step 2/10: N4 bias field correction
    003_S_4288: Step 2/10: N4 bias field correction
    003_S_4350: Step 2/10: N4 bias field correction
    003_S_4441: Step 2/10: N4 bias field correction
    003_S_4872: Step 2/10: N4 bias field correction
    003_S_4900: Step 2/10: N4 bias field correction
    005_S_0221: Step 2/10: N4 bias field correction
    005_S_0222: Step 2/10: N4 bias field correction
    005_S_0546: Step 2/10: N4 bias field correction
    005_S_0610: Step 2/10: N4 bias field correction

[Live Progress] Done: 0 | Remaining: 630 | Failed: 0 | ETA: 0.0 min
  Active subjects:
    002_S_4171: Step 2/10: N4 bias field correction
    002_S_4213: Step 2/10: N4 bias field correction
    002_S_4225: Step 2/10: N4 bias field correction
    002_S_4229: Step 2/10: N4 bias field correction
    002_S_4270: Step 2/10: N4 bias field correction
    002_S_4447: Step 2/10: N4 bias field correction
    002_S_4473: Step 2/10: N4 bias field correction
    002_S_4654: Step 2/10: N4 bias field correction
    002_S_4746: Step 2/10: N4 bias field correction
    002_S_5018: Step 2/10: N4 bias field correction
    003_S_4288: Step 2/10: N4 bias field correction
    003_S_4350: Step 2/10: N4 bias field correction
    003_S_4441: Step 2/10: N4 bias field correction
    003_S_4872: Step 2/10: N4 bias field correction
    003_S_4900: Step 2/10: N4 bias field correction
    005_S_0221: Step 2/10: N4 bias field correction
    005_S_0222: Step 2/10: N4 bias field correction
    005_S_0546: Step 2/10: N4 bias field correction
    005_S_0610: Step 2/10: N4 bias field correction

[Live Progress] Done: 0 | Remaining: 630 | Failed: 0 | ETA: 0.0 min
  Active subjects:
    002_S_4171: Step 2/10: N4 bias field correction
    002_S_4213: Step 2/10: N4 bias field correction
    002_S_4225: Step 2/10: N4 bias field correction
    002_S_4229: Step 2/10: N4 bias field correction
    002_S_4270: Step 2/10: N4 bias field correction
    002_S_4447: Step 2/10: N4 bias field correction
    002_S_4473: Step 2/10: N4 bias field correction
    002_S_4654: Step 2/10: N4 bias field correction
    002_S_4746: Step 2/10: N4 bias field correction
    002_S_5018: Step 2/10: N4 bias field correction
    003_S_4288: Step 2/10: N4 bias field correction
    003_S_4350: Step 2/10: N4 bias field correction
    003_S_4441: Step 2/10: N4 bias field correction
    003_S_4872: Step 2/10: N4 bias field correction
    003_S_4900: Step 2/10: N4 bias field correction
    005_S_0221: Step 2/10: N4 bias field correction
    005_S_0222: Step 2/10: N4 bias field correction
    005_S_0546: Step 2/10: N4 bias field correction
    005_S_0610: Step 2/10: N4 bias field correction

[Live Progress] Done: 0 | Remaining: 630 | Failed: 0 | ETA: 0.0 min
  Active subjects:
    002_S_4171: Step 2/10: N4 bias field correction
    002_S_4213: Step 2/10: N4 bias field correction
    002_S_4225: Step 2/10: N4 bias field correction
    002_S_4229: Step 2/10: N4 bias field correction
    002_S_4270: Step 2/10: N4 bias field correction
    002_S_4447: Step 2/10: N4 bias field correction
    002_S_4473: Step 2/10: N4 bias field correction
    002_S_4654: Step 2/10: N4 bias field correction
    002_S_4746: Step 2/10: N4 bias field correction
    002_S_5018: Step 2/10: N4 bias field correction
    003_S_4288: Step 2/10: N4 bias field correction
    003_S_4350: Step 2/10: N4 bias field correction
    003_S_4441: Step 2/10: N4 bias field correction
    003_S_4872: Step 2/10: N4 bias field correction
    003_S_4900: Step 2/10: N4 bias field correction
    005_S_0221: Step 2/10: N4 bias field correction
    005_S_0222: Step 2/10: N4 bias field correction
    005_S_0546: Step 2/10: N4 bias field correction
    005_S_0610: Step 2/10: N4 bias field correction

[Live Progress] Done: 0 | Remaining: 630 | Failed: 0 | ETA: 0.0 min
  Active subjects:
    002_S_4171: Step 2/10: N4 bias field correction
    002_S_4213: Step 2/10: N4 bias field correction
    002_S_4225: Step 2/10: N4 bias field correction
    002_S_4229: Step 2/10: N4 bias field correction
    002_S_4270: Step 2/10: N4 bias field correction
    002_S_4447: Step 2/10: N4 bias field correction
    002_S_4473: Step 2/10: N4 bias field correction
    002_S_4654: Step 2/10: N4 bias field correction
    002_S_4746: Step 2/10: N4 bias field correction
    002_S_5018: Step 2/10: N4 bias field correction
    003_S_4288: Step 2/10: N4 bias field correction
    003_S_4350: Step 2/10: N4 bias field correction
    003_S_4441: Step 2/10: N4 bias field correction
    003_S_4872: Step 2/10: N4 bias field correction
    003_S_4900: Step 2/10: N4 bias field correction
    005_S_0221: Step 2/10: N4 bias field correction
    005_S_0222: Step 2/10: N4 bias field correction
    005_S_0546: Step 2/10: N4 bias field correction
    005_S_0610: Step 2/10: N4 bias field correction

[Live Progress] Done: 0 | Remaining: 630 | Failed: 0 | ETA: 0.0 min
  Active subjects:
    002_S_4171: Step 2/10: N4 bias field correction
    002_S_4213: Step 2/10: N4 bias field correction
    002_S_4225: Step 2/10: N4 bias field correction
    002_S_4229: Step 2/10: N4 bias field correction
    002_S_4270: Step 2/10: N4 bias field correction
    002_S_4447: Step 2/10: N4 bias field correction
    002_S_4473: Step 2/10: N4 bias field correction
    002_S_4654: Step 2/10: N4 bias field correction
    002_S_4746: Step 2/10: N4 bias field correction
    002_S_5018: Step 2/10: N4 bias field correction
    003_S_4288: Step 2/10: N4 bias field correction
    003_S_4350: Step 2/10: N4 bias field correction
    003_S_4441: Step 2/10: N4 bias field correction
    003_S_4872: Step 2/10: N4 bias field correction
    003_S_4900: Step 2/10: N4 bias field correction
    005_S_0221: Step 2/10: N4 bias field correction
    005_S_0222: Step 2/10: N4 bias field correction
    005_S_0546: Step 2/10: N4 bias field correction
    005_S_0610: Step 2/10: N4 bias field correction

[Live Progress] Done: 0 | Remaining: 630 | Failed: 0 | ETA: 0.0 min
  Active subjects:
    002_S_4171: Step 2/10: N4 bias field correction
    002_S_4213: Step 2/10: N4 bias field correction
    002_S_4225: Step 2/10: N4 bias field correction
    002_S_4229: Step 2/10: N4 bias field correction
    002_S_4270: Step 2/10: N4 bias field correction
    002_S_4447: Step 2/10: N4 bias field correction
    002_S_4473: Step 2/10: N4 bias field correction
    002_S_4654: Step 2/10: N4 bias field correction
    002_S_4746: Step 2/10: N4 bias field correction
    002_S_5018: Step 2/10: N4 bias field correction
    003_S_4288: Step 2/10: N4 bias field correction
    003_S_4350: Step 2/10: N4 bias field correction
    003_S_4441: Step 2/10: N4 bias field correction
    003_S_4872: Step 2/10: N4 bias field correction
    003_S_4900: Step 2/10: N4 bias field correction
    005_S_0221: Step 2/10: N4 bias field correction
    005_S_0222: Step 2/10: N4 bias field correction
    005_S_0546: Step 2/10: N4 bias field correction
    005_S_0610: Step 2/10: N4 bias field correction

[Live Progress] Done: 0 | Remaining: 630 | Failed: 0 | ETA: 0.0 min
  Active subjects:
    002_S_4171: Step 2/10: N4 bias field correction
    002_S_4213: Step 2/10: N4 bias field correction
    002_S_4225: Step 2/10: N4 bias field correction
    002_S_4229: Step 2/10: N4 bias field correction
    002_S_4270: Step 2/10: N4 bias field correction
    002_S_4447: Step 2/10: N4 bias field correction
    002_S_4473: Step 2/10: N4 bias field correction
    002_S_4654: Step 2/10: N4 bias field correction
    002_S_4746: Step 2/10: N4 bias field correction
    002_S_5018: Step 2/10: N4 bias field correction
    003_S_4288: Step 2/10: N4 bias field correction
    003_S_4350: Step 2/10: N4 bias field correction
    003_S_4441: Step 2/10: N4 bias field correction
    003_S_4872: Step 2/10: N4 bias field correction
    003_S_4900: Step 2/10: N4 bias field correction
    005_S_0221: Step 2/10: N4 bias field correction
    005_S_0222: Step 2/10: N4 bias field correction
    005_S_0546: Step 2/10: N4 bias field correction
    005_S_0610: Step 2/10: N4 bias field correction

[Live Progress] Done: 0 | Remaining: 630 | Failed: 0 | ETA: 0.0 min
  Active subjects:
    002_S_4171: Step 2/10: N4 bias field correction
    002_S_4213: Step 2/10: N4 bias field correction
    002_S_4225: Step 2/10: N4 bias field correction
    002_S_4229: Step 2/10: N4 bias field correction
    002_S_4270: Step 2/10: N4 bias field correction
    002_S_4447: Step 2/10: N4 bias field correction
    002_S_4473: Step 2/10: N4 bias field correction
    002_S_4654: Step 2/10: N4 bias field correction
    002_S_4746: Step 2/10: N4 bias field correction
    002_S_5018: Step 2/10: N4 bias field correction
    003_S_4288: Step 2/10: N4 bias field correction
    003_S_4350: Step 2/10: N4 bias field correction
    003_S_4441: Step 2/10: N4 bias field correction
    003_S_4872: Step 2/10: N4 bias field correction
    003_S_4900: Step 2/10: N4 bias field correction
    005_S_0221: Step 2/10: N4 bias field correction
    005_S_0222: Step 2/10: N4 bias field correction
    005_S_0546: Step 2/10: N4 bias field correction
    005_S_0610: Step 2/10: N4 bias field correction

[Live Progress] Done: 0 | Remaining: 630 | Failed: 0 | ETA: 0.0 min
  Active subjects:
    002_S_4171: Step 2/10: N4 bias field correction
    002_S_4213: Step 2/10: N4 bias field correction
    002_S_4225: Step 2/10: N4 bias field correction
    002_S_4229: Step 2/10: N4 bias field correction
    002_S_4270: Step 2/10: N4 bias field correction
    002_S_4447: Step 2/10: N4 bias field correction
    002_S_4473: Step 2/10: N4 bias field correction
    002_S_4654: Step 2/10: N4 bias field correction
    002_S_4746: Step 2/10: N4 bias field correction
    002_S_5018: Step 2/10: N4 bias field correction
    003_S_4288: Step 2/10: N4 bias field correction
    003_S_4350: Step 2/10: N4 bias field correction
    003_S_4441: Step 2/10: N4 bias field correction
    003_S_4872: Step 2/10: N4 bias field correction
    003_S_4900: Step 2/10: N4 bias field correction
    005_S_0221: Step 2/10: N4 bias field correction
    005_S_0222: Step 2/10: N4 bias field correction
    005_S_0546: Step 2/10: N4 bias field correction
    005_S_0610: Step 2/10: N4 bias field correction

[Live Progress] Done: 0 | Remaining: 630 | Failed: 0 | ETA: 0.0 min
  Active subjects:
    002_S_4171: Step 2/10: N4 bias field correction
    002_S_4213: Step 2/10: N4 bias field correction
    002_S_4225: Step 2/10: N4 bias field correction
    002_S_4229: Step 2/10: N4 bias field correction
    002_S_4270: Step 2/10: N4 bias field correction
    002_S_4447: Step 2/10: N4 bias field correction
    002_S_4473: Step 2/10: N4 bias field correction
    002_S_4654: Step 2/10: N4 bias field correction
    002_S_4746: Step 2/10: N4 bias field correction
    002_S_5018: Step 2/10: N4 bias field correction
    003_S_4288: Step 2/10: N4 bias field correction
    003_S_4350: Step 2/10: N4 bias field correction
    003_S_4441: Step 2/10: N4 bias field correction
    003_S_4872: Step 2/10: N4 bias field correction
    003_S_4900: Step 2/10: N4 bias field correction
    005_S_0221: Step 2/10: N4 bias field correction
    005_S_0222: Step 2/10: N4 bias field correction
    005_S_0546: Step 2/10: N4 bias field correction
    005_S_0610: Step 2/10: N4 bias field correction

[Live Progress] Done: 0 | Remaining: 630 | Failed: 0 | ETA: 0.0 min
  Active subjects:
    002_S_4171: Step 2/10: N4 bias field correction
    002_S_4213: Step 2/10: N4 bias field correction
    002_S_4225: Step 2/10: N4 bias field correction
    002_S_4229: Step 2/10: N4 bias field correction
    002_S_4270: Step 2/10: N4 bias field correction
    002_S_4447: Step 2/10: N4 bias field correction
    002_S_4473: Step 2/10: N4 bias field correction
    002_S_4654: Step 2/10: N4 bias field correction
    002_S_4746: Step 2/10: N4 bias field correction
    002_S_5018: Step 2/10: N4 bias field correction
    003_S_4288: Step 2/10: N4 bias field correction
    003_S_4350: Step 2/10: N4 bias field correction
    003_S_4441: Step 2/10: N4 bias field correction
    003_S_4872: Step 2/10: N4 bias field correction
    003_S_4900: Step 2/10: N4 bias field correction
    005_S_0221: Step 2/10: N4 bias field correction
    005_S_0222: Step 2/10: N4 bias field correction
    005_S_0546: Step 2/10: N4 bias field correction
    005_S_0610: Step 2/10: N4 bias field correction

[Live Progress] Done: 0 | Remaining: 630 | Failed: 0 | ETA: 0.0 min
  Active subjects:
    002_S_4171: Step 2/10: N4 bias field correction
    002_S_4213: Step 2/10: N4 bias field correction
    002_S_4225: Step 2/10: N4 bias field correction
    002_S_4229: Step 2/10: N4 bias field correction
    002_S_4270: Step 2/10: N4 bias field correction
    002_S_4447: Step 2/10: N4 bias field correction
    002_S_4473: Step 2/10: N4 bias field correction
    002_S_4654: Step 2/10: N4 bias field correction
    002_S_4746: Step 2/10: N4 bias field correction
    002_S_5018: Step 2/10: N4 bias field correction
    003_S_4288: Step 2/10: N4 bias field correction
    003_S_4350: Step 2/10: N4 bias field correction
    003_S_4441: Step 2/10: N4 bias field correction
    003_S_4872: Step 2/10: N4 bias field correction
    003_S_4900: Step 2/10: N4 bias field correction
    005_S_0221: Step 2/10: N4 bias field correction
    005_S_0222: Step 2/10: N4 bias field correction
    005_S_0546: Step 2/10: N4 bias field correction
    005_S_0610: Step 2/10: N4 bias field correction

[Live Progress] Done: 0 | Remaining: 630 | Failed: 0 | ETA: 0.0 min
  Active subjects:
    002_S_4171: Step 2/10: N4 bias field correction
    002_S_4213: Step 2/10: N4 bias field correction
    002_S_4225: Step 2/10: N4 bias field correction
    002_S_4229: Step 2/10: N4 bias field correction
    002_S_4270: Step 2/10: N4 bias field correction
    002_S_4447: Step 2/10: N4 bias field correction
    002_S_4473: Step 2/10: N4 bias field correction
    002_S_4654: Step 2/10: N4 bias field correction
    002_S_4746: Step 2/10: N4 bias field correction
    002_S_5018: Step 2/10: N4 bias field correction
    003_S_4288: Step 2/10: N4 bias field correction
    003_S_4350: Step 2/10: N4 bias field correction
    003_S_4441: Step 2/10: N4 bias field correction
    003_S_4872: Step 2/10: N4 bias field correction
    003_S_4900: Step 2/10: N4 bias field correction
    005_S_0221: Step 2/10: N4 bias field correction
    005_S_0222: Step 2/10: N4 bias field correction
    005_S_0546: Step 2/10: N4 bias field correction
    005_S_0610: Step 2/10: N4 bias field correction

[Live Progress] Done: 0 | Remaining: 630 | Failed: 0 | ETA: 0.0 min
  Active subjects:
    002_S_4171: Step 2/10: N4 bias field correction
    002_S_4213: Step 2/10: N4 bias field correction
    002_S_4225: Step 2/10: N4 bias field correction
    002_S_4229: Step 2/10: N4 bias field correction
    002_S_4270: Step 2/10: N4 bias field correction
    002_S_4447: Step 2/10: N4 bias field correction
    002_S_4473: Step 2/10: N4 bias field correction
    002_S_4654: Step 2/10: N4 bias field correction
    002_S_4746: Step 2/10: N4 bias field correction
    002_S_5018: Step 2/10: N4 bias field correction
    003_S_4288: Step 2/10: N4 bias field correction
    003_S_4350: Step 2/10: N4 bias field correction
    003_S_4441: Step 2/10: N4 bias field correction
    003_S_4872: Step 2/10: N4 bias field correction
    003_S_4900: Step 2/10: N4 bias field correction
    005_S_0221: Step 2/10: N4 bias field correction
    005_S_0222: Step 2/10: N4 bias field correction
    005_S_0546: Step 2/10: N4 bias field correction
    005_S_0610: Step 2/10: N4 bias field correction

[Live Progress] Done: 0 | Remaining: 630 | Failed: 0 | ETA: 0.0 min
  Active subjects:
    002_S_4171: Step 2/10: N4 bias field correction
    002_S_4213: Step 2/10: N4 bias field correction
    002_S_4225: Step 2/10: N4 bias field correction
    002_S_4229: Step 2/10: N4 bias field correction
    002_S_4270: Step 2/10: N4 bias field correction
    002_S_4447: Step 2/10: N4 bias field correction
    002_S_4473: Step 2/10: N4 bias field correction
    002_S_4654: Step 2/10: N4 bias field correction
    002_S_4746: Step 2/10: N4 bias field correction
    002_S_5018: Step 2/10: N4 bias field correction
    003_S_4288: Step 2/10: N4 bias field correction
    003_S_4350: Step 2/10: N4 bias field correction
    003_S_4441: Step 2/10: N4 bias field correction
    003_S_4872: Step 2/10: N4 bias field correction
    003_S_4900: Step 2/10: N4 bias field correction
    005_S_0221: Step 2/10: N4 bias field correction
    005_S_0222: Step 2/10: N4 bias field correction
    005_S_0546: Step 2/10: N4 bias field correction
    005_S_0610: Step 2/10: N4 bias field correction

[Live Progress] Done: 0 | Remaining: 630 | Failed: 0 | ETA: 0.0 min
  Active subjects:
    002_S_4171: Step 2/10: N4 bias field correction
    002_S_4213: Step 2/10: N4 bias field correction
    002_S_4225: Step 2/10: N4 bias field correction
    002_S_4229: Step 2/10: N4 bias field correction
    002_S_4270: Step 2/10: N4 bias field correction
    002_S_4447: Step 2/10: N4 bias field correction
    002_S_4473: Step 2/10: N4 bias field correction
    002_S_4654: Step 2/10: N4 bias field correction
    002_S_4746: Step 2/10: N4 bias field correction
    002_S_5018: Step 2/10: N4 bias field correction
    003_S_4288: Step 2/10: N4 bias field correction
    003_S_4350: Step 2/10: N4 bias field correction
    003_S_4441: Step 2/10: N4 bias field correction
    003_S_4872: Step 2/10: N4 bias field correction
    003_S_4900: Step 2/10: N4 bias field correction
    005_S_0221: Step 2/10: N4 bias field correction
    005_S_0222: Step 2/10: N4 bias field correction
    005_S_0546: Step 2/10: N4 bias field correction
    005_S_0610: Step 2/10: N4 bias field correction

[Live Progress] Done: 0 | Remaining: 630 | Failed: 0 | ETA: 0.0 min
  Active subjects:
    002_S_4171: Step 2/10: N4 bias field correction
    002_S_4213: Step 2/10: N4 bias field correction
    002_S_4225: Step 2/10: N4 bias field correction
    002_S_4229: Step 2/10: N4 bias field correction
    002_S_4270: Step 2/10: N4 bias field correction
    002_S_4447: Step 2/10: N4 bias field correction
    002_S_4473: Step 2/10: N4 bias field correction
    002_S_4654: Step 2/10: N4 bias field correction
    002_S_4746: Step 2/10: N4 bias field correction
    002_S_5018: Step 2/10: N4 bias field correction
    003_S_4288: Step 2/10: N4 bias field correction
    003_S_4350: Step 2/10: N4 bias field correction
    003_S_4441: Step 2/10: N4 bias field correction
    003_S_4872: Step 2/10: N4 bias field correction
    003_S_4900: Step 2/10: N4 bias field correction
    005_S_0221: Step 2/10: N4 bias field correction
    005_S_0222: Step 2/10: N4 bias field correction
    005_S_0546: Step 2/10: N4 bias field correction
    005_S_0610: Step 2/10: N4 bias field correction

[Live Progress] Done: 0 | Remaining: 630 | Failed: 0 | ETA: 0.0 min
  Active subjects:
    002_S_4171: Step 2/10: N4 bias field correction
    002_S_4213: Step 2/10: N4 bias field correction
    002_S_4225: Step 2/10: N4 bias field correction
    002_S_4229: Step 2/10: N4 bias field correction
    002_S_4270: Step 2/10: N4 bias field correction
    002_S_4447: Step 2/10: N4 bias field correction
    002_S_4473: Step 2/10: N4 bias field correction
    002_S_4654: Step 2/10: N4 bias field correction
    002_S_4746: Step 2/10: N4 bias field correction
    002_S_5018: Step 2/10: N4 bias field correction
    003_S_4288: Step 2/10: N4 bias field correction
    003_S_4350: Step 2/10: N4 bias field correction
    003_S_4441: Step 2/10: N4 bias field correction
    003_S_4872: Step 2/10: N4 bias field correction
    003_S_4900: Step 2/10: N4 bias field correction
    005_S_0221: Step 2/10: N4 bias field correction
    005_S_0222: Step 2/10: N4 bias field correction
    005_S_0546: Step 2/10: N4 bias field correction
    005_S_0610: Step 2/10: N4 bias field correction

[Live Progress] Done: 0 | Remaining: 630 | Failed: 0 | ETA: 0.0 min
  Active subjects:
    002_S_4171: Step 2/10: N4 bias field correction
    002_S_4213: Step 2/10: N4 bias field correction
    002_S_4225: Step 2/10: N4 bias field correction
    002_S_4229: Step 2/10: N4 bias field correction
    002_S_4270: Step 2/10: N4 bias field correction
    002_S_4447: Step 2/10: N4 bias field correction
    002_S_4473: Step 2/10: N4 bias field correction
    002_S_4654: Step 2/10: N4 bias field correction
    002_S_4746: Step 2/10: N4 bias field correction
    002_S_5018: Step 2/10: N4 bias field correction
    003_S_4288: Step 2/10: N4 bias field correction
    003_S_4350: Step 2/10: N4 bias field correction
    003_S_4441: Step 2/10: N4 bias field correction
    003_S_4872: Step 2/10: N4 bias field correction
    003_S_4900: Step 2/10: N4 bias field correction
    005_S_0221: Step 2/10: N4 bias field correction
    005_S_0222: Step 2/10: N4 bias field correction
    005_S_0546: Step 2/10: N4 bias field correction
    005_S_0610: Step 2/10: N4 bias field correction

[Live Progress] Done: 0 | Remaining: 630 | Failed: 0 | ETA: 0.0 min
  Active subjects:
    002_S_4171: Step 2/10: N4 bias field correction
    002_S_4213: Step 2/10: N4 bias field correction
    002_S_4225: Step 2/10: N4 bias field correction
    002_S_4229: Step 2/10: N4 bias field correction
    002_S_4270: Step 2/10: N4 bias field correction
    002_S_4447: Step 2/10: N4 bias field correction
    002_S_4473: Step 2/10: N4 bias field correction
    002_S_4654: Step 2/10: N4 bias field correction
    002_S_4746: Step 2/10: N4 bias field correction
    002_S_5018: Step 2/10: N4 bias field correction
    003_S_4288: Step 2/10: N4 bias field correction
    003_S_4350: Step 2/10: N4 bias field correction
    003_S_4441: Step 2/10: N4 bias field correction
    003_S_4872: Step 2/10: N4 bias field correction
    003_S_4900: Step 2/10: N4 bias field correction
    005_S_0221: Step 2/10: N4 bias field correction
    005_S_0222: Step 2/10: N4 bias field correction
    005_S_0546: Step 2/10: N4 bias field correction
    005_S_0610: Step 2/10: N4 bias field correction

[Live Progress] Done: 0 | Remaining: 630 | Failed: 0 | ETA: 0.0 min
  Active subjects:
    002_S_4171: Step 2/10: N4 bias field correction
    002_S_4213: Step 2/10: N4 bias field correction
    002_S_4225: Step 2/10: N4 bias field correction
    002_S_4229: Step 2/10: N4 bias field correction
    002_S_4270: Step 2/10: N4 bias field correction
    002_S_4447: Step 2/10: N4 bias field correction
    002_S_4473: Step 2/10: N4 bias field correction
    002_S_4654: Step 2/10: N4 bias field correction
    002_S_4746: Step 2/10: N4 bias field correction
    002_S_5018: Step 2/10: N4 bias field correction
    003_S_4288: Step 2/10: N4 bias field correction
    003_S_4350: Step 2/10: N4 bias field correction
    003_S_4441: Step 2/10: N4 bias field correction
    003_S_4872: Step 2/10: N4 bias field correction
    003_S_4900: Step 2/10: N4 bias field correction
    005_S_0221: Step 2/10: N4 bias field correction
    005_S_0222: Step 2/10: N4 bias field correction
    005_S_0546: Step 2/10: N4 bias field correction
    005_S_0610: Step 2/10: N4 bias field correction

[Live Progress] Done: 0 | Remaining: 630 | Failed: 0 | ETA: 0.0 min
  Active subjects:
    002_S_4171: Step 2/10: N4 bias field correction
    002_S_4213: Step 2/10: N4 bias field correction
    002_S_4225: Step 2/10: N4 bias field correction
    002_S_4229: Step 2/10: N4 bias field correction
    002_S_4270: Step 2/10: N4 bias field correction
    002_S_4447: Step 2/10: N4 bias field correction
    002_S_4473: Step 2/10: N4 bias field correction
    002_S_4654: Step 2/10: N4 bias field correction
    002_S_4746: Step 2/10: N4 bias field correction
    002_S_5018: Step 2/10: N4 bias field correction
    003_S_4288: Step 2/10: N4 bias field correction
    003_S_4350: Step 2/10: N4 bias field correction
    003_S_4441: Step 2/10: N4 bias field correction
    003_S_4872: Step 2/10: N4 bias field correction
    003_S_4900: Step 2/10: N4 bias field correction
    005_S_0221: Step 2/10: N4 bias field correction
    005_S_0222: Step 2/10: N4 bias field correction
    005_S_0546: Step 2/10: N4 bias field correction
    005_S_0610: Step 2/10: N4 bias field correction

[Live Progress] Done: 0 | Remaining: 630 | Failed: 0 | ETA: 0.0 min
  Active subjects:
    002_S_4171: Step 2/10: N4 bias field correction
    002_S_4213: Step 2/10: N4 bias field correction
    002_S_4225: Step 2/10: N4 bias field correction
    002_S_4229: Step 2/10: N4 bias field correction
    002_S_4270: Step 2/10: N4 bias field correction
    002_S_4447: Step 2/10: N4 bias field correction
    002_S_4473: Step 2/10: N4 bias field correction
    002_S_4654: Step 2/10: N4 bias field correction
    002_S_4746: Step 2/10: N4 bias field correction
    002_S_5018: Step 2/10: N4 bias field correction
    003_S_4288: Step 2/10: N4 bias field correction
    003_S_4350: Step 2/10: N4 bias field correction
    003_S_4441: Step 2/10: N4 bias field correction
    003_S_4872: Step 2/10: N4 bias field correction
    003_S_4900: Step 2/10: N4 bias field correction
    005_S_0221: Step 2/10: N4 bias field correction
    005_S_0222: Step 2/10: N4 bias field correction
    005_S_0546: Step 2/10: N4 bias field correction
    005_S_0610: Step 2/10: N4 bias field correction

[Live Progress] Done: 0 | Remaining: 630 | Failed: 0 | ETA: 0.0 min
  Active subjects:
    002_S_4171: Step 2/10: N4 bias field correction
    002_S_4213: Step 2/10: N4 bias field correction
    002_S_4225: Step 2/10: N4 bias field correction
    002_S_4229: Step 2/10: N4 bias field correction
    002_S_4270: Step 2/10: N4 bias field correction
    002_S_4447: Step 2/10: N4 bias field correction
    002_S_4473: Step 2/10: N4 bias field correction
    002_S_4654: Step 2/10: N4 bias field correction
    002_S_4746: Step 2/10: N4 bias field correction
    002_S_5018: Step 2/10: N4 bias field correction
    003_S_4288: Step 2/10: N4 bias field correction
    003_S_4350: Step 2/10: N4 bias field correction
    003_S_4441: Step 2/10: N4 bias field correction
    003_S_4872: Step 2/10: N4 bias field correction
    003_S_4900: Step 2/10: N4 bias field correction
    005_S_0221: Step 2/10: N4 bias field correction
    005_S_0222: Step 2/10: N4 bias field correction
    005_S_0546: Step 2/10: N4 bias field correction
    005_S_0610: Step 2/10: N4 bias field correction

[Live Progress] Done: 0 | Remaining: 630 | Failed: 0 | ETA: 0.0 min
  Active subjects:
    002_S_4171: Step 2/10: N4 bias field correction
    002_S_4213: Step 2/10: N4 bias field correction
    002_S_4225: Step 2/10: N4 bias field correction
    002_S_4229: Step 2/10: N4 bias field correction
    002_S_4270: Step 2/10: N4 bias field correction
    002_S_4447: Step 2/10: N4 bias field correction
    002_S_4473: Step 2/10: N4 bias field correction
    002_S_4654: Step 2/10: N4 bias field correction
    002_S_4746: Step 2/10: N4 bias field correction
    002_S_5018: Step 2/10: N4 bias field correction
    003_S_4288: Step 2/10: N4 bias field correction
    003_S_4350: Step 2/10: N4 bias field correction
    003_S_4441: Step 2/10: N4 bias field correction
    003_S_4872: Step 2/10: N4 bias field correction
    003_S_4900: Step 2/10: N4 bias field correction
    005_S_0221: Step 2/10: N4 bias field correction
    005_S_0222: Step 2/10: N4 bias field correction
    005_S_0546: Step 2/10: N4 bias field correction
    005_S_0610: Step 2/10: N4 bias field correction

[Live Progress] Done: 0 | Remaining: 630 | Failed: 0 | ETA: 0.0 min
  Active subjects:
    002_S_4171: Step 2/10: N4 bias field correction
    002_S_4213: Step 2/10: N4 bias field correction
    002_S_4225: Step 2/10: N4 bias field correction
    002_S_4229: Step 2/10: N4 bias field correction
    002_S_4270: Step 2/10: N4 bias field correction
    002_S_4447: Step 2/10: N4 bias field correction
    002_S_4473: Step 2/10: N4 bias field correction
    002_S_4654: Step 2/10: N4 bias field correction
    002_S_4746: Step 2/10: N4 bias field correction
    002_S_5018: Step 2/10: N4 bias field correction
    003_S_4288: Step 2/10: N4 bias field correction
    003_S_4350: Step 2/10: N4 bias field correction
    003_S_4441: Step 2/10: N4 bias field correction
    003_S_4872: Step 2/10: N4 bias field correction
    003_S_4900: Step 2/10: N4 bias field correction
    005_S_0221: Step 2/10: N4 bias field correction
    005_S_0222: Step 2/10: N4 bias field correction
    005_S_0546: Step 2/10: N4 bias field correction
    005_S_0610: Step 2/10: N4 bias field correction

[Live Progress] Done: 0 | Remaining: 630 | Failed: 0 | ETA: 0.0 min
  Active subjects:
    002_S_4171: Step 2/10: N4 bias field correction
    002_S_4213: Step 2/10: N4 bias field correction
    002_S_4225: Step 2/10: N4 bias field correction
    002_S_4229: Step 2/10: N4 bias field correction
    002_S_4270: Step 2/10: N4 bias field correction
    002_S_4447: Step 2/10: N4 bias field correction
    002_S_4473: Step 2/10: N4 bias field correction
    002_S_4654: Step 2/10: N4 bias field correction
    002_S_4746: Step 2/10: N4 bias field correction
    002_S_5018: Step 2/10: N4 bias field correction
    003_S_4288: Step 2/10: N4 bias field correction
    003_S_4350: Step 2/10: N4 bias field correction
    003_S_4441: Step 2/10: N4 bias field correction
    003_S_4872: Step 2/10: N4 bias field correction
    003_S_4900: Step 2/10: N4 bias field correction
    005_S_0221: Step 2/10: N4 bias field correction
    005_S_0222: Step 2/10: N4 bias field correction
    005_S_0546: Step 2/10: N4 bias field correction
    005_S_0610: Step 2/10: N4 bias field correction

[Live Progress] Done: 0 | Remaining: 630 | Failed: 0 | ETA: 0.0 min
  Active subjects:
    002_S_4171: Step 2/10: N4 bias field correction
    002_S_4213: Step 2/10: N4 bias field correction
    002_S_4225: Step 2/10: N4 bias field correction
    002_S_4229: Step 2/10: N4 bias field correction
    002_S_4270: Step 2/10: N4 bias field correction
    002_S_4447: Step 2/10: N4 bias field correction
    002_S_4473: Step 2/10: N4 bias field correction
    002_S_4654: Step 2/10: N4 bias field correction
    002_S_4746: Step 2/10: N4 bias field correction
    002_S_5018: Step 2/10: N4 bias field correction
    003_S_4288: Step 2/10: N4 bias field correction
    003_S_4350: Step 2/10: N4 bias field correction
    003_S_4441: Step 2/10: N4 bias field correction
    003_S_4872: Step 2/10: N4 bias field correction
    003_S_4900: Step 2/10: N4 bias field correction
    005_S_0221: Step 2/10: N4 bias field correction
    005_S_0222: Step 2/10: N4 bias field correction
    005_S_0546: Step 2/10: N4 bias field correction
    005_S_0610: Step 2/10: N4 bias field correction

[Live Progress] Done: 0 | Remaining: 630 | Failed: 0 | ETA: 0.0 min
  Active subjects:
    002_S_4171: Step 2/10: N4 bias field correction
    002_S_4213: Step 2/10: N4 bias field correction
    002_S_4225: Step 2/10: N4 bias field correction
    002_S_4229: Step 2/10: N4 bias field correction
    002_S_4270: Step 2/10: N4 bias field correction
    002_S_4447: Step 2/10: N4 bias field correction
    002_S_4473: Step 2/10: N4 bias field correction
    002_S_4654: Step 2/10: N4 bias field correction
    002_S_4746: Step 2/10: N4 bias field correction
    002_S_5018: Step 2/10: N4 bias field correction
    003_S_4288: Step 2/10: N4 bias field correction
    003_S_4350: Step 2/10: N4 bias field correction
    003_S_4441: Step 2/10: N4 bias field correction
    003_S_4872: Step 2/10: N4 bias field correction
    003_S_4900: Step 2/10: N4 bias field correction
    005_S_0221: Step 2/10: N4 bias field correction
    005_S_0222: Step 2/10: N4 bias field correction
    005_S_0546: Step 2/10: N4 bias field correction
    005_S_0610: Step 2/10: N4 bias field correction

[Live Progress] Done: 0 | Remaining: 630 | Failed: 0 | ETA: 0.0 min
  Active subjects:
    002_S_4171: Step 2/10: N4 bias field correction
    002_S_4213: Step 2/10: N4 bias field correction
    002_S_4225: Step 2/10: N4 bias field correction
    002_S_4229: Step 2/10: N4 bias field correction
    002_S_4270: Step 2/10: N4 bias field correction
    002_S_4447: Step 2/10: N4 bias field correction
    002_S_4473: Step 2/10: N4 bias field correction
    002_S_4654: Step 2/10: N4 bias field correction
    002_S_4746: Step 2/10: N4 bias field correction
    002_S_5018: Step 2/10: N4 bias field correction
    003_S_4288: Step 2/10: N4 bias field correction
    003_S_4350: Step 2/10: N4 bias field correction
    003_S_4441: Step 2/10: N4 bias field correction
    003_S_4872: Step 2/10: N4 bias field correction
    003_S_4900: Step 2/10: N4 bias field correction
    005_S_0221: Step 2/10: N4 bias field correction
    005_S_0222: Step 2/10: N4 bias field correction
    005_S_0546: Step 2/10: N4 bias field correction
    005_S_0610: Step 2/10: N4 bias field correction

[Live Progress] Done: 0 | Remaining: 630 | Failed: 0 | ETA: 0.0 min
  Active subjects:
    002_S_4171: Step 2/10: N4 bias field correction
    002_S_4213: Step 2/10: N4 bias field correction
    002_S_4225: Step 2/10: N4 bias field correction
    002_S_4229: Step 2/10: N4 bias field correction
    002_S_4270: Step 2/10: N4 bias field correction
    002_S_4447: Step 2/10: N4 bias field correction
    002_S_4473: Step 2/10: N4 bias field correction
    002_S_4654: Step 2/10: N4 bias field correction
    002_S_4746: Step 2/10: N4 bias field correction
    002_S_5018: Step 2/10: N4 bias field correction
    003_S_4288: Step 2/10: N4 bias field correction
    003_S_4350: Step 2/10: N4 bias field correction
    003_S_4441: Step 2/10: N4 bias field correction
    003_S_4872: Step 2/10: N4 bias field correction
    003_S_4900: Step 2/10: N4 bias field correction
    005_S_0221: Step 2/10: N4 bias field correction
    005_S_0222: Step 2/10: N4 bias field correction
    005_S_0546: Step 2/10: N4 bias field correction
    005_S_0610: Step 2/10: N4 bias field correction

[Live Progress] Done: 0 | Remaining: 630 | Failed: 0 | ETA: 0.0 min
  Active subjects:
    002_S_4171: Step 2/10: N4 bias field correction
    002_S_4213: Step 2/10: N4 bias field correction
    002_S_4225: Step 2/10: N4 bias field correction
    002_S_4229: Step 2/10: N4 bias field correction
    002_S_4270: Step 2/10: N4 bias field correction
    002_S_4447: Step 2/10: N4 bias field correction
    002_S_4473: Step 2/10: N4 bias field correction
    002_S_4654: Step 2/10: N4 bias field correction
    002_S_4746: Step 2/10: N4 bias field correction
    002_S_5018: Step 2/10: N4 bias field correction
    003_S_4288: Step 2/10: N4 bias field correction
    003_S_4350: Step 2/10: N4 bias field correction
    003_S_4441: Step 2/10: N4 bias field correction
    003_S_4872: Step 2/10: N4 bias field correction
    003_S_4900: Step 2/10: N4 bias field correction
    005_S_0221: Step 2/10: N4 bias field correction
    005_S_0222: Step 2/10: N4 bias field correction
    005_S_0546: Step 2/10: N4 bias field correction
    005_S_0610: Step 2/10: N4 bias field correction

[Live Progress] Done: 0 | Remaining: 630 | Failed: 0 | ETA: 0.0 min
  Active subjects:
    002_S_4171: Step 2/10: N4 bias field correction
    002_S_4213: Step 2/10: N4 bias field correction
    002_S_4225: Step 2/10: N4 bias field correction
    002_S_4229: Step 2/10: N4 bias field correction
    002_S_4270: Step 2/10: N4 bias field correction
    002_S_4447: Step 2/10: N4 bias field correction
    002_S_4473: Step 2/10: N4 bias field correction
    002_S_4654: Step 2/10: N4 bias field correction
    002_S_4746: Step 2/10: N4 bias field correction
    002_S_5018: Step 2/10: N4 bias field correction
    003_S_4288: Step 2/10: N4 bias field correction
    003_S_4350: Step 2/10: N4 bias field correction
    003_S_4441: Step 2/10: N4 bias field correction
    003_S_4872: Step 2/10: N4 bias field correction
    003_S_4900: Step 2/10: N4 bias field correction
    005_S_0221: Step 2/10: N4 bias field correction
    005_S_0222: Step 2/10: N4 bias field correction
    005_S_0546: Step 2/10: N4 bias field correction
    005_S_0610: Step 2/10: N4 bias field correction

[Live Progress] Done: 0 | Remaining: 630 | Failed: 0 | ETA: 0.0 min
  Active subjects:
    002_S_4171: Step 2/10: N4 bias field correction
    002_S_4213: Step 2/10: N4 bias field correction
    002_S_4225: Step 2/10: N4 bias field correction
    002_S_4229: Step 2/10: N4 bias field correction
    002_S_4270: Step 2/10: N4 bias field correction
    002_S_4447: Step 2/10: N4 bias field correction
    002_S_4473: Step 2/10: N4 bias field correction
    002_S_4654: Step 2/10: N4 bias field correction
    002_S_4746: Step 2/10: N4 bias field correction
    002_S_5018: Step 2/10: N4 bias field correction
    003_S_4288: Step 2/10: N4 bias field correction
    003_S_4350: Step 2/10: N4 bias field correction
    003_S_4441: Step 2/10: N4 bias field correction
    003_S_4872: Step 2/10: N4 bias field correction
    003_S_4900: Step 2/10: N4 bias field correction
    005_S_0221: Step 2/10: N4 bias field correction
    005_S_0222: Step 2/10: N4 bias field correction
    005_S_0546: Step 2/10: N4 bias field correction
    005_S_0610: Step 2/10: N4 bias field correction

[Live Progress] Done: 0 | Remaining: 630 | Failed: 0 | ETA: 0.0 min
  Active subjects:
    002_S_4171: Step 2/10: N4 bias field correction
    002_S_4213: Step 2/10: N4 bias field correction
    002_S_4225: Step 2/10: N4 bias field correction
    002_S_4229: Step 2/10: N4 bias field correction
    002_S_4270: Step 2/10: N4 bias field correction
    002_S_4447: Step 2/10: N4 bias field correction
    002_S_4473: Step 2/10: N4 bias field correction
    002_S_4654: Step 2/10: N4 bias field correction
    002_S_4746: Step 2/10: N4 bias field correction
    002_S_5018: Step 2/10: N4 bias field correction
    003_S_4288: Step 2/10: N4 bias field correction
    003_S_4350: Step 2/10: N4 bias field correction
    003_S_4441: Step 2/10: N4 bias field correction
    003_S_4872: Step 2/10: N4 bias field correction
    003_S_4900: Step 2/10: N4 bias field correction
    005_S_0221: Step 2/10: N4 bias field correction
    005_S_0222: Step 2/10: N4 bias field correction
    005_S_0546: Step 2/10: N4 bias field correction
    005_S_0610: Step 2/10: N4 bias field correction

[Live Progress] Done: 0 | Remaining: 630 | Failed: 0 | ETA: 0.0 min
  Active subjects:
    002_S_4171: Step 2/10: N4 bias field correction
    002_S_4213: Step 2/10: N4 bias field correction
    002_S_4225: Step 2/10: N4 bias field correction
    002_S_4229: Step 2/10: N4 bias field correction
    002_S_4270: Step 2/10: N4 bias field correction
    002_S_4447: Step 2/10: N4 bias field correction
    002_S_4473: Step 2/10: N4 bias field correction
    002_S_4654: Step 2/10: N4 bias field correction
    002_S_4746: Step 2/10: N4 bias field correction
    002_S_5018: Step 2/10: N4 bias field correction
    003_S_4288: Step 2/10: N4 bias field correction
    003_S_4350: Step 2/10: N4 bias field correction
    003_S_4441: Step 2/10: N4 bias field correction
    003_S_4872: Step 2/10: N4 bias field correction
    003_S_4900: Step 2/10: N4 bias field correction
    005_S_0221: Step 2/10: N4 bias field correction
    005_S_0222: Step 2/10: N4 bias field correction
    005_S_0546: Step 2/10: N4 bias field correction
    005_S_0610: Step 2/10: N4 bias field correction

[Live Progress] Done: 0 | Remaining: 630 | Failed: 0 | ETA: 0.0 min
  Active subjects:
    002_S_4171: Step 2/10: N4 bias field correction
    002_S_4213: Step 2/10: N4 bias field correction
    002_S_4225: Step 2/10: N4 bias field correction
    002_S_4229: Step 2/10: N4 bias field correction
    002_S_4270: Step 2/10: N4 bias field correction
    002_S_4447: Step 2/10: N4 bias field correction
    002_S_4473: Step 2/10: N4 bias field correction
    002_S_4654: Step 2/10: N4 bias field correction
    002_S_4746: Step 2/10: N4 bias field correction
    002_S_5018: Step 2/10: N4 bias field correction
    003_S_4288: Step 2/10: N4 bias field correction
    003_S_4350: Step 2/10: N4 bias field correction
    003_S_4441: Step 2/10: N4 bias field correction
    003_S_4872: Step 2/10: N4 bias field correction
    003_S_4900: Step 2/10: N4 bias field correction
    005_S_0221: Step 2/10: N4 bias field correction
    005_S_0222: Step 2/10: N4 bias field correction
    005_S_0546: Step 2/10: N4 bias field correction
    005_S_0610: Step 2/10: N4 bias field correction

[Live Progress] Done: 0 | Remaining: 630 | Failed: 0 | ETA: 0.0 min
  Active subjects:
    002_S_4171: Step 2/10: N4 bias field correction
    002_S_4213: Step 2/10: N4 bias field correction
    002_S_4225: Step 2/10: N4 bias field correction
    002_S_4229: Step 2/10: N4 bias field correction
    002_S_4270: Step 2/10: N4 bias field correction
    002_S_4447: Step 2/10: N4 bias field correction
    002_S_4473: Step 2/10: N4 bias field correction
    002_S_4654: Step 2/10: N4 bias field correction
    002_S_4746: Step 2/10: N4 bias field correction
    002_S_5018: Step 2/10: N4 bias field correction
    003_S_4288: Step 2/10: N4 bias field correction
    003_S_4350: Step 2/10: N4 bias field correction
    003_S_4441: Step 2/10: N4 bias field correction
    003_S_4872: Step 2/10: N4 bias field correction
    003_S_4900: Step 2/10: N4 bias field correction
    005_S_0221: Step 2/10: N4 bias field correction
    005_S_0222: Step 2/10: N4 bias field correction
    005_S_0546: Step 2/10: N4 bias field correction
    005_S_0610: Step 2/10: N4 bias field correction

[Live Progress] Done: 0 | Remaining: 630 | Failed: 0 | ETA: 0.0 min
  Active subjects:
    002_S_4171: Step 2/10: N4 bias field correction
    002_S_4213: Step 2/10: N4 bias field correction
    002_S_4225: Step 2/10: N4 bias field correction
    002_S_4229: Step 2/10: N4 bias field correction
    002_S_4270: Step 2/10: N4 bias field correction
    002_S_4447: Step 2/10: N4 bias field correction
    002_S_4473: Step 2/10: N4 bias field correction
    002_S_4654: Step 2/10: N4 bias field correction
    002_S_4746: Step 2/10: N4 bias field correction
    002_S_5018: Step 2/10: N4 bias field correction
    003_S_4288: Step 2/10: N4 bias field correction
    003_S_4350: Step 2/10: N4 bias field correction
    003_S_4441: Step 2/10: N4 bias field correction
    003_S_4872: Step 2/10: N4 bias field correction
    003_S_4900: Step 2/10: N4 bias field correction
    005_S_0221: Step 2/10: N4 bias field correction
    005_S_0222: Step 2/10: N4 bias field correction
    005_S_0546: Step 2/10: N4 bias field correction
    005_S_0610: Step 2/10: N4 bias field correction

[Live Progress] Done: 0 | Remaining: 630 | Failed: 0 | ETA: 0.0 min
  Active subjects:
    002_S_4171: Step 2/10: N4 bias field correction
    002_S_4213: Step 2/10: N4 bias field correction
    002_S_4225: Step 2/10: N4 bias field correction
    002_S_4229: Step 2/10: N4 bias field correction
    002_S_4270: Step 2/10: N4 bias field correction
    002_S_4447: Step 2/10: N4 bias field correction
    002_S_4473: Step 2/10: N4 bias field correction
    002_S_4654: Step 2/10: N4 bias field correction
    002_S_4746: Step 2/10: N4 bias field correction
    002_S_5018: Step 2/10: N4 bias field correction
    003_S_4288: Step 2/10: N4 bias field correction
    003_S_4350: Step 2/10: N4 bias field correction
    003_S_4441: Step 2/10: N4 bias field correction
    003_S_4872: Step 2/10: N4 bias field correction
    003_S_4900: Step 2/10: N4 bias field correction
    005_S_0221: Step 2/10: N4 bias field correction
    005_S_0222: Step 2/10: N4 bias field correction
    005_S_0546: Step 2/10: N4 bias field correction
    005_S_0610: Step 2/10: N4 bias field correction

[Live Progress] Done: 0 | Remaining: 630 | Failed: 0 | ETA: 0.0 min
  Active subjects:
    002_S_4171: Step 2/10: N4 bias field correction
    002_S_4213: Step 2/10: N4 bias field correction
    002_S_4225: Step 2/10: N4 bias field correction
    002_S_4229: Step 2/10: N4 bias field correction
    002_S_4270: Step 2/10: N4 bias field correction
    002_S_4447: Step 2/10: N4 bias field correction
    002_S_4473: Step 2/10: N4 bias field correction
    002_S_4654: Step 2/10: N4 bias field correction
    002_S_4746: Step 2/10: N4 bias field correction
    002_S_5018: Step 2/10: N4 bias field correction
    003_S_4288: Step 2/10: N4 bias field correction
    003_S_4350: Step 2/10: N4 bias field correction
    003_S_4441: Step 2/10: N4 bias field correction
    003_S_4872: Step 2/10: N4 bias field correction
    003_S_4900: Step 2/10: N4 bias field correction
    005_S_0221: Step 2/10: N4 bias field correction
    005_S_0222: Step 2/10: N4 bias field correction
    005_S_0546: Step 2/10: N4 bias field correction
    005_S_0610: Step 2/10: N4 bias field correction

[Live Progress] Done: 0 | Remaining: 630 | Failed: 0 | ETA: 0.0 min
  Active subjects:
    002_S_4171: Step 2/10: N4 bias field correction
    002_S_4213: Step 2/10: N4 bias field correction
    002_S_4225: Step 2/10: N4 bias field correction
    002_S_4229: Step 2/10: N4 bias field correction
    002_S_4270: Step 2/10: N4 bias field correction
    002_S_4447: Step 2/10: N4 bias field correction
    002_S_4473: Step 2/10: N4 bias field correction
    002_S_4654: Step 2/10: N4 bias field correction
    002_S_4746: Step 2/10: N4 bias field correction
    002_S_5018: Step 2/10: N4 bias field correction
    003_S_4288: Step 2/10: N4 bias field correction
    003_S_4350: Step 2/10: N4 bias field correction
    003_S_4441: Step 2/10: N4 bias field correction
    003_S_4872: Step 2/10: N4 bias field correction
    003_S_4900: Step 2/10: N4 bias field correction
    005_S_0221: Step 2/10: N4 bias field correction
    005_S_0222: Step 2/10: N4 bias field correction
    005_S_0546: Step 2/10: N4 bias field correction
    005_S_0610: Step 2/10: N4 bias field correction

[Live Progress] Done: 0 | Remaining: 630 | Failed: 0 | ETA: 0.0 min
  Active subjects:
    002_S_4171: Step 2/10: N4 bias field correction
    002_S_4213: Step 2/10: N4 bias field correction
    002_S_4225: Step 2/10: N4 bias field correction
    002_S_4229: Step 2/10: N4 bias field correction
    002_S_4270: Step 2/10: N4 bias field correction
    002_S_4447: Step 2/10: N4 bias field correction
    002_S_4473: Step 2/10: N4 bias field correction
    002_S_4654: Step 2/10: N4 bias field correction
    002_S_4746: Step 2/10: N4 bias field correction
    002_S_5018: Step 2/10: N4 bias field correction
    003_S_4288: Step 2/10: N4 bias field correction
    003_S_4350: Step 2/10: N4 bias field correction
    003_S_4441: Step 2/10: N4 bias field correction
    003_S_4872: Step 2/10: N4 bias field correction
    003_S_4900: Step 2/10: N4 bias field correction
    005_S_0221: Step 2/10: N4 bias field correction
    005_S_0222: Step 2/10: N4 bias field correction
    005_S_0546: Step 2/10: N4 bias field correction
    005_S_0610: Step 2/10: N4 bias field correction

[Live Progress] Done: 0 | Remaining: 630 | Failed: 0 | ETA: 0.0 min
  Active subjects:
    002_S_4171: Step 2/10: N4 bias field correction
    002_S_4213: Step 2/10: N4 bias field correction
    002_S_4225: Step 2/10: N4 bias field correction
    002_S_4229: Step 2/10: N4 bias field correction
    002_S_4270: Step 2/10: N4 bias field correction
    002_S_4447: Step 2/10: N4 bias field correction
    002_S_4473: Step 2/10: N4 bias field correction
    002_S_4654: Step 2/10: N4 bias field correction
    002_S_4746: Step 2/10: N4 bias field correction
    002_S_5018: Step 2/10: N4 bias field correction
    003_S_4288: Step 2/10: N4 bias field correction
    003_S_4350: Step 2/10: N4 bias field correction
    003_S_4441: Step 2/10: N4 bias field correction
    003_S_4872: Step 2/10: N4 bias field correction
    003_S_4900: Step 2/10: N4 bias field correction
    005_S_0221: Step 2/10: N4 bias field correction
    005_S_0222: Step 2/10: N4 bias field correction
    005_S_0546: Step 2/10: N4 bias field correction
    005_S_0610: Step 2/10: N4 bias field correction

[Live Progress] Done: 0 | Remaining: 630 | Failed: 0 | ETA: 0.0 min
  Active subjects:
    002_S_4171: Step 2/10: N4 bias field correction
    002_S_4213: Step 2/10: N4 bias field correction
    002_S_4225: Step 2/10: N4 bias field correction
    002_S_4229: Step 2/10: N4 bias field correction
    002_S_4270: Step 2/10: N4 bias field correction
    002_S_4447: Step 2/10: N4 bias field correction
    002_S_4473: Step 2/10: N4 bias field correction
    002_S_4654: Step 2/10: N4 bias field correction
    002_S_4746: Step 2/10: N4 bias field correction
    002_S_5018: Step 2/10: N4 bias field correction
    003_S_4288: Step 2/10: N4 bias field correction
    003_S_4350: Step 2/10: N4 bias field correction
    003_S_4441: Step 2/10: N4 bias field correction
    003_S_4872: Step 2/10: N4 bias field correction
    003_S_4900: Step 2/10: N4 bias field correction
    005_S_0221: Step 2/10: N4 bias field correction
    005_S_0222: Step 2/10: N4 bias field correction
    005_S_0546: Step 2/10: N4 bias field correction
    005_S_0610: Step 2/10: N4 bias field correction

[Live Progress] Done: 0 | Remaining: 630 | Failed: 0 | ETA: 0.0 min
  Active subjects:
    002_S_4171: Step 2/10: N4 bias field correction
    002_S_4213: Step 2/10: N4 bias field correction
    002_S_4225: Step 2/10: N4 bias field correction
    002_S_4229: Step 2/10: N4 bias field correction
    002_S_4270: Step 2/10: N4 bias field correction
    002_S_4447: Step 2/10: N4 bias field correction
    002_S_4473: Step 2/10: N4 bias field correction
    002_S_4654: Step 2/10: N4 bias field correction
    002_S_4746: Step 2/10: N4 bias field correction
    002_S_5018: Step 2/10: N4 bias field correction
    003_S_4288: Step 2/10: N4 bias field correction
    003_S_4350: Step 2/10: N4 bias field correction
    003_S_4441: Step 2/10: N4 bias field correction
    003_S_4872: Step 2/10: N4 bias field correction
    003_S_4900: Step 2/10: N4 bias field correction
    005_S_0221: Step 2/10: N4 bias field correction
    005_S_0222: Step 2/10: N4 bias field correction
    005_S_0546: Step 2/10: N4 bias field correction
    005_S_0610: Step 2/10: N4 bias field correction

[Live Progress] Done: 0 | Remaining: 630 | Failed: 0 | ETA: 0.0 min
  Active subjects:
    002_S_4171: Step 2/10: N4 bias field correction
    002_S_4213: Step 2/10: N4 bias field correction
    002_S_4225: Step 2/10: N4 bias field correction
    002_S_4229: Step 2/10: N4 bias field correction
    002_S_4270: Step 2/10: N4 bias field correction
    002_S_4447: Step 2/10: N4 bias field correction
    002_S_4473: Step 2/10: N4 bias field correction
    002_S_4654: Step 2/10: N4 bias field correction
    002_S_4746: Step 2/10: N4 bias field correction
    002_S_5018: Step 2/10: N4 bias field correction
    003_S_4288: Step 2/10: N4 bias field correction
    003_S_4350: Step 2/10: N4 bias field correction
    003_S_4441: Step 2/10: N4 bias field correction
    003_S_4872: Step 2/10: N4 bias field correction
    003_S_4900: Step 2/10: N4 bias field correction
    005_S_0221: Step 2/10: N4 bias field correction
    005_S_0222: Step 2/10: N4 bias field correction
    005_S_0546: Step 2/10: N4 bias field correction
    005_S_0610: Step 2/10: N4 bias field correction

[Live Progress] Done: 0 | Remaining: 630 | Failed: 0 | ETA: 0.0 min
  Active subjects:
    002_S_4171: Step 2/10: N4 bias field correction
    002_S_4213: Step 2/10: N4 bias field correction
    002_S_4225: Step 2/10: N4 bias field correction
    002_S_4229: Step 2/10: N4 bias field correction
    002_S_4270: Step 2/10: N4 bias field correction
    002_S_4447: Step 2/10: N4 bias field correction
    002_S_4473: Step 2/10: N4 bias field correction
    002_S_4654: Step 2/10: N4 bias field correction
    002_S_4746: Step 2/10: N4 bias field correction
    002_S_5018: Step 2/10: N4 bias field correction
    003_S_4288: Step 2/10: N4 bias field correction
    003_S_4350: Step 2/10: N4 bias field correction
    003_S_4441: Step 2/10: N4 bias field correction
    003_S_4872: Step 2/10: N4 bias field correction
    003_S_4900: Step 2/10: N4 bias field correction
    005_S_0221: Step 2/10: N4 bias field correction
    005_S_0222: Step 2/10: N4 bias field correction
    005_S_0546: Step 2/10: N4 bias field correction
    005_S_0610: Step 2/10: N4 bias field correction

[Live Progress] Done: 0 | Remaining: 630 | Failed: 0 | ETA: 0.0 min
  Active subjects:
    002_S_4171: Step 2/10: N4 bias field correction
    002_S_4213: Step 2/10: N4 bias field correction
    002_S_4225: Step 2/10: N4 bias field correction
    002_S_4229: Step 2/10: N4 bias field correction
    002_S_4270: Step 2/10: N4 bias field correction
    002_S_4447: Step 2/10: N4 bias field correction
    002_S_4473: Step 2/10: N4 bias field correction
    002_S_4654: Step 2/10: N4 bias field correction
    002_S_4746: Step 2/10: N4 bias field correction
    002_S_5018: Step 2/10: N4 bias field correction
    003_S_4288: Step 2/10: N4 bias field correction
    003_S_4350: Step 2/10: N4 bias field correction
    003_S_4441: Step 2/10: N4 bias field correction
    003_S_4872: Step 2/10: N4 bias field correction
    003_S_4900: Step 2/10: N4 bias field correction
    005_S_0221: Step 2/10: N4 bias field correction
    005_S_0222: Step 2/10: N4 bias field correction
    005_S_0546: Step 2/10: N4 bias field correction
    005_S_0610: Step 2/10: N4 bias field correction

[Live Progress] Done: 0 | Remaining: 630 | Failed: 0 | ETA: 0.0 min
  Active subjects:
    002_S_4171: Step 2/10: N4 bias field correction
    002_S_4213: Step 2/10: N4 bias field correction
    002_S_4225: Step 2/10: N4 bias field correction
    002_S_4229: Step 2/10: N4 bias field correction
    002_S_4270: Step 2/10: N4 bias field correction
    002_S_4447: Step 2/10: N4 bias field correction
    002_S_4473: Step 2/10: N4 bias field correction
    002_S_4654: Step 2/10: N4 bias field correction
    002_S_4746: Step 2/10: N4 bias field correction
    002_S_5018: Step 2/10: N4 bias field correction
    003_S_4288: Step 2/10: N4 bias field correction
    003_S_4350: Step 2/10: N4 bias field correction
    003_S_4441: Step 2/10: N4 bias field correction
    003_S_4872: Step 2/10: N4 bias field correction
    003_S_4900: Step 2/10: N4 bias field correction
    005_S_0221: Step 2/10: N4 bias field correction
    005_S_0222: Step 2/10: N4 bias field correction
    005_S_0546: Step 2/10: N4 bias field correction
    005_S_0610: Step 2/10: N4 bias field correction

[Live Progress] Done: 0 | Remaining: 630 | Failed: 0 | ETA: 0.0 min
  Active subjects:
    002_S_4171: Step 2/10: N4 bias field correction
    002_S_4213: Step 2/10: N4 bias field correction
    002_S_4225: Step 2/10: N4 bias field correction
    002_S_4229: Step 2/10: N4 bias field correction
    002_S_4270: Step 2/10: N4 bias field correction
    002_S_4447: Step 2/10: N4 bias field correction
    002_S_4473: Step 2/10: N4 bias field correction
    002_S_4654: Step 2/10: N4 bias field correction
    002_S_4746: Step 2/10: N4 bias field correction
    002_S_5018: Step 2/10: N4 bias field correction
    003_S_4288: Step 2/10: N4 bias field correction
    003_S_4350: Step 2/10: N4 bias field correction
    003_S_4441: Step 2/10: N4 bias field correction
    003_S_4872: Step 2/10: N4 bias field correction
    003_S_4900: Step 2/10: N4 bias field correction
    005_S_0221: Step 2/10: N4 bias field correction
    005_S_0222: Step 2/10: N4 bias field correction
    005_S_0546: Step 2/10: N4 bias field correction
    005_S_0610: Step 2/10: N4 bias field correction

[Live Progress] Done: 0 | Remaining: 630 | Failed: 0 | ETA: 0.0 min
  Active subjects:
    002_S_4171: Step 2/10: N4 bias field correction
    002_S_4213: Step 2/10: N4 bias field correction
    002_S_4225: Step 2/10: N4 bias field correction
    002_S_4229: Step 2/10: N4 bias field correction
    002_S_4270: Step 2/10: N4 bias field correction
    002_S_4447: Step 2/10: N4 bias field correction
    002_S_4473: Step 2/10: N4 bias field correction
    002_S_4654: Step 2/10: N4 bias field correction
    002_S_4746: Step 2/10: N4 bias field correction
    002_S_5018: Step 2/10: N4 bias field correction
    003_S_4288: Step 2/10: N4 bias field correction
    003_S_4350: Step 2/10: N4 bias field correction
    003_S_4441: Step 2/10: N4 bias field correction
    003_S_4872: Step 2/10: N4 bias field correction
    003_S_4900: Step 2/10: N4 bias field correction
    005_S_0221: Step 2/10: N4 bias field correction
    005_S_0222: Step 2/10: N4 bias field correction
    005_S_0546: Step 2/10: N4 bias field correction
    005_S_0610: Step 2/10: N4 bias field correction

[Live Progress] Done: 0 | Remaining: 630 | Failed: 0 | ETA: 0.0 min
  Active subjects:
    002_S_4171: Step 2/10: N4 bias field correction
    002_S_4213: Step 2/10: N4 bias field correction
    002_S_4225: Step 2/10: N4 bias field correction
    002_S_4229: Step 2/10: N4 bias field correction
    002_S_4270: Step 2/10: N4 bias field correction
    002_S_4447: Step 2/10: N4 bias field correction
    002_S_4473: Step 2/10: N4 bias field correction
    002_S_4654: Step 2/10: N4 bias field correction
    002_S_4746: Step 2/10: N4 bias field correction
    002_S_5018: Step 2/10: N4 bias field correction
    003_S_4288: Step 2/10: N4 bias field correction
    003_S_4350: Step 2/10: N4 bias field correction
    003_S_4441: Step 2/10: N4 bias field correction
    003_S_4872: Step 2/10: N4 bias field correction
    003_S_4900: Step 2/10: N4 bias field correction
    005_S_0221: Step 2/10: N4 bias field correction
    005_S_0222: Step 2/10: N4 bias field correction
    005_S_0546: Step 2/10: N4 bias field correction
    005_S_0610: Step 2/10: N4 bias field correction

[Live Progress] Done: 0 | Remaining: 630 | Failed: 0 | ETA: 0.0 min
  Active subjects:
    002_S_4171: Step 2/10: N4 bias field correction
    002_S_4213: Step 2/10: N4 bias field correction
    002_S_4225: Step 2/10: N4 bias field correction
    002_S_4229: Step 2/10: N4 bias field correction
    002_S_4270: Step 2/10: N4 bias field correction
    002_S_4447: Step 2/10: N4 bias field correction
    002_S_4473: Step 2/10: N4 bias field correction
    002_S_4654: Step 2/10: N4 bias field correction
    002_S_4746: Step 2/10: N4 bias field correction
    002_S_5018: Step 2/10: N4 bias field correction
    003_S_4288: Step 2/10: N4 bias field correction
    003_S_4350: Step 2/10: N4 bias field correction
    003_S_4441: Step 2/10: N4 bias field correction
    003_S_4872: Step 2/10: N4 bias field correction
    003_S_4900: Step 2/10: N4 bias field correction
    005_S_0221: Step 2/10: N4 bias field correction
    005_S_0222: Step 2/10: N4 bias field correction
    005_S_0546: Step 2/10: N4 bias field correction
    005_S_0610: Step 2/10: N4 bias field correction

[Live Progress] Done: 0 | Remaining: 630 | Failed: 0 | ETA: 0.0 min
  Active subjects:
    002_S_4171: Step 2/10: N4 bias field correction
    002_S_4213: Step 2/10: N4 bias field correction
    002_S_4225: Step 2/10: N4 bias field correction
    002_S_4229: Step 2/10: N4 bias field correction
    002_S_4270: Step 2/10: N4 bias field correction
    002_S_4447: Step 2/10: N4 bias field correction
    002_S_4473: Step 2/10: N4 bias field correction
    002_S_4654: Step 2/10: N4 bias field correction
    002_S_4746: Step 2/10: N4 bias field correction
    002_S_5018: Step 2/10: N4 bias field correction
    003_S_4288: Step 2/10: N4 bias field correction
    003_S_4350: Step 2/10: N4 bias field correction
    003_S_4441: Step 2/10: N4 bias field correction
    003_S_4872: Step 2/10: N4 bias field correction
    003_S_4900: Step 2/10: N4 bias field correction
    005_S_0221: Step 2/10: N4 bias field correction
    005_S_0222: Step 2/10: N4 bias field correction
    005_S_0546: Step 2/10: N4 bias field correction
    005_S_0610: Step 2/10: N4 bias field correction

[Live Progress] Done: 0 | Remaining: 630 | Failed: 0 | ETA: 0.0 min
  Active subjects:
    002_S_4171: Step 2/10: N4 bias field correction
    002_S_4213: Step 2/10: N4 bias field correction
    002_S_4225: Step 2/10: N4 bias field correction
    002_S_4229: Step 2/10: N4 bias field correction
    002_S_4270: Step 2/10: N4 bias field correction
    002_S_4447: Step 2/10: N4 bias field correction
    002_S_4473: Step 2/10: N4 bias field correction
    002_S_4654: Step 2/10: N4 bias field correction
    002_S_4746: Step 2/10: N4 bias field correction
    002_S_5018: Step 2/10: N4 bias field correction
    003_S_4288: Step 2/10: N4 bias field correction
    003_S_4350: Step 2/10: N4 bias field correction
    003_S_4441: Step 2/10: N4 bias field correction
    003_S_4872: Step 2/10: N4 bias field correction
    003_S_4900: Step 2/10: N4 bias field correction
    005_S_0221: Step 2/10: N4 bias field correction
    005_S_0222: Step 2/10: N4 bias field correction
    005_S_0546: Step 2/10: N4 bias field correction
    005_S_0610: Step 2/10: N4 bias field correction

[Live Progress] Done: 0 | Remaining: 630 | Failed: 0 | ETA: 0.0 min
  Active subjects:
    002_S_4171: Step 2/10: N4 bias field correction
    002_S_4213: Step 2/10: N4 bias field correction
    002_S_4225: Step 2/10: N4 bias field correction
    002_S_4229: Step 2/10: N4 bias field correction
    002_S_4270: Step 2/10: N4 bias field correction
    002_S_4447: Step 2/10: N4 bias field correction
    002_S_4473: Step 2/10: N4 bias field correction
    002_S_4654: Step 2/10: N4 bias field correction
    002_S_4746: Step 2/10: N4 bias field correction
    002_S_5018: Step 2/10: N4 bias field correction
    003_S_4288: Step 2/10: N4 bias field correction
    003_S_4350: Step 2/10: N4 bias field correction
    003_S_4441: Step 2/10: N4 bias field correction
    003_S_4872: Step 2/10: N4 bias field correction
    003_S_4900: Step 2/10: N4 bias field correction
    005_S_0221: Step 2/10: N4 bias field correction
    005_S_0222: Step 2/10: N4 bias field correction
    005_S_0546: Step 2/10: N4 bias field correction
    005_S_0610: Step 2/10: N4 bias field correction

[Live Progress] Done: 0 | Remaining: 630 | Failed: 0 | ETA: 0.0 min
  Active subjects:
    002_S_4171: Step 2/10: N4 bias field correction
    002_S_4213: Step 2/10: N4 bias field correction
    002_S_4225: Step 2/10: N4 bias field correction
    002_S_4229: Step 2/10: N4 bias field correction
    002_S_4270: Step 2/10: N4 bias field correction
    002_S_4447: Step 2/10: N4 bias field correction
    002_S_4473: Step 2/10: N4 bias field correction
    002_S_4654: Step 2/10: N4 bias field correction
    002_S_4746: Step 2/10: N4 bias field correction
    002_S_5018: Step 2/10: N4 bias field correction
    003_S_4288: Step 2/10: N4 bias field correction
    003_S_4350: Step 2/10: N4 bias field correction
    003_S_4441: Step 2/10: N4 bias field correction
    003_S_4872: Step 2/10: N4 bias field correction
    003_S_4900: Step 2/10: N4 bias field correction
    005_S_0221: Step 2/10: N4 bias field correction
    005_S_0222: Step 2/10: N4 bias field correction
    005_S_0546: Step 2/10: N4 bias field correction
    005_S_0610: Step 2/10: N4 bias field correction

[Live Progress] Done: 0 | Remaining: 630 | Failed: 0 | ETA: 0.0 min
  Active subjects:
    002_S_4171: Step 2/10: N4 bias field correction
    002_S_4213: Step 2/10: N4 bias field correction
    002_S_4225: Step 2/10: N4 bias field correction
    002_S_4229: Step 2/10: N4 bias field correction
    002_S_4270: Step 2/10: N4 bias field correction
    002_S_4447: Step 2/10: N4 bias field correction
    002_S_4473: Step 2/10: N4 bias field correction
    002_S_4654: Step 2/10: N4 bias field correction
    002_S_4746: Step 2/10: N4 bias field correction
    002_S_5018: Step 2/10: N4 bias field correction
    003_S_4288: Step 2/10: N4 bias field correction
    003_S_4350: Step 2/10: N4 bias field correction
    003_S_4441: Step 2/10: N4 bias field correction
    003_S_4872: Step 2/10: N4 bias field correction
    003_S_4900: Step 2/10: N4 bias field correction
    005_S_0221: Step 2/10: N4 bias field correction
    005_S_0222: Step 2/10: N4 bias field correction
    005_S_0546: Step 2/10: N4 bias field correction
    005_S_0610: Step 2/10: N4 bias field correction

[Live Progress] Done: 0 | Remaining: 630 | Failed: 0 | ETA: 0.0 min
  Active subjects:
    002_S_4171: Step 2/10: N4 bias field correction
    002_S_4213: Step 2/10: N4 bias field correction
    002_S_4225: Step 2/10: N4 bias field correction
    002_S_4229: Step 2/10: N4 bias field correction
    002_S_4270: Step 2/10: N4 bias field correction
    002_S_4447: Step 2/10: N4 bias field correction
    002_S_4473: Step 2/10: N4 bias field correction
    002_S_4654: Step 2/10: N4 bias field correction
    002_S_4746: Step 2/10: N4 bias field correction
    002_S_5018: Step 2/10: N4 bias field correction
    003_S_4288: Step 2/10: N4 bias field correction
    003_S_4350: Step 2/10: N4 bias field correction
    003_S_4441: Step 2/10: N4 bias field correction
    003_S_4872: Step 2/10: N4 bias field correction
    003_S_4900: Step 2/10: N4 bias field correction
    005_S_0221: Step 2/10: N4 bias field correction
    005_S_0222: Step 2/10: N4 bias field correction
    005_S_0546: Step 2/10: N4 bias field correction
    005_S_0610: Step 2/10: N4 bias field correction

[Live Progress] Done: 0 | Remaining: 630 | Failed: 0 | ETA: 0.0 min
  Active subjects:
    002_S_4171: Step 2/10: N4 bias field correction
    002_S_4213: Step 2/10: N4 bias field correction
    002_S_4225: Step 2/10: N4 bias field correction
    002_S_4229: Step 2/10: N4 bias field correction
    002_S_4270: Step 2/10: N4 bias field correction
    002_S_4447: Step 2/10: N4 bias field correction
    002_S_4473: Step 2/10: N4 bias field correction
    002_S_4654: Step 2/10: N4 bias field correction
    002_S_4746: Step 2/10: N4 bias field correction
    002_S_5018: Step 2/10: N4 bias field correction
    003_S_4288: Step 2/10: N4 bias field correction
    003_S_4350: Step 2/10: N4 bias field correction
    003_S_4441: Step 2/10: N4 bias field correction
    003_S_4872: Step 2/10: N4 bias field correction
    003_S_4900: Step 2/10: N4 bias field correction
    005_S_0221: Step 2/10: N4 bias field correction
    005_S_0222: Step 2/10: N4 bias field correction
    005_S_0546: Step 2/10: N4 bias field correction
    005_S_0610: Step 2/10: N4 bias field correction

[Live Progress] Done: 0 | Remaining: 630 | Failed: 0 | ETA: 0.0 min
  Active subjects:
    002_S_4171: Step 2/10: N4 bias field correction
    002_S_4213: Step 2/10: N4 bias field correction
    002_S_4225: Step 2/10: N4 bias field correction
    002_S_4229: Step 2/10: N4 bias field correction
    002_S_4270: Step 2/10: N4 bias field correction
    002_S_4447: Step 2/10: N4 bias field correction
    002_S_4473: Step 2/10: N4 bias field correction
    002_S_4654: Step 2/10: N4 bias field correction
    002_S_4746: Step 2/10: N4 bias field correction
    002_S_5018: Step 2/10: N4 bias field correction
    003_S_4288: Step 2/10: N4 bias field correction
    003_S_4350: Step 2/10: N4 bias field correction
    003_S_4441: Step 2/10: N4 bias field correction
    003_S_4872: Step 2/10: N4 bias field correction
    003_S_4900: Step 2/10: N4 bias field correction
    005_S_0221: Step 2/10: N4 bias field correction
    005_S_0222: Step 2/10: N4 bias field correction
    005_S_0546: Step 2/10: N4 bias field correction
    005_S_0610: Step 2/10: N4 bias field correction

[Live Progress] Done: 0 | Remaining: 630 | Failed: 0 | ETA: 0.0 min
  Active subjects:
    002_S_4171: Step 2/10: N4 bias field correction
    002_S_4213: Step 2/10: N4 bias field correction
    002_S_4225: Step 2/10: N4 bias field correction
    002_S_4229: Step 2/10: N4 bias field correction
    002_S_4270: Step 2/10: N4 bias field correction
    002_S_4447: Step 2/10: N4 bias field correction
    002_S_4473: Step 2/10: N4 bias field correction
    002_S_4654: Step 2/10: N4 bias field correction
    002_S_4746: Step 2/10: N4 bias field correction
    002_S_5018: Step 2/10: N4 bias field correction
    003_S_4288: Step 2/10: N4 bias field correction
    003_S_4350: Step 2/10: N4 bias field correction
    003_S_4441: Step 2/10: N4 bias field correction
    003_S_4872: Step 2/10: N4 bias field correction
    003_S_4900: Step 2/10: N4 bias field correction
    005_S_0221: Step 2/10: N4 bias field correction
    005_S_0222: Step 2/10: N4 bias field correction
    005_S_0546: Step 2/10: N4 bias field correction
    005_S_0610: Step 2/10: N4 bias field correction

[Live Progress] Done: 0 | Remaining: 630 | Failed: 0 | ETA: 0.0 min
  Active subjects:
    002_S_4171: Step 2/10: N4 bias field correction
    002_S_4213: Step 2/10: N4 bias field correction
    002_S_4225: Step 2/10: N4 bias field correction
    002_S_4229: Step 2/10: N4 bias field correction
    002_S_4270: Step 2/10: N4 bias field correction
    002_S_4447: Step 2/10: N4 bias field correction
    002_S_4473: Step 2/10: N4 bias field correction
    002_S_4654: Step 2/10: N4 bias field correction
    002_S_4746: Step 2/10: N4 bias field correction
    002_S_5018: Step 2/10: N4 bias field correction
    003_S_4288: Step 2/10: N4 bias field correction
    003_S_4350: Step 2/10: N4 bias field correction
    003_S_4441: Step 2/10: N4 bias field correction
    003_S_4872: Step 2/10: N4 bias field correction
    003_S_4900: Step 2/10: N4 bias field correction
    005_S_0221: Step 2/10: N4 bias field correction
    005_S_0222: Step 2/10: N4 bias field correction
    005_S_0546: Step 2/10: N4 bias field correction
    005_S_0610: Step 2/10: N4 bias field correction

[Live Progress] Done: 0 | Remaining: 630 | Failed: 0 | ETA: 0.0 min
  Active subjects:
    002_S_4171: Step 2/10: N4 bias field correction
    002_S_4213: Step 2/10: N4 bias field correction
    002_S_4225: Step 2/10: N4 bias field correction
    002_S_4229: Step 2/10: N4 bias field correction
    002_S_4270: Step 2/10: N4 bias field correction
    002_S_4447: Step 2/10: N4 bias field correction
    002_S_4473: Step 2/10: N4 bias field correction
    002_S_4654: Step 2/10: N4 bias field correction
    002_S_4746: Step 2/10: N4 bias field correction
    002_S_5018: Step 2/10: N4 bias field correction
    003_S_4288: Step 2/10: N4 bias field correction
    003_S_4350: Step 2/10: N4 bias field correction
    003_S_4441: Step 2/10: N4 bias field correction
    003_S_4872: Step 2/10: N4 bias field correction
    003_S_4900: Step 2/10: N4 bias field correction
    005_S_0221: Step 2/10: N4 bias field correction
    005_S_0222: Step 2/10: N4 bias field correction
    005_S_0546: Step 2/10: N4 bias field correction
    005_S_0610: Step 2/10: N4 bias field correction

[Live Progress] Done: 0 | Remaining: 630 | Failed: 0 | ETA: 0.0 min
  Active subjects:
    002_S_4171: Step 2/10: N4 bias field correction
    002_S_4213: Step 2/10: N4 bias field correction
    002_S_4225: Step 2/10: N4 bias field correction
    002_S_4229: Step 2/10: N4 bias field correction
    002_S_4270: Step 2/10: N4 bias field correction
    002_S_4447: Step 2/10: N4 bias field correction
    002_S_4473: Step 2/10: N4 bias field correction
    002_S_4654: Step 2/10: N4 bias field correction
    002_S_4746: Step 2/10: N4 bias field correction
    002_S_5018: Step 2/10: N4 bias field correction
    003_S_4288: Step 2/10: N4 bias field correction
    003_S_4350: Step 2/10: N4 bias field correction
    003_S_4441: Step 2/10: N4 bias field correction
    003_S_4872: Step 2/10: N4 bias field correction
    003_S_4900: Step 2/10: N4 bias field correction
    005_S_0221: Step 2/10: N4 bias field correction
    005_S_0222: Step 2/10: N4 bias field correction
    005_S_0546: Step 2/10: N4 bias field correction
    005_S_0610: Step 2/10: N4 bias field correction

[Live Progress] Done: 0 | Remaining: 630 | Failed: 0 | ETA: 0.0 min
  Active subjects:
    002_S_4171: Step 2/10: N4 bias field correction
    002_S_4213: Step 2/10: N4 bias field correction
    002_S_4225: Step 2/10: N4 bias field correction
    002_S_4229: Step 2/10: N4 bias field correction
    002_S_4270: Step 2/10: N4 bias field correction
    002_S_4447: Step 2/10: N4 bias field correction
    002_S_4473: Step 2/10: N4 bias field correction
    002_S_4654: Step 2/10: N4 bias field correction
    002_S_4746: Step 2/10: N4 bias field correction
    002_S_5018: Step 2/10: N4 bias field correction
    003_S_4288: Step 2/10: N4 bias field correction
    003_S_4350: Step 2/10: N4 bias field correction
    003_S_4441: Step 2/10: N4 bias field correction
    003_S_4872: Step 2/10: N4 bias field correction
    003_S_4900: Step 2/10: N4 bias field correction
    005_S_0221: Step 2/10: N4 bias field correction
    005_S_0222: Step 2/10: N4 bias field correction
    005_S_0546: Step 2/10: N4 bias field correction
    005_S_0610: Step 2/10: N4 bias field correction

[Live Progress] Done: 0 | Remaining: 630 | Failed: 0 | ETA: 0.0 min
  Active subjects:
    002_S_4171: Step 2/10: N4 bias field correction
    002_S_4213: Step 2/10: N4 bias field correction
    002_S_4225: Step 2/10: N4 bias field correction
    002_S_4229: Step 2/10: N4 bias field correction
    002_S_4270: Step 2/10: N4 bias field correction
    002_S_4447: Step 2/10: N4 bias field correction
    002_S_4473: Step 2/10: N4 bias field correction
    002_S_4654: Step 2/10: N4 bias field correction
    002_S_4746: Step 2/10: N4 bias field correction
    002_S_5018: Step 2/10: N4 bias field correction
    003_S_4288: Step 2/10: N4 bias field correction
    003_S_4350: Step 2/10: N4 bias field correction
    003_S_4441: Step 2/10: N4 bias field correction
    003_S_4872: Step 2/10: N4 bias field correction
    003_S_4900: Step 2/10: N4 bias field correction
    005_S_0221: Step 2/10: N4 bias field correction
    005_S_0222: Step 2/10: N4 bias field correction
    005_S_0546: Step 2/10: N4 bias field correction
    005_S_0610: Step 2/10: N4 bias field correction

[Live Progress] Done: 0 | Remaining: 630 | Failed: 0 | ETA: 0.0 min
  Active subjects:
    002_S_4171: Step 2/10: N4 bias field correction
    002_S_4213: Step 2/10: N4 bias field correction
    002_S_4225: Step 2/10: N4 bias field correction
    002_S_4229: Step 2/10: N4 bias field correction
    002_S_4270: Step 2/10: N4 bias field correction
    002_S_4447: Step 2/10: N4 bias field correction
    002_S_4473: Step 2/10: N4 bias field correction
    002_S_4654: Step 2/10: N4 bias field correction
    002_S_4746: Step 2/10: N4 bias field correction
    002_S_5018: Step 2/10: N4 bias field correction
    003_S_4288: Step 2/10: N4 bias field correction
    003_S_4350: Step 2/10: N4 bias field correction
    003_S_4441: Step 2/10: N4 bias field correction
    003_S_4872: Step 2/10: N4 bias field correction
    003_S_4900: Step 2/10: N4 bias field correction
    005_S_0221: Step 2/10: N4 bias field correction
    005_S_0222: Step 2/10: N4 bias field correction
    005_S_0546: Step 2/10: N4 bias field correction
    005_S_0610: Step 2/10: N4 bias field correction

[Live Progress] Done: 0 | Remaining: 630 | Failed: 0 | ETA: 0.0 min
  Active subjects:
    002_S_4171: Step 2/10: N4 bias field correction
    002_S_4213: Step 2/10: N4 bias field correction
    002_S_4225: Step 2/10: N4 bias field correction
    002_S_4229: Step 2/10: N4 bias field correction
    002_S_4270: Step 2/10: N4 bias field correction
    002_S_4447: Step 2/10: N4 bias field correction
    002_S_4473: Step 2/10: N4 bias field correction
    002_S_4654: Step 2/10: N4 bias field correction
    002_S_4746: Step 2/10: N4 bias field correction
    002_S_5018: Step 2/10: N4 bias field correction
    003_S_4288: Step 2/10: N4 bias field correction
    003_S_4350: Step 2/10: N4 bias field correction
    003_S_4441: Step 2/10: N4 bias field correction
    003_S_4872: Step 2/10: N4 bias field correction
    003_S_4900: Step 2/10: N4 bias field correction
    005_S_0221: Step 2/10: N4 bias field correction
    005_S_0222: Step 2/10: N4 bias field correction
    005_S_0546: Step 2/10: N4 bias field correction
    005_S_0610: Step 2/10: N4 bias field correction

[Live Progress] Done: 0 | Remaining: 630 | Failed: 0 | ETA: 0.0 min
  Active subjects:
    002_S_4171: Step 2/10: N4 bias field correction
    002_S_4213: Step 2/10: N4 bias field correction
    002_S_4225: Step 2/10: N4 bias field correction
    002_S_4229: Step 2/10: N4 bias field correction
    002_S_4270: Step 2/10: N4 bias field correction
    002_S_4447: Step 2/10: N4 bias field correction
    002_S_4473: Step 2/10: N4 bias field correction
    002_S_4654: Step 2/10: N4 bias field correction
    002_S_4746: Step 2/10: N4 bias field correction
    002_S_5018: Step 2/10: N4 bias field correction
    003_S_4288: Step 2/10: N4 bias field correction
    003_S_4350: Step 2/10: N4 bias field correction
    003_S_4441: Step 2/10: N4 bias field correction
    003_S_4872: Step 2/10: N4 bias field correction
    003_S_4900: Step 2/10: N4 bias field correction
    005_S_0221: Step 2/10: N4 bias field correction
    005_S_0222: Step 2/10: N4 bias field correction
    005_S_0546: Step 2/10: N4 bias field correction
    005_S_0610: Step 2/10: N4 bias field correction

[Live Progress] Done: 0 | Remaining: 630 | Failed: 0 | ETA: 0.0 min
  Active subjects:
    002_S_4171: Step 2/10: N4 bias field correction
    002_S_4213: Step 2/10: N4 bias field correction
    002_S_4225: Step 2/10: N4 bias field correction
    002_S_4229: Step 2/10: N4 bias field correction
    002_S_4270: Step 2/10: N4 bias field correction
    002_S_4447: Step 2/10: N4 bias field correction
    002_S_4473: Step 2/10: N4 bias field correction
    002_S_4654: Step 2/10: N4 bias field correction
    002_S_4746: Step 2/10: N4 bias field correction
    002_S_5018: Step 2/10: N4 bias field correction
    003_S_4288: Step 2/10: N4 bias field correction
    003_S_4350: Step 2/10: N4 bias field correction
    003_S_4441: Step 2/10: N4 bias field correction
    003_S_4872: Step 2/10: N4 bias field correction
    003_S_4900: Step 2/10: N4 bias field correction
    005_S_0221: Step 2/10: N4 bias field correction
    005_S_0222: Step 2/10: N4 bias field correction
    005_S_0546: Step 2/10: N4 bias field correction
    005_S_0610: Step 2/10: N4 bias field correction

[Live Progress] Done: 0 | Remaining: 630 | Failed: 0 | ETA: 0.0 min
  Active subjects:
    002_S_4171: Step 2/10: N4 bias field correction
    002_S_4213: Step 2/10: N4 bias field correction
    002_S_4225: Step 2/10: N4 bias field correction
    002_S_4229: Step 2/10: N4 bias field correction
    002_S_4270: Step 2/10: N4 bias field correction
    002_S_4447: Step 2/10: N4 bias field correction
    002_S_4473: Step 2/10: N4 bias field correction
    002_S_4654: Step 2/10: N4 bias field correction
    002_S_4746: Step 2/10: N4 bias field correction
    002_S_5018: Step 2/10: N4 bias field correction
    003_S_4288: Step 2/10: N4 bias field correction
    003_S_4350: Step 2/10: N4 bias field correction
    003_S_4441: Step 2/10: N4 bias field correction
    003_S_4872: Step 2/10: N4 bias field correction
    003_S_4900: Step 2/10: N4 bias field correction
    005_S_0221: Step 2/10: N4 bias field correction
    005_S_0222: Step 2/10: N4 bias field correction
    005_S_0546: Step 2/10: N4 bias field correction
    005_S_0610: Step 2/10: N4 bias field correction

[Live Progress] Done: 0 | Remaining: 630 | Failed: 0 | ETA: 0.0 min
  Active subjects:
    002_S_4171: Step 2/10: N4 bias field correction
    002_S_4213: Step 2/10: N4 bias field correction
    002_S_4225: Step 2/10: N4 bias field correction
    002_S_4229: Step 2/10: N4 bias field correction
    002_S_4270: Step 2/10: N4 bias field correction
    002_S_4447: Step 2/10: N4 bias field correction
    002_S_4473: Step 2/10: N4 bias field correction
    002_S_4654: Step 2/10: N4 bias field correction
    002_S_4746: Step 2/10: N4 bias field correction
    002_S_5018: Step 2/10: N4 bias field correction
    003_S_4288: Step 2/10: N4 bias field correction
    003_S_4350: Step 2/10: N4 bias field correction
    003_S_4441: Step 2/10: N4 bias field correction
    003_S_4872: Step 2/10: N4 bias field correction
    003_S_4900: Step 2/10: N4 bias field correction
    005_S_0221: Step 2/10: N4 bias field correction
    005_S_0222: Step 2/10: N4 bias field correction
    005_S_0546: Step 2/10: N4 bias field correction
    005_S_0610: Step 2/10: N4 bias field correction

[Live Progress] Done: 0 | Remaining: 630 | Failed: 0 | ETA: 0.0 min
  Active subjects:
    002_S_4171: Step 2/10: N4 bias field correction
    002_S_4213: Step 2/10: N4 bias field correction
    002_S_4225: Step 2/10: N4 bias field correction
    002_S_4229: Step 2/10: N4 bias field correction
    002_S_4270: Step 2/10: N4 bias field correction
    002_S_4447: Step 2/10: N4 bias field correction
    002_S_4473: Step 2/10: N4 bias field correction
    002_S_4654: Step 2/10: N4 bias field correction
    002_S_4746: Step 2/10: N4 bias field correction
    002_S_5018: Step 2/10: N4 bias field correction
    003_S_4288: Step 2/10: N4 bias field correction
    003_S_4350: Step 2/10: N4 bias field correction
    003_S_4441: Step 2/10: N4 bias field correction
    003_S_4872: Step 2/10: N4 bias field correction
    003_S_4900: Step 2/10: N4 bias field correction
    005_S_0221: Step 2/10: N4 bias field correction
    005_S_0222: Step 2/10: N4 bias field correction
    005_S_0546: Step 2/10: N4 bias field correction
    005_S_0610: Step 2/10: N4 bias field correction

[Live Progress] Done: 0 | Remaining: 630 | Failed: 0 | ETA: 0.0 min
  Active subjects:
    002_S_4171: Step 2/10: N4 bias field correction
    002_S_4213: Step 2/10: N4 bias field correction
    002_S_4225: Step 2/10: N4 bias field correction
    002_S_4229: Step 2/10: N4 bias field correction
    002_S_4270: Step 2/10: N4 bias field correction
    002_S_4447: Step 2/10: N4 bias field correction
    002_S_4473: Step 2/10: N4 bias field correction
    002_S_4654: Step 2/10: N4 bias field correction
    002_S_4746: Step 2/10: N4 bias field correction
    002_S_5018: Step 2/10: N4 bias field correction
    003_S_4288: Step 2/10: N4 bias field correction
    003_S_4350: Step 2/10: N4 bias field correction
    003_S_4441: Step 2/10: N4 bias field correction
    003_S_4872: Step 2/10: N4 bias field correction
    003_S_4900: Step 2/10: N4 bias field correction
    005_S_0221: Step 2/10: N4 bias field correction
    005_S_0222: Step 2/10: N4 bias field correction
    005_S_0546: Step 2/10: N4 bias field correction
    005_S_0610: Step 2/10: N4 bias field correction

[Live Progress] Done: 0 | Remaining: 630 | Failed: 0 | ETA: 0.0 min
  Active subjects:
    002_S_4171: Step 2/10: N4 bias field correction
    002_S_4213: Step 2/10: N4 bias field correction
    002_S_4225: Step 2/10: N4 bias field correction
    002_S_4229: Step 2/10: N4 bias field correction
    002_S_4270: Step 2/10: N4 bias field correction
    002_S_4447: Step 2/10: N4 bias field correction
    002_S_4473: Step 2/10: N4 bias field correction
    002_S_4654: Step 2/10: N4 bias field correction
    002_S_4746: Step 2/10: N4 bias field correction
    002_S_5018: Step 2/10: N4 bias field correction
    003_S_4288: Step 2/10: N4 bias field correction
    003_S_4350: Step 2/10: N4 bias field correction
    003_S_4441: Step 2/10: N4 bias field correction
    003_S_4872: Step 2/10: N4 bias field correction
    003_S_4900: Step 2/10: N4 bias field correction
    005_S_0221: Step 2/10: N4 bias field correction
    005_S_0222: Step 2/10: N4 bias field correction
    005_S_0546: Step 2/10: N4 bias field correction
    005_S_0610: Step 2/10: N4 bias field correction

[Live Progress] Done: 0 | Remaining: 630 | Failed: 0 | ETA: 0.0 min
  Active subjects:
    002_S_4171: Step 2/10: N4 bias field correction
    002_S_4213: Step 2/10: N4 bias field correction
    002_S_4225: Step 2/10: N4 bias field correction
    002_S_4229: Step 2/10: N4 bias field correction
    002_S_4270: Step 2/10: N4 bias field correction
    002_S_4447: Step 2/10: N4 bias field correction
    002_S_4473: Step 2/10: N4 bias field correction
    002_S_4654: Step 2/10: N4 bias field correction
    002_S_4746: Step 2/10: N4 bias field correction
    002_S_5018: Step 2/10: N4 bias field correction
    003_S_4288: Step 2/10: N4 bias field correction
    003_S_4350: Step 2/10: N4 bias field correction
    003_S_4441: Step 2/10: N4 bias field correction
    003_S_4872: Step 2/10: N4 bias field correction
    003_S_4900: Step 2/10: N4 bias field correction
    005_S_0221: Step 2/10: N4 bias field correction
    005_S_0222: Step 2/10: N4 bias field correction
    005_S_0546: Step 2/10: N4 bias field correction
    005_S_0610: Step 2/10: N4 bias field correction

[Live Progress] Done: 0 | Remaining: 630 | Failed: 0 | ETA: 0.0 min
  Active subjects:
    002_S_4171: Step 2/10: N4 bias field correction
    002_S_4213: Step 2/10: N4 bias field correction
    002_S_4225: Step 2/10: N4 bias field correction
    002_S_4229: Step 2/10: N4 bias field correction
    002_S_4270: Step 2/10: N4 bias field correction
    002_S_4447: Step 2/10: N4 bias field correction
    002_S_4473: Step 2/10: N4 bias field correction
    002_S_4654: Step 2/10: N4 bias field correction
    002_S_4746: Step 2/10: N4 bias field correction
    002_S_5018: Step 2/10: N4 bias field correction
    003_S_4288: Step 2/10: N4 bias field correction
    003_S_4350: Step 2/10: N4 bias field correction
    003_S_4441: Step 2/10: N4 bias field correction
    003_S_4872: Step 2/10: N4 bias field correction
    003_S_4900: Step 2/10: N4 bias field correction
    005_S_0221: Step 2/10: N4 bias field correction
    005_S_0222: Step 2/10: N4 bias field correction
    005_S_0546: Step 2/10: N4 bias field correction
    005_S_0610: Step 2/10: N4 bias field correction

[Live Progress] Done: 0 | Remaining: 630 | Failed: 0 | ETA: 0.0 min
  Active subjects:
    002_S_4171: Step 2/10: N4 bias field correction
    002_S_4213: Step 2/10: N4 bias field correction
    002_S_4225: Step 2/10: N4 bias field correction
    002_S_4229: Step 2/10: N4 bias field correction
    002_S_4270: Step 2/10: N4 bias field correction
    002_S_4447: Step 2/10: N4 bias field correction
    002_S_4473: Step 2/10: N4 bias field correction
    002_S_4654: Step 2/10: N4 bias field correction
    002_S_4746: Step 2/10: N4 bias field correction
    002_S_5018: Step 2/10: N4 bias field correction
    003_S_4288: Step 2/10: N4 bias field correction
    003_S_4350: Step 2/10: N4 bias field correction
    003_S_4441: Step 2/10: N4 bias field correction
    003_S_4872: Step 2/10: N4 bias field correction
    003_S_4900: Step 2/10: N4 bias field correction
    005_S_0221: Step 2/10: N4 bias field correction
    005_S_0222: Step 2/10: N4 bias field correction
    005_S_0546: Step 2/10: N4 bias field correction
    005_S_0610: Step 2/10: N4 bias field correction

[Live Progress] Done: 0 | Remaining: 630 | Failed: 0 | ETA: 0.0 min
  Active subjects:
    002_S_4171: Step 2/10: N4 bias field correction
    002_S_4213: Step 2/10: N4 bias field correction
    002_S_4225: Step 2/10: N4 bias field correction
    002_S_4229: Step 2/10: N4 bias field correction
    002_S_4270: Step 2/10: N4 bias field correction
    002_S_4447: Step 2/10: N4 bias field correction
    002_S_4473: Step 2/10: N4 bias field correction
    002_S_4654: Step 2/10: N4 bias field correction
    002_S_4746: Step 2/10: N4 bias field correction
    002_S_5018: Step 2/10: N4 bias field correction
    003_S_4288: Step 2/10: N4 bias field correction
    003_S_4350: Step 2/10: N4 bias field correction
    003_S_4441: Step 2/10: N4 bias field correction
    003_S_4872: Step 2/10: N4 bias field correction
    003_S_4900: Step 2/10: N4 bias field correction
    005_S_0221: Step 2/10: N4 bias field correction
    005_S_0222: Step 2/10: N4 bias field correction
    005_S_0546: Step 2/10: N4 bias field correction
    005_S_0610: Step 2/10: N4 bias field correction

[Live Progress] Done: 0 | Remaining: 630 | Failed: 0 | ETA: 0.0 min
  Active subjects:
    002_S_4171: Step 2/10: N4 bias field correction
    002_S_4213: Step 2/10: N4 bias field correction
    002_S_4225: Step 2/10: N4 bias field correction
    002_S_4229: Step 2/10: N4 bias field correction
    002_S_4270: Step 2/10: N4 bias field correction
    002_S_4447: Step 2/10: N4 bias field correction
    002_S_4473: Step 2/10: N4 bias field correction
    002_S_4654: Step 2/10: N4 bias field correction
    002_S_4746: Step 2/10: N4 bias field correction
    002_S_5018: Step 2/10: N4 bias field correction
    003_S_4288: Step 2/10: N4 bias field correction
    003_S_4350: Step 2/10: N4 bias field correction
    003_S_4441: Step 2/10: N4 bias field correction
    003_S_4872: Step 2/10: N4 bias field correction
    003_S_4900: Step 2/10: N4 bias field correction
    005_S_0221: Step 2/10: N4 bias field correction
    005_S_0222: Step 2/10: N4 bias field correction
    005_S_0546: Step 2/10: N4 bias field correction
    005_S_0610: Step 2/10: N4 bias field correction

[Live Progress] Done: 0 | Remaining: 630 | Failed: 0 | ETA: 0.0 min
  Active subjects:
    002_S_4171: Step 2/10: N4 bias field correction
    002_S_4213: Step 2/10: N4 bias field correction
    002_S_4225: Step 2/10: N4 bias field correction
    002_S_4229: Step 2/10: N4 bias field correction
    002_S_4270: Step 2/10: N4 bias field correction
    002_S_4447: Step 2/10: N4 bias field correction
    002_S_4473: Step 2/10: N4 bias field correction
    002_S_4654: Step 2/10: N4 bias field correction
    002_S_4746: Step 2/10: N4 bias field correction
    002_S_5018: Step 2/10: N4 bias field correction
    003_S_4288: Step 2/10: N4 bias field correction
    003_S_4350: Step 2/10: N4 bias field correction
    003_S_4441: Step 2/10: N4 bias field correction
    003_S_4872: Step 2/10: N4 bias field correction
    003_S_4900: Step 2/10: N4 bias field correction
    005_S_0221: Step 2/10: N4 bias field correction
    005_S_0222: Step 2/10: N4 bias field correction
    005_S_0546: Step 2/10: N4 bias field correction
    005_S_0610: Step 2/10: N4 bias field correction

[Live Progress] Done: 0 | Remaining: 630 | Failed: 0 | ETA: 0.0 min
  Active subjects:
    002_S_4171: Step 2/10: N4 bias field correction
    002_S_4213: Step 2/10: N4 bias field correction
    002_S_4225: Step 2/10: N4 bias field correction
    002_S_4229: Step 2/10: N4 bias field correction
    002_S_4270: Step 2/10: N4 bias field correction
    002_S_4447: Step 2/10: N4 bias field correction
    002_S_4473: Step 2/10: N4 bias field correction
    002_S_4654: Step 2/10: N4 bias field correction
    002_S_4746: Step 2/10: N4 bias field correction
    002_S_5018: Step 2/10: N4 bias field correction
    003_S_4288: Step 2/10: N4 bias field correction
    003_S_4350: Step 2/10: N4 bias field correction
    003_S_4441: Step 2/10: N4 bias field correction
    003_S_4872: Step 2/10: N4 bias field correction
    003_S_4900: Step 2/10: N4 bias field correction
    005_S_0221: Step 2/10: N4 bias field correction
    005_S_0222: Step 2/10: N4 bias field correction
    005_S_0546: Step 2/10: N4 bias field correction
    005_S_0610: Step 2/10: N4 bias field correction

[Live Progress] Done: 0 | Remaining: 630 | Failed: 0 | ETA: 0.0 min
  Active subjects:
    002_S_4171: Step 2/10: N4 bias field correction
    002_S_4213: Step 2/10: N4 bias field correction
    002_S_4225: Step 2/10: N4 bias field correction
    002_S_4229: Step 2/10: N4 bias field correction
    002_S_4270: Step 2/10: N4 bias field correction
    002_S_4447: Step 2/10: N4 bias field correction
    002_S_4473: Step 2/10: N4 bias field correction
    002_S_4654: Step 2/10: N4 bias field correction
    002_S_4746: Step 2/10: N4 bias field correction
    002_S_5018: Step 2/10: N4 bias field correction
    003_S_4288: Step 2/10: N4 bias field correction
    003_S_4350: Step 2/10: N4 bias field correction
    003_S_4441: Step 2/10: N4 bias field correction
    003_S_4872: Step 2/10: N4 bias field correction
    003_S_4900: Step 2/10: N4 bias field correction
    005_S_0221: Step 2/10: N4 bias field correction
    005_S_0222: Step 2/10: N4 bias field correction
    005_S_0546: Step 2/10: N4 bias field correction
    005_S_0610: Step 2/10: N4 bias field correction

[Live Progress] Done: 0 | Remaining: 630 | Failed: 0 | ETA: 0.0 min
  Active subjects:
    002_S_4171: Step 2/10: N4 bias field correction
    002_S_4213: Step 2/10: N4 bias field correction
    002_S_4225: Step 2/10: N4 bias field correction
    002_S_4229: Step 2/10: N4 bias field correction
    002_S_4270: Step 2/10: N4 bias field correction
    002_S_4447: Step 2/10: N4 bias field correction
    002_S_4473: Step 2/10: N4 bias field correction
    002_S_4654: Step 2/10: N4 bias field correction
    002_S_4746: Step 2/10: N4 bias field correction
    002_S_5018: Step 2/10: N4 bias field correction
    003_S_4288: Step 2/10: N4 bias field correction
    003_S_4350: Step 2/10: N4 bias field correction
    003_S_4441: Step 2/10: N4 bias field correction
    003_S_4872: Step 2/10: N4 bias field correction
    003_S_4900: Step 2/10: N4 bias field correction
    005_S_0221: Step 2/10: N4 bias field correction
    005_S_0222: Step 2/10: N4 bias field correction
    005_S_0546: Step 2/10: N4 bias field correction
    005_S_0610: Step 2/10: N4 bias field correction

[Live Progress] Done: 0 | Remaining: 630 | Failed: 0 | ETA: 0.0 min
  Active subjects:
    002_S_4171: Step 2/10: N4 bias field correction
    002_S_4213: Step 2/10: N4 bias field correction
    002_S_4225: Step 2/10: N4 bias field correction
    002_S_4229: Step 2/10: N4 bias field correction
    002_S_4270: Step 2/10: N4 bias field correction
    002_S_4447: Step 2/10: N4 bias field correction
    002_S_4473: Step 2/10: N4 bias field correction
    002_S_4654: Step 2/10: N4 bias field correction
    002_S_4746: Step 2/10: N4 bias field correction
    002_S_5018: Step 2/10: N4 bias field correction
    003_S_4288: Step 2/10: N4 bias field correction
    003_S_4350: Step 2/10: N4 bias field correction
    003_S_4441: Step 2/10: N4 bias field correction
    003_S_4872: Step 2/10: N4 bias field correction
    003_S_4900: Step 2/10: N4 bias field correction
    005_S_0221: Step 2/10: N4 bias field correction
    005_S_0222: Step 2/10: N4 bias field correction
    005_S_0546: Step 2/10: N4 bias field correction
    005_S_0610: Step 2/10: N4 bias field correction

[Live Progress] Done: 0 | Remaining: 630 | Failed: 0 | ETA: 0.0 min
  Active subjects:
    002_S_4171: Step 2/10: N4 bias field correction
    002_S_4213: Step 2/10: N4 bias field correction
    002_S_4225: Step 2/10: N4 bias field correction
    002_S_4229: Step 2/10: N4 bias field correction
    002_S_4270: Step 2/10: N4 bias field correction
    002_S_4447: Step 2/10: N4 bias field correction
    002_S_4473: Step 2/10: N4 bias field correction
    002_S_4654: Step 2/10: N4 bias field correction
    002_S_4746: Step 2/10: N4 bias field correction
    002_S_5018: Step 2/10: N4 bias field correction
    003_S_4288: Step 2/10: N4 bias field correction
    003_S_4350: Step 2/10: N4 bias field correction
    003_S_4441: Step 2/10: N4 bias field correction
    003_S_4872: Step 2/10: N4 bias field correction
    003_S_4900: Step 2/10: N4 bias field correction
    005_S_0221: Step 2/10: N4 bias field correction
    005_S_0222: Step 2/10: N4 bias field correction
    005_S_0546: Step 2/10: N4 bias field correction
    005_S_0610: Step 2/10: N4 bias field correction

[Live Progress] Done: 0 | Remaining: 630 | Failed: 0 | ETA: 0.0 min
  Active subjects:
    002_S_4171: Step 2/10: N4 bias field correction
    002_S_4213: Step 2/10: N4 bias field correction
    002_S_4225: Step 2/10: N4 bias field correction
    002_S_4229: Step 2/10: N4 bias field correction
    002_S_4270: Step 2/10: N4 bias field correction
    002_S_4447: Step 2/10: N4 bias field correction
    002_S_4473: Step 2/10: N4 bias field correction
    002_S_4654: Step 2/10: N4 bias field correction
    002_S_4746: Step 2/10: N4 bias field correction
    002_S_5018: Step 2/10: N4 bias field correction
    003_S_4288: Step 2/10: N4 bias field correction
    003_S_4350: Step 2/10: N4 bias field correction
    003_S_4441: Step 2/10: N4 bias field correction
    003_S_4872: Step 2/10: N4 bias field correction
    003_S_4900: Step 2/10: N4 bias field correction
    005_S_0221: Step 2/10: N4 bias field correction
    005_S_0222: Step 2/10: N4 bias field correction
    005_S_0546: Step 2/10: N4 bias field correction
    005_S_0610: Step 2/10: N4 bias field correction

[Live Progress] Done: 0 | Remaining: 630 | Failed: 0 | ETA: 0.0 min
  Active subjects:
    002_S_4171: Step 2/10: N4 bias field correction
    002_S_4213: Step 2/10: N4 bias field correction
    002_S_4225: Step 2/10: N4 bias field correction
    002_S_4229: Step 2/10: N4 bias field correction
    002_S_4270: Step 2/10: N4 bias field correction
    002_S_4447: Step 2/10: N4 bias field correction
    002_S_4473: Step 2/10: N4 bias field correction
    002_S_4654: Step 2/10: N4 bias field correction
    002_S_4746: Step 2/10: N4 bias field correction
    002_S_5018: Step 2/10: N4 bias field correction
    003_S_4288: Step 2/10: N4 bias field correction
    003_S_4350: Step 2/10: N4 bias field correction
    003_S_4441: Step 2/10: N4 bias field correction
    003_S_4872: Step 2/10: N4 bias field correction
    003_S_4900: Step 2/10: N4 bias field correction
    005_S_0221: Step 2/10: N4 bias field correction
    005_S_0222: Step 2/10: N4 bias field correction
    005_S_0546: Step 2/10: N4 bias field correction
    005_S_0610: Step 2/10: N4 bias field correction

[Live Progress] Done: 0 | Remaining: 630 | Failed: 0 | ETA: 0.0 min
  Active subjects:
    002_S_4171: Step 2/10: N4 bias field correction
    002_S_4213: Step 2/10: N4 bias field correction
    002_S_4225: Step 2/10: N4 bias field correction
    002_S_4229: Step 2/10: N4 bias field correction
    002_S_4270: Step 2/10: N4 bias field correction
    002_S_4447: Step 2/10: N4 bias field correction
    002_S_4473: Step 2/10: N4 bias field correction
    002_S_4654: Step 2/10: N4 bias field correction
    002_S_4746: Step 2/10: N4 bias field correction
    002_S_5018: Step 2/10: N4 bias field correction
    003_S_4288: Step 2/10: N4 bias field correction
    003_S_4350: Step 2/10: N4 bias field correction
    003_S_4441: Step 2/10: N4 bias field correction
    003_S_4872: Step 2/10: N4 bias field correction
    003_S_4900: Step 2/10: N4 bias field correction
    005_S_0221: Step 2/10: N4 bias field correction
    005_S_0222: Step 2/10: N4 bias field correction
    005_S_0546: Step 2/10: N4 bias field correction
    005_S_0610: Step 2/10: N4 bias field correction

[Live Progress] Done: 0 | Remaining: 630 | Failed: 0 | ETA: 0.0 min
  Active subjects:
    002_S_4171: Step 2/10: N4 bias field correction
    002_S_4213: Step 2/10: N4 bias field correction
    002_S_4225: Step 2/10: N4 bias field correction
    002_S_4229: Step 2/10: N4 bias field correction
    002_S_4270: Step 2/10: N4 bias field correction
    002_S_4447: Step 2/10: N4 bias field correction
    002_S_4473: Step 2/10: N4 bias field correction
    002_S_4654: Step 2/10: N4 bias field correction
    002_S_4746: Step 2/10: N4 bias field correction
    002_S_5018: Step 2/10: N4 bias field correction
    003_S_4288: Step 2/10: N4 bias field correction
    003_S_4350: Step 2/10: N4 bias field correction
    003_S_4441: Step 2/10: N4 bias field correction
    003_S_4872: Step 2/10: N4 bias field correction
    003_S_4900: Step 2/10: N4 bias field correction
    005_S_0221: Step 2/10: N4 bias field correction
    005_S_0222: Step 2/10: N4 bias field correction
    005_S_0546: Step 2/10: N4 bias field correction
    005_S_0610: Step 2/10: N4 bias field correction

[Live Progress] Done: 0 | Remaining: 630 | Failed: 0 | ETA: 0.0 min
  Active subjects:
    002_S_4171: Step 2/10: N4 bias field correction
    002_S_4213: Step 2/10: N4 bias field correction
    002_S_4225: Step 2/10: N4 bias field correction
    002_S_4229: Step 2/10: N4 bias field correction
    002_S_4270: Step 2/10: N4 bias field correction
    002_S_4447: Step 2/10: N4 bias field correction
    002_S_4473: Step 2/10: N4 bias field correction
    002_S_4654: Step 2/10: N4 bias field correction
    002_S_4746: Step 2/10: N4 bias field correction
    002_S_5018: Step 2/10: N4 bias field correction
    003_S_4288: Step 2/10: N4 bias field correction
    003_S_4350: Step 2/10: N4 bias field correction
    003_S_4441: Step 2/10: N4 bias field correction
    003_S_4872: Step 2/10: N4 bias field correction
    003_S_4900: Step 2/10: N4 bias field correction
    005_S_0221: Step 2/10: N4 bias field correction
    005_S_0222: Step 2/10: N4 bias field correction
    005_S_0546: Step 2/10: N4 bias field correction
    005_S_0610: Step 2/10: N4 bias field correction

[Live Progress] Done: 0 | Remaining: 630 | Failed: 0 | ETA: 0.0 min
  Active subjects:
    002_S_4171: Step 2/10: N4 bias field correction
    002_S_4213: Step 2/10: N4 bias field correction
    002_S_4225: Step 2/10: N4 bias field correction
    002_S_4229: Step 2/10: N4 bias field correction
    002_S_4270: Step 2/10: N4 bias field correction
    002_S_4447: Step 2/10: N4 bias field correction
    002_S_4473: Step 2/10: N4 bias field correction
    002_S_4654: Step 2/10: N4 bias field correction
    002_S_4746: Step 2/10: N4 bias field correction
    002_S_5018: Step 2/10: N4 bias field correction
    003_S_4288: Step 2/10: N4 bias field correction
    003_S_4350: Step 2/10: N4 bias field correction
    003_S_4441: Step 2/10: N4 bias field correction
    003_S_4872: Step 2/10: N4 bias field correction
    003_S_4900: Step 2/10: N4 bias field correction
    005_S_0221: Step 2/10: N4 bias field correction
    005_S_0222: Step 2/10: N4 bias field correction
    005_S_0546: Step 2/10: N4 bias field correction
    005_S_0610: Step 2/10: N4 bias field correction

[Live Progress] Done: 0 | Remaining: 630 | Failed: 0 | ETA: 0.0 min
  Active subjects:
    002_S_4171: Step 2/10: N4 bias field correction
    002_S_4213: Step 2/10: N4 bias field correction
    002_S_4225: Step 2/10: N4 bias field correction
    002_S_4229: Step 2/10: N4 bias field correction
    002_S_4270: Step 2/10: N4 bias field correction
    002_S_4447: Step 2/10: N4 bias field correction
    002_S_4473: Step 2/10: N4 bias field correction
    002_S_4654: Step 2/10: N4 bias field correction
    002_S_4746: Step 2/10: N4 bias field correction
    002_S_5018: Step 2/10: N4 bias field correction
    003_S_4288: Step 2/10: N4 bias field correction
    003_S_4350: Step 2/10: N4 bias field correction
    003_S_4441: Step 2/10: N4 bias field correction
    003_S_4872: Step 2/10: N4 bias field correction
    003_S_4900: Step 2/10: N4 bias field correction
    005_S_0221: Step 2/10: N4 bias field correction
    005_S_0222: Step 2/10: N4 bias field correction
    005_S_0546: Step 2/10: N4 bias field correction
    005_S_0610: Step 2/10: N4 bias field correction

[Live Progress] Done: 0 | Remaining: 630 | Failed: 0 | ETA: 0.0 min
  Active subjects:
    002_S_4171: Step 2/10: N4 bias field correction
    002_S_4213: Step 2/10: N4 bias field correction
    002_S_4225: Step 2/10: N4 bias field correction
    002_S_4229: Step 2/10: N4 bias field correction
    002_S_4270: Step 2/10: N4 bias field correction
    002_S_4447: Step 2/10: N4 bias field correction
    002_S_4473: Step 2/10: N4 bias field correction
    002_S_4654: Step 2/10: N4 bias field correction
    002_S_4746: Step 2/10: N4 bias field correction
    002_S_5018: Step 2/10: N4 bias field correction
    003_S_4288: Step 2/10: N4 bias field correction
    003_S_4350: Step 2/10: N4 bias field correction
    003_S_4441: Step 2/10: N4 bias field correction
    003_S_4872: Step 2/10: N4 bias field correction
    003_S_4900: Step 2/10: N4 bias field correction
    005_S_0221: Step 2/10: N4 bias field correction
    005_S_0222: Step 2/10: N4 bias field correction
    005_S_0546: Step 2/10: N4 bias field correction
    005_S_0610: Step 2/10: N4 bias field correction

[Live Progress] Done: 0 | Remaining: 630 | Failed: 0 | ETA: 0.0 min
  Active subjects:
    002_S_4171: Step 2/10: N4 bias field correction
    002_S_4213: Step 2/10: N4 bias field correction
    002_S_4225: Step 2/10: N4 bias field correction
    002_S_4229: Step 2/10: N4 bias field correction
    002_S_4270: Step 2/10: N4 bias field correction
    002_S_4447: Step 2/10: N4 bias field correction
    002_S_4473: Step 2/10: N4 bias field correction
    002_S_4654: Step 2/10: N4 bias field correction
    002_S_4746: Step 2/10: N4 bias field correction
    002_S_5018: Step 2/10: N4 bias field correction
    003_S_4288: Step 2/10: N4 bias field correction
    003_S_4350: Step 2/10: N4 bias field correction
    003_S_4441: Step 2/10: N4 bias field correction
    003_S_4872: Step 2/10: N4 bias field correction
    003_S_4900: Step 2/10: N4 bias field correction
    005_S_0221: Step 2/10: N4 bias field correction
    005_S_0222: Step 2/10: N4 bias field correction
    005_S_0546: Step 2/10: N4 bias field correction
    005_S_0610: Step 2/10: N4 bias field correction

[Live Progress] Done: 0 | Remaining: 630 | Failed: 0 | ETA: 0.0 min
  Active subjects:
    002_S_4171: Step 2/10: N4 bias field correction
    002_S_4213: Step 2/10: N4 bias field correction
    002_S_4225: Step 2/10: N4 bias field correction
    002_S_4229: Step 2/10: N4 bias field correction
    002_S_4270: Step 2/10: N4 bias field correction
    002_S_4447: Step 2/10: N4 bias field correction
    002_S_4473: Step 2/10: N4 bias field correction
    002_S_4654: Step 2/10: N4 bias field correction
    002_S_4746: Step 2/10: N4 bias field correction
    002_S_5018: Step 2/10: N4 bias field correction
    003_S_4288: Step 2/10: N4 bias field correction
    003_S_4350: Step 2/10: N4 bias field correction
    003_S_4441: Step 2/10: N4 bias field correction
    003_S_4872: Step 2/10: N4 bias field correction
    003_S_4900: Step 2/10: N4 bias field correction
    005_S_0221: Step 2/10: N4 bias field correction
    005_S_0222: Step 2/10: N4 bias field correction
    005_S_0546: Step 2/10: N4 bias field correction
    005_S_0610: Step 2/10: N4 bias field correction

[Live Progress] Done: 0 | Remaining: 630 | Failed: 0 | ETA: 0.0 min
  Active subjects:
    002_S_4171: Step 2/10: N4 bias field correction
    002_S_4213: Step 2/10: N4 bias field correction
    002_S_4225: Step 2/10: N4 bias field correction
    002_S_4229: Step 2/10: N4 bias field correction
    002_S_4270: Step 2/10: N4 bias field correction
    002_S_4447: Step 2/10: N4 bias field correction
    002_S_4473: Step 2/10: N4 bias field correction
    002_S_4654: Step 2/10: N4 bias field correction
    002_S_4746: Step 2/10: N4 bias field correction
    002_S_5018: Step 2/10: N4 bias field correction
    003_S_4288: Step 2/10: N4 bias field correction
    003_S_4350: Step 2/10: N4 bias field correction
    003_S_4441: Step 2/10: N4 bias field correction
    003_S_4872: Step 2/10: N4 bias field correction
    003_S_4900: Step 2/10: N4 bias field correction
    005_S_0221: Step 2/10: N4 bias field correction
    005_S_0222: Step 2/10: N4 bias field correction
    005_S_0546: Step 2/10: N4 bias field correction
    005_S_0610: Step 2/10: N4 bias field correction

[Live Progress] Done: 0 | Remaining: 630 | Failed: 0 | ETA: 0.0 min
  Active subjects:
    002_S_4171: Step 2/10: N4 bias field correction
    002_S_4213: Step 2/10: N4 bias field correction
    002_S_4225: Step 2/10: N4 bias field correction
    002_S_4229: Step 2/10: N4 bias field correction
    002_S_4270: Step 2/10: N4 bias field correction
    002_S_4447: Step 2/10: N4 bias field correction
    002_S_4473: Step 2/10: N4 bias field correction
    002_S_4654: Step 2/10: N4 bias field correction
    002_S_4746: Step 2/10: N4 bias field correction
    002_S_5018: Step 2/10: N4 bias field correction
    003_S_4288: Step 2/10: N4 bias field correction
    003_S_4350: Step 2/10: N4 bias field correction
    003_S_4441: Step 2/10: N4 bias field correction
    003_S_4872: Step 2/10: N4 bias field correction
    003_S_4900: Step 2/10: N4 bias field correction
    005_S_0221: Step 2/10: N4 bias field correction
    005_S_0222: Step 2/10: N4 bias field correction
    005_S_0546: Step 2/10: N4 bias field correction
    005_S_0610: Step 2/10: N4 bias field correction

[Live Progress] Done: 0 | Remaining: 630 | Failed: 0 | ETA: 0.0 min
  Active subjects:
    002_S_4171: Step 2/10: N4 bias field correction
    002_S_4213: Step 2/10: N4 bias field correction
    002_S_4225: Step 2/10: N4 bias field correction
    002_S_4229: Step 2/10: N4 bias field correction
    002_S_4270: Step 2/10: N4 bias field correction
    002_S_4447: Step 2/10: N4 bias field correction
    002_S_4473: Step 2/10: N4 bias field correction
    002_S_4654: Step 2/10: N4 bias field correction
    002_S_4746: Step 2/10: N4 bias field correction
    002_S_5018: Step 2/10: N4 bias field correction
    003_S_4288: Step 2/10: N4 bias field correction
    003_S_4350: Step 2/10: N4 bias field correction
    003_S_4441: Step 2/10: N4 bias field correction
    003_S_4872: Step 2/10: N4 bias field correction
    003_S_4900: Step 2/10: N4 bias field correction
    005_S_0221: Step 2/10: N4 bias field correction
    005_S_0222: Step 2/10: N4 bias field correction
    005_S_0546: Step 2/10: N4 bias field correction
    005_S_0610: Step 2/10: N4 bias field correction

[Live Progress] Done: 0 | Remaining: 630 | Failed: 0 | ETA: 0.0 min
  Active subjects:
    002_S_4171: Step 2/10: N4 bias field correction
    002_S_4213: Step 2/10: N4 bias field correction
    002_S_4225: Step 2/10: N4 bias field correction
    002_S_4229: Step 2/10: N4 bias field correction
    002_S_4270: Step 2/10: N4 bias field correction
    002_S_4447: Step 2/10: N4 bias field correction
    002_S_4473: Step 2/10: N4 bias field correction
    002_S_4654: Step 2/10: N4 bias field correction
    002_S_4746: Step 2/10: N4 bias field correction
    002_S_5018: Step 2/10: N4 bias field correction
    003_S_4288: Step 2/10: N4 bias field correction
    003_S_4350: Step 2/10: N4 bias field correction
    003_S_4441: Step 2/10: N4 bias field correction
    003_S_4872: Step 2/10: N4 bias field correction
    003_S_4900: Step 2/10: N4 bias field correction
    005_S_0221: Step 2/10: N4 bias field correction
    005_S_0222: Step 2/10: N4 bias field correction
    005_S_0546: Step 2/10: N4 bias field correction
    005_S_0610: Step 2/10: N4 bias field correction

[Live Progress] Done: 0 | Remaining: 630 | Failed: 0 | ETA: 0.0 min
  Active subjects:
    002_S_4171: Step 2/10: N4 bias field correction
    002_S_4213: Step 2/10: N4 bias field correction
    002_S_4225: Step 2/10: N4 bias field correction
    002_S_4229: Step 2/10: N4 bias field correction
    002_S_4270: Step 2/10: N4 bias field correction
    002_S_4447: Step 2/10: N4 bias field correction
    002_S_4473: Step 2/10: N4 bias field correction
    002_S_4654: Step 2/10: N4 bias field correction
    002_S_4746: Step 2/10: N4 bias field correction
    002_S_5018: Step 2/10: N4 bias field correction
    003_S_4288: Step 2/10: N4 bias field correction
    003_S_4350: Step 2/10: N4 bias field correction
    003_S_4441: Step 2/10: N4 bias field correction
    003_S_4872: Step 2/10: N4 bias field correction
    003_S_4900: Step 2/10: N4 bias field correction
    005_S_0221: Step 2/10: N4 bias field correction
    005_S_0222: Step 2/10: N4 bias field correction
    005_S_0546: Step 2/10: N4 bias field correction
    005_S_0610: Step 2/10: N4 bias field correction

[Live Progress] Done: 0 | Remaining: 630 | Failed: 0 | ETA: 0.0 min
  Active subjects:
    002_S_4171: Step 2/10: N4 bias field correction
    002_S_4213: Step 2/10: N4 bias field correction
    002_S_4225: Step 2/10: N4 bias field correction
    002_S_4229: Step 2/10: N4 bias field correction
    002_S_4270: Step 2/10: N4 bias field correction
    002_S_4447: Step 2/10: N4 bias field correction
    002_S_4473: Step 2/10: N4 bias field correction
    002_S_4654: Step 2/10: N4 bias field correction
    002_S_4746: Step 2/10: N4 bias field correction
    002_S_5018: Step 2/10: N4 bias field correction
    003_S_4288: Step 2/10: N4 bias field correction
    003_S_4350: Step 2/10: N4 bias field correction
    003_S_4441: Step 2/10: N4 bias field correction
    003_S_4872: Step 2/10: N4 bias field correction
    003_S_4900: Step 2/10: N4 bias field correction
    005_S_0221: Step 2/10: N4 bias field correction
    005_S_0222: Step 2/10: N4 bias field correction
    005_S_0546: Step 2/10: N4 bias field correction
    005_S_0610: Step 2/10: N4 bias field correction

[Live Progress] Done: 0 | Remaining: 630 | Failed: 0 | ETA: 0.0 min
  Active subjects:
    002_S_4171: Step 2/10: N4 bias field correction
    002_S_4213: Step 2/10: N4 bias field correction
    002_S_4225: Step 2/10: N4 bias field correction
    002_S_4229: Step 2/10: N4 bias field correction
    002_S_4270: Step 2/10: N4 bias field correction
    002_S_4447: Step 2/10: N4 bias field correction
    002_S_4473: Step 2/10: N4 bias field correction
    002_S_4654: Step 2/10: N4 bias field correction
    002_S_4746: Step 2/10: N4 bias field correction
    002_S_5018: Step 2/10: N4 bias field correction
    003_S_4288: Step 2/10: N4 bias field correction
    003_S_4350: Step 2/10: N4 bias field correction
    003_S_4441: Step 2/10: N4 bias field correction
    003_S_4872: Step 2/10: N4 bias field correction
    003_S_4900: Step 2/10: N4 bias field correction
    005_S_0221: Step 2/10: N4 bias field correction
    005_S_0222: Step 2/10: N4 bias field correction
    005_S_0546: Step 2/10: N4 bias field correction
    005_S_0610: Step 2/10: N4 bias field correction

[Live Progress] Done: 0 | Remaining: 630 | Failed: 0 | ETA: 0.0 min
  Active subjects:
    002_S_4171: Step 2/10: N4 bias field correction
    002_S_4213: Step 2/10: N4 bias field correction
    002_S_4225: Step 2/10: N4 bias field correction
    002_S_4229: Step 2/10: N4 bias field correction
    002_S_4270: Step 2/10: N4 bias field correction
    002_S_4447: Step 2/10: N4 bias field correction
    002_S_4473: Step 2/10: N4 bias field correction
    002_S_4654: Step 2/10: N4 bias field correction
    002_S_4746: Step 2/10: N4 bias field correction
    002_S_5018: Step 2/10: N4 bias field correction
    003_S_4288: Step 2/10: N4 bias field correction
    003_S_4350: Step 2/10: N4 bias field correction
    003_S_4441: Step 2/10: N4 bias field correction
    003_S_4872: Step 2/10: N4 bias field correction
    003_S_4900: Step 2/10: N4 bias field correction
    005_S_0221: Step 2/10: N4 bias field correction
    005_S_0222: Step 2/10: N4 bias field correction
    005_S_0546: Step 2/10: N4 bias field correction
    005_S_0610: Step 2/10: N4 bias field correction

[Live Progress] Done: 0 | Remaining: 630 | Failed: 0 | ETA: 0.0 min
  Active subjects:
    002_S_4171: Step 2/10: N4 bias field correction
    002_S_4213: Step 2/10: N4 bias field correction
    002_S_4225: Step 2/10: N4 bias field correction
    002_S_4229: Step 2/10: N4 bias field correction
    002_S_4270: Step 2/10: N4 bias field correction
    002_S_4447: Step 2/10: N4 bias field correction
    002_S_4473: Step 2/10: N4 bias field correction
    002_S_4654: Step 2/10: N4 bias field correction
    002_S_4746: Step 2/10: N4 bias field correction
    002_S_5018: Step 2/10: N4 bias field correction
    003_S_4288: Step 2/10: N4 bias field correction
    003_S_4350: Step 2/10: N4 bias field correction
    003_S_4441: Step 2/10: N4 bias field correction
    003_S_4872: Step 2/10: N4 bias field correction
    003_S_4900: Step 2/10: N4 bias field correction
    005_S_0221: Step 2/10: N4 bias field correction
    005_S_0222: Step 2/10: N4 bias field correction
    005_S_0546: Step 2/10: N4 bias field correction
    005_S_0610: Step 2/10: N4 bias field correction

[Live Progress] Done: 0 | Remaining: 630 | Failed: 0 | ETA: 0.0 min
  Active subjects:
    002_S_4171: Step 2/10: N4 bias field correction
    002_S_4213: Step 2/10: N4 bias field correction
    002_S_4225: Step 2/10: N4 bias field correction
    002_S_4229: Step 2/10: N4 bias field correction
    002_S_4270: Step 2/10: N4 bias field correction
    002_S_4447: Step 2/10: N4 bias field correction
    002_S_4473: Step 2/10: N4 bias field correction
    002_S_4654: Step 2/10: N4 bias field correction
    002_S_4746: Step 2/10: N4 bias field correction
    002_S_5018: Step 2/10: N4 bias field correction
    003_S_4288: Step 2/10: N4 bias field correction
    003_S_4350: Step 2/10: N4 bias field correction
    003_S_4441: Step 2/10: N4 bias field correction
    003_S_4872: Step 2/10: N4 bias field correction
    003_S_4900: Step 2/10: N4 bias field correction
    005_S_0221: Step 2/10: N4 bias field correction
    005_S_0222: Step 2/10: N4 bias field correction
    005_S_0546: Step 2/10: N4 bias field correction
    005_S_0610: Step 2/10: N4 bias field correction

[Live Progress] Done: 0 | Remaining: 630 | Failed: 0 | ETA: 0.0 min
  Active subjects:
    002_S_4171: Step 2/10: N4 bias field correction
    002_S_4213: Step 2/10: N4 bias field correction
    002_S_4225: Step 2/10: N4 bias field correction
    002_S_4229: Step 2/10: N4 bias field correction
    002_S_4270: Step 2/10: N4 bias field correction
    002_S_4447: Step 2/10: N4 bias field correction
    002_S_4473: Step 2/10: N4 bias field correction
    002_S_4654: Step 2/10: N4 bias field correction
    002_S_4746: Step 2/10: N4 bias field correction
    002_S_5018: Step 2/10: N4 bias field correction
    003_S_4288: Step 2/10: N4 bias field correction
    003_S_4350: Step 2/10: N4 bias field correction
    003_S_4441: Step 2/10: N4 bias field correction
    003_S_4872: Step 2/10: N4 bias field correction
    003_S_4900: Step 2/10: N4 bias field correction
    005_S_0221: Step 2/10: N4 bias field correction
    005_S_0222: Step 2/10: N4 bias field correction
    005_S_0546: Step 2/10: N4 bias field correction
    005_S_0610: Step 2/10: N4 bias field correction

[Live Progress] Done: 0 | Remaining: 630 | Failed: 0 | ETA: 0.0 min
  Active subjects:
    002_S_4171: Step 2/10: N4 bias field correction
    002_S_4213: Step 2/10: N4 bias field correction
    002_S_4225: Step 2/10: N4 bias field correction
    002_S_4229: Step 2/10: N4 bias field correction
    002_S_4270: Step 2/10: N4 bias field correction
    002_S_4447: Step 2/10: N4 bias field correction
    002_S_4473: Step 2/10: N4 bias field correction
    002_S_4654: Step 2/10: N4 bias field correction
    002_S_4746: Step 2/10: N4 bias field correction
    002_S_5018: Step 2/10: N4 bias field correction
    003_S_4288: Step 2/10: N4 bias field correction
    003_S_4350: Step 2/10: N4 bias field correction
    003_S_4441: Step 2/10: N4 bias field correction
    003_S_4872: Step 2/10: N4 bias field correction
    003_S_4900: Step 2/10: N4 bias field correction
    005_S_0221: Step 2/10: N4 bias field correction
    005_S_0222: Step 2/10: N4 bias field correction
    005_S_0546: Step 2/10: N4 bias field correction
    005_S_0610: Step 2/10: N4 bias field correction

[Live Progress] Done: 0 | Remaining: 630 | Failed: 0 | ETA: 0.0 min
  Active subjects:
    002_S_4171: Step 2/10: N4 bias field correction
    002_S_4213: Step 2/10: N4 bias field correction
    002_S_4225: Step 2/10: N4 bias field correction
    002_S_4229: Step 2/10: N4 bias field correction
    002_S_4270: Step 2/10: N4 bias field correction
    002_S_4447: Step 2/10: N4 bias field correction
    002_S_4473: Step 2/10: N4 bias field correction
    002_S_4654: Step 2/10: N4 bias field correction
    002_S_4746: Step 2/10: N4 bias field correction
    002_S_5018: Step 2/10: N4 bias field correction
    003_S_4288: Step 2/10: N4 bias field correction
    003_S_4350: Step 2/10: N4 bias field correction
    003_S_4441: Step 2/10: N4 bias field correction
    003_S_4872: Step 2/10: N4 bias field correction
    003_S_4900: Step 2/10: N4 bias field correction
    005_S_0221: Step 2/10: N4 bias field correction
    005_S_0222: Step 2/10: N4 bias field correction
    005_S_0546: Step 2/10: N4 bias field correction
    005_S_0610: Step 2/10: N4 bias field correction

[Live Progress] Done: 0 | Remaining: 630 | Failed: 0 | ETA: 0.0 min
  Active subjects:
    002_S_4171: Step 2/10: N4 bias field correction
    002_S_4213: Step 2/10: N4 bias field correction
    002_S_4225: Step 2/10: N4 bias field correction
    002_S_4229: Step 2/10: N4 bias field correction
    002_S_4270: Step 2/10: N4 bias field correction
    002_S_4447: Step 2/10: N4 bias field correction
    002_S_4473: Step 2/10: N4 bias field correction
    002_S_4654: Step 2/10: N4 bias field correction
    002_S_4746: Step 2/10: N4 bias field correction
    002_S_5018: Step 2/10: N4 bias field correction
    003_S_4288: Step 2/10: N4 bias field correction
    003_S_4350: Step 2/10: N4 bias field correction
    003_S_4441: Step 2/10: N4 bias field correction
    003_S_4872: Step 2/10: N4 bias field correction
    003_S_4900: Step 2/10: N4 bias field correction
    005_S_0221: Step 2/10: N4 bias field correction
    005_S_0222: Step 2/10: N4 bias field correction
    005_S_0546: Step 2/10: N4 bias field correction
    005_S_0610: Step 2/10: N4 bias field correction

[Live Progress] Done: 0 | Remaining: 630 | Failed: 0 | ETA: 0.0 min
  Active subjects:
    002_S_4171: Step 2/10: N4 bias field correction
    002_S_4213: Step 2/10: N4 bias field correction
    002_S_4225: Step 2/10: N4 bias field correction
    002_S_4229: Step 2/10: N4 bias field correction
    002_S_4270: Step 2/10: N4 bias field correction
    002_S_4447: Step 2/10: N4 bias field correction
    002_S_4473: Step 2/10: N4 bias field correction
    002_S_4654: Step 2/10: N4 bias field correction
    002_S_4746: Step 2/10: N4 bias field correction
    002_S_5018: Step 2/10: N4 bias field correction
    003_S_4288: Step 2/10: N4 bias field correction
    003_S_4350: Step 2/10: N4 bias field correction
    003_S_4441: Step 2/10: N4 bias field correction
    003_S_4872: Step 2/10: N4 bias field correction
    003_S_4900: Step 2/10: N4 bias field correction
    005_S_0221: Step 2/10: N4 bias field correction
    005_S_0222: Step 2/10: N4 bias field correction
    005_S_0546: Step 2/10: N4 bias field correction
    005_S_0610: Step 2/10: N4 bias field correction

[Live Progress] Done: 0 | Remaining: 630 | Failed: 0 | ETA: 0.0 min
  Active subjects:
    002_S_4171: Step 2/10: N4 bias field correction
    002_S_4213: Step 2/10: N4 bias field correction
    002_S_4225: Step 2/10: N4 bias field correction
    002_S_4229: Step 2/10: N4 bias field correction
    002_S_4270: Step 2/10: N4 bias field correction
    002_S_4447: Step 2/10: N4 bias field correction
    002_S_4473: Step 2/10: N4 bias field correction
    002_S_4654: Step 2/10: N4 bias field correction
    002_S_4746: Step 2/10: N4 bias field correction
    002_S_5018: Step 2/10: N4 bias field correction
    003_S_4288: Step 2/10: N4 bias field correction
    003_S_4350: Step 2/10: N4 bias field correction
    003_S_4441: Step 2/10: N4 bias field correction
    003_S_4872: Step 2/10: N4 bias field correction
    003_S_4900: Step 2/10: N4 bias field correction
    005_S_0221: Step 2/10: N4 bias field correction
    005_S_0222: Step 2/10: N4 bias field correction
    005_S_0546: Step 2/10: N4 bias field correction
    005_S_0610: Step 2/10: N4 bias field correction

[Live Progress] Done: 0 | Remaining: 630 | Failed: 0 | ETA: 0.0 min
  Active subjects:
    002_S_4171: Step 2/10: N4 bias field correction
    002_S_4213: Step 2/10: N4 bias field correction
    002_S_4225: Step 2/10: N4 bias field correction
    002_S_4229: Step 2/10: N4 bias field correction
    002_S_4270: Step 2/10: N4 bias field correction
    002_S_4447: Step 2/10: N4 bias field correction
    002_S_4473: Step 2/10: N4 bias field correction
    002_S_4654: Step 2/10: N4 bias field correction
    002_S_4746: Step 2/10: N4 bias field correction
    002_S_5018: Step 2/10: N4 bias field correction
    003_S_4288: Step 2/10: N4 bias field correction
    003_S_4350: Step 2/10: N4 bias field correction
    003_S_4441: Step 2/10: N4 bias field correction
    003_S_4872: Step 2/10: N4 bias field correction
    003_S_4900: Step 2/10: N4 bias field correction
    005_S_0221: Step 2/10: N4 bias field correction
    005_S_0222: Step 2/10: N4 bias field correction
    005_S_0546: Step 2/10: N4 bias field correction
    005_S_0610: Step 2/10: N4 bias field correction

[Live Progress] Done: 0 | Remaining: 630 | Failed: 0 | ETA: 0.0 min
  Active subjects:
    002_S_4171: Step 2/10: N4 bias field correction
    002_S_4213: Step 2/10: N4 bias field correction
    002_S_4225: Step 2/10: N4 bias field correction
    002_S_4229: Step 2/10: N4 bias field correction
    002_S_4270: Step 2/10: N4 bias field correction
    002_S_4447: Step 2/10: N4 bias field correction
    002_S_4473: Step 2/10: N4 bias field correction
    002_S_4654: Step 2/10: N4 bias field correction
    002_S_4746: Step 2/10: N4 bias field correction
    002_S_5018: Step 2/10: N4 bias field correction
    003_S_4288: Step 2/10: N4 bias field correction
    003_S_4350: Step 2/10: N4 bias field correction
    003_S_4441: Step 2/10: N4 bias field correction
    003_S_4872: Step 2/10: N4 bias field correction
    003_S_4900: Step 2/10: N4 bias field correction
    005_S_0221: Step 2/10: N4 bias field correction
    005_S_0222: Step 2/10: N4 bias field correction
    005_S_0546: Step 2/10: N4 bias field correction
    005_S_0610: Step 2/10: N4 bias field correction

[Live Progress] Done: 0 | Remaining: 630 | Failed: 0 | ETA: 0.0 min
  Active subjects:
    002_S_4171: Step 2/10: N4 bias field correction
    002_S_4213: Step 2/10: N4 bias field correction
    002_S_4225: Step 2/10: N4 bias field correction
    002_S_4229: Step 2/10: N4 bias field correction
    002_S_4270: Step 2/10: N4 bias field correction
    002_S_4447: Step 2/10: N4 bias field correction
    002_S_4473: Step 2/10: N4 bias field correction
    002_S_4654: Step 2/10: N4 bias field correction
    002_S_4746: Step 2/10: N4 bias field correction
    002_S_5018: Step 2/10: N4 bias field correction
    003_S_4288: Step 2/10: N4 bias field correction
    003_S_4350: Step 2/10: N4 bias field correction
    003_S_4441: Step 2/10: N4 bias field correction
    003_S_4872: Step 2/10: N4 bias field correction
    003_S_4900: Step 2/10: N4 bias field correction
    005_S_0221: Step 2/10: N4 bias field correction
    005_S_0222: Step 2/10: N4 bias field correction
    005_S_0546: Step 2/10: N4 bias field correction
    005_S_0610: Step 2/10: N4 bias field correction

[Live Progress] Done: 0 | Remaining: 630 | Failed: 0 | ETA: 0.0 min
  Active subjects:
    002_S_4171: Step 2/10: N4 bias field correction
    002_S_4213: Step 2/10: N4 bias field correction
    002_S_4225: Step 2/10: N4 bias field correction
    002_S_4229: Step 2/10: N4 bias field correction
    002_S_4270: Step 2/10: N4 bias field correction
    002_S_4447: Step 2/10: N4 bias field correction
    002_S_4473: Step 2/10: N4 bias field correction
    002_S_4654: Step 2/10: N4 bias field correction
    002_S_4746: Step 2/10: N4 bias field correction
    002_S_5018: Step 2/10: N4 bias field correction
    003_S_4288: Step 2/10: N4 bias field correction
    003_S_4350: Step 2/10: N4 bias field correction
    003_S_4441: Step 2/10: N4 bias field correction
    003_S_4872: Step 2/10: N4 bias field correction
    003_S_4900: Step 2/10: N4 bias field correction
    005_S_0221: Step 2/10: N4 bias field correction
    005_S_0222: Step 2/10: N4 bias field correction
    005_S_0546: Step 2/10: N4 bias field correction
    005_S_0610: Step 2/10: N4 bias field correction

[Live Progress] Done: 0 | Remaining: 630 | Failed: 0 | ETA: 0.0 min
  Active subjects:
    002_S_4171: Step 2/10: N4 bias field correction
    002_S_4213: Step 2/10: N4 bias field correction
    002_S_4225: Step 2/10: N4 bias field correction
    002_S_4229: Step 2/10: N4 bias field correction
    002_S_4270: Step 2/10: N4 bias field correction
    002_S_4447: Step 2/10: N4 bias field correction
    002_S_4473: Step 2/10: N4 bias field correction
    002_S_4654: Step 2/10: N4 bias field correction
    002_S_4746: Step 2/10: N4 bias field correction
    002_S_5018: Step 2/10: N4 bias field correction
    003_S_4288: Step 2/10: N4 bias field correction
    003_S_4350: Step 2/10: N4 bias field correction
    003_S_4441: Step 2/10: N4 bias field correction
    003_S_4872: Step 2/10: N4 bias field correction
    003_S_4900: Step 2/10: N4 bias field correction
    005_S_0221: Step 2/10: N4 bias field correction
    005_S_0222: Step 2/10: N4 bias field correction
    005_S_0546: Step 2/10: N4 bias field correction
    005_S_0610: Step 2/10: N4 bias field correction

[Live Progress] Done: 0 | Remaining: 630 | Failed: 0 | ETA: 0.0 min
  Active subjects:
    002_S_4171: Step 2/10: N4 bias field correction
    002_S_4213: Step 2/10: N4 bias field correction
    002_S_4225: Step 2/10: N4 bias field correction
    002_S_4229: Step 2/10: N4 bias field correction
    002_S_4270: Step 2/10: N4 bias field correction
    002_S_4447: Step 2/10: N4 bias field correction
    002_S_4473: Step 2/10: N4 bias field correction
    002_S_4654: Step 2/10: N4 bias field correction
    002_S_4746: Step 2/10: N4 bias field correction
    002_S_5018: Step 2/10: N4 bias field correction
    003_S_4288: Step 2/10: N4 bias field correction
    003_S_4350: Step 2/10: N4 bias field correction
    003_S_4441: Step 2/10: N4 bias field correction
    003_S_4872: Step 2/10: N4 bias field correction
    003_S_4900: Step 2/10: N4 bias field correction
    005_S_0221: Step 2/10: N4 bias field correction
    005_S_0222: Step 2/10: N4 bias field correction
    005_S_0546: Step 2/10: N4 bias field correction
    005_S_0610: Step 2/10: N4 bias field correction

[Live Progress] Done: 0 | Remaining: 630 | Failed: 0 | ETA: 0.0 min
  Active subjects:
    002_S_4171: Step 2/10: N4 bias field correction
    002_S_4213: Step 2/10: N4 bias field correction
    002_S_4225: Step 2/10: N4 bias field correction
    002_S_4229: Step 2/10: N4 bias field correction
    002_S_4270: Step 2/10: N4 bias field correction
    002_S_4447: Step 2/10: N4 bias field correction
    002_S_4473: Step 2/10: N4 bias field correction
    002_S_4654: Step 2/10: N4 bias field correction
    002_S_4746: Step 2/10: N4 bias field correction
    002_S_5018: Step 2/10: N4 bias field correction
    003_S_4288: Step 2/10: N4 bias field correction
    003_S_4350: Step 2/10: N4 bias field correction
    003_S_4441: Step 2/10: N4 bias field correction
    003_S_4872: Step 2/10: N4 bias field correction
    003_S_4900: Step 2/10: N4 bias field correction
    005_S_0221: Step 2/10: N4 bias field correction
    005_S_0222: Step 2/10: N4 bias field correction
    005_S_0546: Step 2/10: N4 bias field correction
    005_S_0610: Step 2/10: N4 bias field correction

[Live Progress] Done: 0 | Remaining: 630 | Failed: 0 | ETA: 0.0 min
  Active subjects:
    002_S_4171: Step 2/10: N4 bias field correction
    002_S_4213: Step 2/10: N4 bias field correction
    002_S_4225: Step 2/10: N4 bias field correction
    002_S_4229: Step 2/10: N4 bias field correction
    002_S_4270: Step 2/10: N4 bias field correction
    002_S_4447: Step 2/10: N4 bias field correction
    002_S_4473: Step 2/10: N4 bias field correction
    002_S_4654: Step 2/10: N4 bias field correction
    002_S_4746: Step 2/10: N4 bias field correction
    002_S_5018: Step 2/10: N4 bias field correction
    003_S_4288: Step 2/10: N4 bias field correction
    003_S_4350: Step 2/10: N4 bias field correction
    003_S_4441: Step 2/10: N4 bias field correction
    003_S_4872: Step 2/10: N4 bias field correction
    003_S_4900: Step 2/10: N4 bias field correction
    005_S_0221: Step 2/10: N4 bias field correction
    005_S_0222: Step 2/10: N4 bias field correction
    005_S_0546: Step 2/10: N4 bias field correction
    005_S_0610: Step 2/10: N4 bias field correction

[Live Progress] Done: 0 | Remaining: 630 | Failed: 0 | ETA: 0.0 min
  Active subjects:
    002_S_4171: Step 2/10: N4 bias field correction
    002_S_4213: Step 2/10: N4 bias field correction
    002_S_4225: Step 2/10: N4 bias field correction
    002_S_4229: Step 2/10: N4 bias field correction
    002_S_4270: Step 2/10: N4 bias field correction
    002_S_4447: Step 2/10: N4 bias field correction
    002_S_4473: Step 2/10: N4 bias field correction
    002_S_4654: Step 2/10: N4 bias field correction
    002_S_4746: Step 2/10: N4 bias field correction
    002_S_5018: Step 2/10: N4 bias field correction
    003_S_4288: Step 2/10: N4 bias field correction
    003_S_4350: Step 2/10: N4 bias field correction
    003_S_4441: Step 2/10: N4 bias field correction
    003_S_4872: Step 2/10: N4 bias field correction
    003_S_4900: Step 2/10: N4 bias field correction
    005_S_0221: Step 2/10: N4 bias field correction
    005_S_0222: Step 2/10: N4 bias field correction
    005_S_0546: Step 2/10: N4 bias field correction
    005_S_0610: Step 2/10: N4 bias field correction

[Live Progress] Done: 0 | Remaining: 630 | Failed: 0 | ETA: 0.0 min
  Active subjects:
    002_S_4171: Step 2/10: N4 bias field correction
    002_S_4213: Step 2/10: N4 bias field correction
    002_S_4225: Step 2/10: N4 bias field correction
    002_S_4229: Step 2/10: N4 bias field correction
    002_S_4270: Step 2/10: N4 bias field correction
    002_S_4447: Step 2/10: N4 bias field correction
    002_S_4473: Step 2/10: N4 bias field correction
    002_S_4654: Step 2/10: N4 bias field correction
    002_S_4746: Step 2/10: N4 bias field correction
    002_S_5018: Step 2/10: N4 bias field correction
    003_S_4288: Step 2/10: N4 bias field correction
    003_S_4350: Step 2/10: N4 bias field correction
    003_S_4441: Step 2/10: N4 bias field correction
    003_S_4872: Step 2/10: N4 bias field correction
    003_S_4900: Step 2/10: N4 bias field correction
    005_S_0221: Step 2/10: N4 bias field correction
    005_S_0222: Step 2/10: N4 bias field correction
    005_S_0546: Step 2/10: N4 bias field correction
    005_S_0610: Step 2/10: N4 bias field correction

[Live Progress] Done: 0 | Remaining: 630 | Failed: 0 | ETA: 0.0 min
  Active subjects:
    002_S_4171: Step 2/10: N4 bias field correction
    002_S_4213: Step 2/10: N4 bias field correction
    002_S_4225: Step 2/10: N4 bias field correction
    002_S_4229: Step 2/10: N4 bias field correction
    002_S_4270: Step 2/10: N4 bias field correction
    002_S_4447: Step 2/10: N4 bias field correction
    002_S_4473: Step 2/10: N4 bias field correction
    002_S_4654: Step 2/10: N4 bias field correction
    002_S_4746: Step 2/10: N4 bias field correction
    002_S_5018: Step 2/10: N4 bias field correction
    003_S_4288: Step 2/10: N4 bias field correction
    003_S_4350: Step 2/10: N4 bias field correction
    003_S_4441: Step 2/10: N4 bias field correction
    003_S_4872: Step 2/10: N4 bias field correction
    003_S_4900: Step 2/10: N4 bias field correction
    005_S_0221: Step 2/10: N4 bias field correction
    005_S_0222: Step 2/10: N4 bias field correction
    005_S_0546: Step 2/10: N4 bias field correction
    005_S_0610: Step 2/10: N4 bias field correction

[Live Progress] Done: 0 | Remaining: 630 | Failed: 0 | ETA: 0.0 min
  Active subjects:
    002_S_4171: Step 2/10: N4 bias field correction
    002_S_4213: Step 2/10: N4 bias field correction
    002_S_4225: Step 2/10: N4 bias field correction
    002_S_4229: Step 2/10: N4 bias field correction
    002_S_4270: Step 2/10: N4 bias field correction
    002_S_4447: Step 2/10: N4 bias field correction
    002_S_4473: Step 2/10: N4 bias field correction
    002_S_4654: Step 2/10: N4 bias field correction
    002_S_4746: Step 2/10: N4 bias field correction
    002_S_5018: Step 2/10: N4 bias field correction
    003_S_4288: Step 2/10: N4 bias field correction
    003_S_4350: Step 2/10: N4 bias field correction
    003_S_4441: Step 2/10: N4 bias field correction
    003_S_4872: Step 2/10: N4 bias field correction
    003_S_4900: Step 2/10: N4 bias field correction
    005_S_0221: Step 2/10: N4 bias field correction
    005_S_0222: Step 2/10: N4 bias field correction
    005_S_0546: Step 2/10: N4 bias field correction
    005_S_0610: Step 2/10: N4 bias field correction

[Live Progress] Done: 0 | Remaining: 630 | Failed: 0 | ETA: 0.0 min
  Active subjects:
    002_S_4171: Step 2/10: N4 bias field correction
    002_S_4213: Step 2/10: N4 bias field correction
    002_S_4225: Step 2/10: N4 bias field correction
    002_S_4229: Step 2/10: N4 bias field correction
    002_S_4270: Step 2/10: N4 bias field correction
    002_S_4447: Step 2/10: N4 bias field correction
    002_S_4473: Step 2/10: N4 bias field correction
    002_S_4654: Step 2/10: N4 bias field correction
    002_S_4746: Step 2/10: N4 bias field correction
    002_S_5018: Step 2/10: N4 bias field correction
    003_S_4288: Step 2/10: N4 bias field correction
    003_S_4350: Step 2/10: N4 bias field correction
    003_S_4441: Step 2/10: N4 bias field correction
    003_S_4872: Step 2/10: N4 bias field correction
    003_S_4900: Step 2/10: N4 bias field correction
    005_S_0221: Step 2/10: N4 bias field correction
    005_S_0222: Step 2/10: N4 bias field correction
    005_S_0546: Step 2/10: N4 bias field correction
    005_S_0610: Step 2/10: N4 bias field correction

[Live Progress] Done: 0 | Remaining: 630 | Failed: 0 | ETA: 0.0 min
  Active subjects:
    002_S_4171: Step 2/10: N4 bias field correction
    002_S_4213: Step 2/10: N4 bias field correction
    002_S_4225: Step 2/10: N4 bias field correction
    002_S_4229: Step 2/10: N4 bias field correction
    002_S_4270: Step 2/10: N4 bias field correction
    002_S_4447: Step 2/10: N4 bias field correction
    002_S_4473: Step 2/10: N4 bias field correction
    002_S_4654: Step 2/10: N4 bias field correction
    002_S_4746: Step 2/10: N4 bias field correction
    002_S_5018: Step 2/10: N4 bias field correction
    003_S_4288: Step 2/10: N4 bias field correction
    003_S_4350: Step 2/10: N4 bias field correction
    003_S_4441: Step 2/10: N4 bias field correction
    003_S_4872: Step 2/10: N4 bias field correction
    003_S_4900: Step 2/10: N4 bias field correction
    005_S_0221: Step 2/10: N4 bias field correction
    005_S_0222: Step 2/10: N4 bias field correction
    005_S_0546: Step 2/10: N4 bias field correction
    005_S_0610: Step 2/10: N4 bias field correction

[Live Progress] Done: 0 | Remaining: 630 | Failed: 0 | ETA: 0.0 min
  Active subjects:
    002_S_4171: Step 2/10: N4 bias field correction
    002_S_4213: Step 2/10: N4 bias field correction
    002_S_4225: Step 2/10: N4 bias field correction
    002_S_4229: Step 2/10: N4 bias field correction
    002_S_4270: Step 2/10: N4 bias field correction
    002_S_4447: Step 2/10: N4 bias field correction
    002_S_4473: Step 2/10: N4 bias field correction
    002_S_4654: Step 2/10: N4 bias field correction
    002_S_4746: Step 2/10: N4 bias field correction
    002_S_5018: Step 2/10: N4 bias field correction
    003_S_4288: Step 2/10: N4 bias field correction
    003_S_4350: Step 2/10: N4 bias field correction
    003_S_4441: Step 2/10: N4 bias field correction
    003_S_4872: Step 2/10: N4 bias field correction
    003_S_4900: Step 2/10: N4 bias field correction
    005_S_0221: Step 2/10: N4 bias field correction
    005_S_0222: Step 2/10: N4 bias field correction
    005_S_0546: Step 2/10: N4 bias field correction
    005_S_0610: Step 2/10: N4 bias field correction

[Live Progress] Done: 0 | Remaining: 630 | Failed: 0 | ETA: 0.0 min
  Active subjects:
    002_S_4171: Step 2/10: N4 bias field correction
    002_S_4213: Step 2/10: N4 bias field correction
    002_S_4225: Step 2/10: N4 bias field correction
    002_S_4229: Step 2/10: N4 bias field correction
    002_S_4270: Step 2/10: N4 bias field correction
    002_S_4447: Step 2/10: N4 bias field correction
    002_S_4473: Step 2/10: N4 bias field correction
    002_S_4654: Step 2/10: N4 bias field correction
    002_S_4746: Step 2/10: N4 bias field correction
    002_S_5018: Step 2/10: N4 bias field correction
    003_S_4288: Step 2/10: N4 bias field correction
    003_S_4350: Step 2/10: N4 bias field correction
    003_S_4441: Step 2/10: N4 bias field correction
    003_S_4872: Step 2/10: N4 bias field correction
    003_S_4900: Step 2/10: N4 bias field correction
    005_S_0221: Step 2/10: N4 bias field correction
    005_S_0222: Step 2/10: N4 bias field correction
    005_S_0546: Step 2/10: N4 bias field correction
    005_S_0610: Step 2/10: N4 bias field correction

[Live Progress] Done: 0 | Remaining: 630 | Failed: 0 | ETA: 0.0 min
  Active subjects:
    002_S_4171: Step 2/10: N4 bias field correction
    002_S_4213: Step 2/10: N4 bias field correction
    002_S_4225: Step 2/10: N4 bias field correction
    002_S_4229: Step 2/10: N4 bias field correction
    002_S_4270: Step 2/10: N4 bias field correction
    002_S_4447: Step 2/10: N4 bias field correction
    002_S_4473: Step 2/10: N4 bias field correction
    002_S_4654: Step 2/10: N4 bias field correction
    002_S_4746: Step 2/10: N4 bias field correction
    002_S_5018: Step 2/10: N4 bias field correction
    003_S_4288: Step 2/10: N4 bias field correction
    003_S_4350: Step 2/10: N4 bias field correction
    003_S_4441: Step 2/10: N4 bias field correction
    003_S_4872: Step 2/10: N4 bias field correction
    003_S_4900: Step 2/10: N4 bias field correction
    005_S_0221: Step 2/10: N4 bias field correction
    005_S_0222: Step 2/10: N4 bias field correction
    005_S_0546: Step 2/10: N4 bias field correction
    005_S_0610: Step 2/10: N4 bias field correction

[Live Progress] Done: 0 | Remaining: 630 | Failed: 0 | ETA: 0.0 min
  Active subjects:
    002_S_4171: Step 2/10: N4 bias field correction
    002_S_4213: Step 2/10: N4 bias field correction
    002_S_4225: Step 2/10: N4 bias field correction
    002_S_4229: Step 2/10: N4 bias field correction
    002_S_4270: Step 2/10: N4 bias field correction
    002_S_4447: Step 2/10: N4 bias field correction
    002_S_4473: Step 2/10: N4 bias field correction
    002_S_4654: Step 2/10: N4 bias field correction
    002_S_4746: Step 2/10: N4 bias field correction
    002_S_5018: Step 2/10: N4 bias field correction
    003_S_4288: Step 2/10: N4 bias field correction
    003_S_4350: Step 2/10: N4 bias field correction
    003_S_4441: Step 2/10: N4 bias field correction
    003_S_4872: Step 2/10: N4 bias field correction
    003_S_4900: Step 2/10: N4 bias field correction
    005_S_0221: Step 2/10: N4 bias field correction
    005_S_0222: Step 2/10: N4 bias field correction
    005_S_0546: Step 2/10: N4 bias field correction
    005_S_0610: Step 2/10: N4 bias field correction

[Live Progress] Done: 0 | Remaining: 630 | Failed: 0 | ETA: 0.0 min
  Active subjects:
    002_S_4171: Step 2/10: N4 bias field correction
    002_S_4213: Step 2/10: N4 bias field correction
    002_S_4225: Step 2/10: N4 bias field correction
    002_S_4229: Step 2/10: N4 bias field correction
    002_S_4270: Step 2/10: N4 bias field correction
    002_S_4447: Step 2/10: N4 bias field correction
    002_S_4473: Step 2/10: N4 bias field correction
    002_S_4654: Step 2/10: N4 bias field correction
    002_S_4746: Step 2/10: N4 bias field correction
    002_S_5018: Step 2/10: N4 bias field correction
    003_S_4288: Step 2/10: N4 bias field correction
    003_S_4350: Step 2/10: N4 bias field correction
    003_S_4441: Step 2/10: N4 bias field correction
    003_S_4872: Step 2/10: N4 bias field correction
    003_S_4900: Step 2/10: N4 bias field correction
    005_S_0221: Step 2/10: N4 bias field correction
    005_S_0222: Step 2/10: N4 bias field correction
    005_S_0546: Step 2/10: N4 bias field correction
    005_S_0610: Step 2/10: N4 bias field correction

[Live Progress] Done: 0 | Remaining: 630 | Failed: 0 | ETA: 0.0 min
  Active subjects:
    002_S_4171: Step 2/10: N4 bias field correction
    002_S_4213: Step 2/10: N4 bias field correction
    002_S_4225: Step 2/10: N4 bias field correction
    002_S_4229: Step 2/10: N4 bias field correction
    002_S_4270: Step 2/10: N4 bias field correction
    002_S_4447: Step 2/10: N4 bias field correction
    002_S_4473: Step 2/10: N4 bias field correction
    002_S_4654: Step 2/10: N4 bias field correction
    002_S_4746: Step 2/10: N4 bias field correction
    002_S_5018: Step 2/10: N4 bias field correction
    003_S_4288: Step 2/10: N4 bias field correction
    003_S_4350: Step 2/10: N4 bias field correction
    003_S_4441: Step 2/10: N4 bias field correction
    003_S_4872: Step 2/10: N4 bias field correction
    003_S_4900: Step 2/10: N4 bias field correction
    005_S_0221: Step 2/10: N4 bias field correction
    005_S_0222: Step 2/10: N4 bias field correction
    005_S_0546: Step 2/10: N4 bias field correction
    005_S_0610: Step 2/10: N4 bias field correction

[Live Progress] Done: 0 | Remaining: 630 | Failed: 0 | ETA: 0.0 min
  Active subjects:
    002_S_4171: Step 2/10: N4 bias field correction
    002_S_4213: Step 2/10: N4 bias field correction
    002_S_4225: Step 2/10: N4 bias field correction
    002_S_4229: Step 2/10: N4 bias field correction
    002_S_4270: Step 2/10: N4 bias field correction
    002_S_4447: Step 2/10: N4 bias field correction
    002_S_4473: Step 2/10: N4 bias field correction
    002_S_4654: Step 2/10: N4 bias field correction
    002_S_4746: Step 2/10: N4 bias field correction
    002_S_5018: Step 2/10: N4 bias field correction
    003_S_4288: Step 2/10: N4 bias field correction
    003_S_4350: Step 2/10: N4 bias field correction
    003_S_4441: Step 2/10: N4 bias field correction
    003_S_4872: Step 2/10: N4 bias field correction
    003_S_4900: Step 2/10: N4 bias field correction
    005_S_0221: Step 2/10: N4 bias field correction
    005_S_0222: Step 2/10: N4 bias field correction
    005_S_0546: Step 2/10: N4 bias field correction
    005_S_0610: Step 2/10: N4 bias field correction

[Live Progress] Done: 0 | Remaining: 630 | Failed: 0 | ETA: 0.0 min
  Active subjects:
    002_S_4171: Step 2/10: N4 bias field correction
    002_S_4213: Step 2/10: N4 bias field correction
    002_S_4225: Step 2/10: N4 bias field correction
    002_S_4229: Step 2/10: N4 bias field correction
    002_S_4270: Step 2/10: N4 bias field correction
    002_S_4447: Step 2/10: N4 bias field correction
    002_S_4473: Step 2/10: N4 bias field correction
    002_S_4654: Step 2/10: N4 bias field correction
    002_S_4746: Step 2/10: N4 bias field correction
    002_S_5018: Step 2/10: N4 bias field correction
    003_S_4288: Step 2/10: N4 bias field correction
    003_S_4350: Step 2/10: N4 bias field correction
    003_S_4441: Step 2/10: N4 bias field correction
    003_S_4872: Step 2/10: N4 bias field correction
    003_S_4900: Step 2/10: N4 bias field correction
    005_S_0221: Step 2/10: N4 bias field correction
    005_S_0222: Step 2/10: N4 bias field correction
    005_S_0546: Step 2/10: N4 bias field correction
    005_S_0610: Step 2/10: N4 bias field correction

[Live Progress] Done: 0 | Remaining: 630 | Failed: 0 | ETA: 0.0 min
  Active subjects:
    002_S_4171: Step 2/10: N4 bias field correction
    002_S_4213: Step 2/10: N4 bias field correction
    002_S_4225: Step 2/10: N4 bias field correction
    002_S_4229: Step 2/10: N4 bias field correction
    002_S_4270: Step 2/10: N4 bias field correction
    002_S_4447: Step 2/10: N4 bias field correction
    002_S_4473: Step 2/10: N4 bias field correction
    002_S_4654: Step 2/10: N4 bias field correction
    002_S_4746: Step 2/10: N4 bias field correction
    002_S_5018: Step 2/10: N4 bias field correction
    003_S_4288: Step 2/10: N4 bias field correction
    003_S_4350: Step 2/10: N4 bias field correction
    003_S_4441: Step 2/10: N4 bias field correction
    003_S_4872: Step 2/10: N4 bias field correction
    003_S_4900: Step 2/10: N4 bias field correction
    005_S_0221: Step 2/10: N4 bias field correction
    005_S_0222: Step 2/10: N4 bias field correction
    005_S_0546: Step 2/10: N4 bias field correction
    005_S_0610: Step 2/10: N4 bias field correction

[Live Progress] Done: 0 | Remaining: 630 | Failed: 0 | ETA: 0.0 min
  Active subjects:
    002_S_4171: Step 2/10: N4 bias field correction
    002_S_4213: Step 2/10: N4 bias field correction
    002_S_4225: Step 2/10: N4 bias field correction
    002_S_4229: Step 2/10: N4 bias field correction
    002_S_4270: Step 2/10: N4 bias field correction
    002_S_4447: Step 2/10: N4 bias field correction
    002_S_4473: Step 2/10: N4 bias field correction
    002_S_4654: Step 2/10: N4 bias field correction
    002_S_4746: Step 2/10: N4 bias field correction
    002_S_5018: Step 2/10: N4 bias field correction
    003_S_4288: Step 2/10: N4 bias field correction
    003_S_4350: Step 2/10: N4 bias field correction
    003_S_4441: Step 2/10: N4 bias field correction
    003_S_4872: Step 2/10: N4 bias field correction
    003_S_4900: Step 2/10: N4 bias field correction
    005_S_0221: Step 2/10: N4 bias field correction
    005_S_0222: Step 2/10: N4 bias field correction
    005_S_0546: Step 2/10: N4 bias field correction
    005_S_0610: Step 2/10: N4 bias field correction

[Live Progress] Done: 0 | Remaining: 630 | Failed: 0 | ETA: 0.0 min
  Active subjects:
    002_S_4171: Step 2/10: N4 bias field correction
    002_S_4213: Step 2/10: N4 bias field correction
    002_S_4225: Step 2/10: N4 bias field correction
    002_S_4229: Step 2/10: N4 bias field correction
    002_S_4270: Step 2/10: N4 bias field correction
    002_S_4447: Step 2/10: N4 bias field correction
    002_S_4473: Step 2/10: N4 bias field correction
    002_S_4654: Step 2/10: N4 bias field correction
    002_S_4746: Step 2/10: N4 bias field correction
    002_S_5018: Step 2/10: N4 bias field correction
    003_S_4288: Step 2/10: N4 bias field correction
    003_S_4350: Step 2/10: N4 bias field correction
    003_S_4441: Step 2/10: N4 bias field correction
    003_S_4872: Step 2/10: N4 bias field correction
    003_S_4900: Step 2/10: N4 bias field correction
    005_S_0221: Step 2/10: N4 bias field correction
    005_S_0222: Step 2/10: N4 bias field correction
    005_S_0546: Step 2/10: N4 bias field correction
    005_S_0610: Step 2/10: N4 bias field correction

[Live Progress] Done: 0 | Remaining: 630 | Failed: 0 | ETA: 0.0 min
  Active subjects:
    002_S_4171: Step 2/10: N4 bias field correction
    002_S_4213: Step 2/10: N4 bias field correction
    002_S_4225: Step 2/10: N4 bias field correction
    002_S_4229: Step 2/10: N4 bias field correction
    002_S_4270: Step 2/10: N4 bias field correction
    002_S_4447: Step 2/10: N4 bias field correction
    002_S_4473: Step 2/10: N4 bias field correction
    002_S_4654: Step 2/10: N4 bias field correction
    002_S_4746: Step 2/10: N4 bias field correction
    002_S_5018: Step 2/10: N4 bias field correction
    003_S_4288: Step 2/10: N4 bias field correction
    003_S_4350: Step 2/10: N4 bias field correction
    003_S_4441: Step 2/10: N4 bias field correction
    003_S_4872: Step 2/10: N4 bias field correction
    003_S_4900: Step 2/10: N4 bias field correction
    005_S_0221: Step 2/10: N4 bias field correction
    005_S_0222: Step 2/10: N4 bias field correction
    005_S_0546: Step 2/10: N4 bias field correction
    005_S_0610: Step 2/10: N4 bias field correction

[Live Progress] Done: 0 | Remaining: 630 | Failed: 0 | ETA: 0.0 min
  Active subjects:
    002_S_4171: Step 2/10: N4 bias field correction
    002_S_4213: Step 2/10: N4 bias field correction
    002_S_4225: Step 2/10: N4 bias field correction
    002_S_4229: Step 2/10: N4 bias field correction
    002_S_4270: Step 2/10: N4 bias field correction
    002_S_4447: Step 2/10: N4 bias field correction
    002_S_4473: Step 2/10: N4 bias field correction
    002_S_4654: Step 2/10: N4 bias field correction
    002_S_4746: Step 2/10: N4 bias field correction
    002_S_5018: Step 2/10: N4 bias field correction
    003_S_4288: Step 2/10: N4 bias field correction
    003_S_4350: Step 2/10: N4 bias field correction
    003_S_4441: Step 2/10: N4 bias field correction
    003_S_4872: Step 2/10: N4 bias field correction
    003_S_4900: Step 2/10: N4 bias field correction
    005_S_0221: Step 2/10: N4 bias field correction
    005_S_0222: Step 2/10: N4 bias field correction
    005_S_0546: Step 2/10: N4 bias field correction
    005_S_0610: Step 2/10: N4 bias field correction

[Live Progress] Done: 0 | Remaining: 630 | Failed: 0 | ETA: 0.0 min
  Active subjects:
    002_S_4171: Step 2/10: N4 bias field correction
    002_S_4213: Step 2/10: N4 bias field correction
    002_S_4225: Step 2/10: N4 bias field correction
    002_S_4229: Step 2/10: N4 bias field correction
    002_S_4270: Step 2/10: N4 bias field correction
    002_S_4447: Step 2/10: N4 bias field correction
    002_S_4473: Step 2/10: N4 bias field correction
    002_S_4654: Step 2/10: N4 bias field correction
    002_S_4746: Step 2/10: N4 bias field correction
    002_S_5018: Step 2/10: N4 bias field correction
    003_S_4288: Step 2/10: N4 bias field correction
    003_S_4350: Step 2/10: N4 bias field correction
    003_S_4441: Step 2/10: N4 bias field correction
    003_S_4872: Step 2/10: N4 bias field correction
    003_S_4900: Step 2/10: N4 bias field correction
    005_S_0221: Step 2/10: N4 bias field correction
    005_S_0222: Step 2/10: N4 bias field correction
    005_S_0546: Step 2/10: N4 bias field correction
    005_S_0610: Step 2/10: N4 bias field correction

[Live Progress] Done: 0 | Remaining: 630 | Failed: 0 | ETA: 0.0 min
  Active subjects:
    002_S_4171: Step 2/10: N4 bias field correction
    002_S_4213: Step 2/10: N4 bias field correction
    002_S_4225: Step 2/10: N4 bias field correction
    002_S_4229: Step 2/10: N4 bias field correction
    002_S_4270: Step 2/10: N4 bias field correction
    002_S_4447: Step 2/10: N4 bias field correction
    002_S_4473: Step 2/10: N4 bias field correction
    002_S_4654: Step 2/10: N4 bias field correction
    002_S_4746: Step 2/10: N4 bias field correction
    002_S_5018: Step 2/10: N4 bias field correction
    003_S_4288: Step 2/10: N4 bias field correction
    003_S_4350: Step 2/10: N4 bias field correction
    003_S_4441: Step 2/10: N4 bias field correction
    003_S_4872: Step 2/10: N4 bias field correction
    003_S_4900: Step 2/10: N4 bias field correction
    005_S_0221: Step 2/10: N4 bias field correction
    005_S_0222: Step 2/10: N4 bias field correction
    005_S_0546: Step 2/10: N4 bias field correction
    005_S_0610: Step 2/10: N4 bias field correction

[Live Progress] Done: 0 | Remaining: 630 | Failed: 0 | ETA: 0.0 min
  Active subjects:
    002_S_4171: Step 2/10: N4 bias field correction
    002_S_4213: Step 2/10: N4 bias field correction
    002_S_4225: Step 2/10: N4 bias field correction
    002_S_4229: Step 2/10: N4 bias field correction
    002_S_4270: Step 2/10: N4 bias field correction
    002_S_4447: Step 2/10: N4 bias field correction
    002_S_4473: Step 2/10: N4 bias field correction
    002_S_4654: Step 2/10: N4 bias field correction
    002_S_4746: Step 2/10: N4 bias field correction
    002_S_5018: Step 2/10: N4 bias field correction
    003_S_4288: Step 2/10: N4 bias field correction
    003_S_4350: Step 2/10: N4 bias field correction
    003_S_4441: Step 2/10: N4 bias field correction
    003_S_4872: Step 2/10: N4 bias field correction
    003_S_4900: Step 2/10: N4 bias field correction
    005_S_0221: Step 2/10: N4 bias field correction
    005_S_0222: Step 2/10: N4 bias field correction
    005_S_0546: Step 2/10: N4 bias field correction
    005_S_0610: Step 2/10: N4 bias field correction

[Live Progress] Done: 0 | Remaining: 630 | Failed: 0 | ETA: 0.0 min
  Active subjects:
    002_S_4171: Step 2/10: N4 bias field correction
    002_S_4213: Step 2/10: N4 bias field correction
    002_S_4225: Step 2/10: N4 bias field correction
    002_S_4229: Step 2/10: N4 bias field correction
    002_S_4270: Step 2/10: N4 bias field correction
    002_S_4447: Step 2/10: N4 bias field correction
    002_S_4473: Step 2/10: N4 bias field correction
    002_S_4654: Step 2/10: N4 bias field correction
    002_S_4746: Step 2/10: N4 bias field correction
    002_S_5018: Step 2/10: N4 bias field correction
    003_S_4288: Step 2/10: N4 bias field correction
    003_S_4350: Step 2/10: N4 bias field correction
    003_S_4441: Step 2/10: N4 bias field correction
    003_S_4872: Step 2/10: N4 bias field correction
    003_S_4900: Step 2/10: N4 bias field correction
    005_S_0221: Step 2/10: N4 bias field correction
    005_S_0222: Step 2/10: N4 bias field correction
    005_S_0546: Step 2/10: N4 bias field correction
    005_S_0610: Step 2/10: N4 bias field correction

[Live Progress] Done: 0 | Remaining: 630 | Failed: 0 | ETA: 0.0 min
  Active subjects:
    002_S_4171: Step 2/10: N4 bias field correction
    002_S_4213: Step 2/10: N4 bias field correction
    002_S_4225: Step 2/10: N4 bias field correction
    002_S_4229: Step 2/10: N4 bias field correction
    002_S_4270: Step 2/10: N4 bias field correction
    002_S_4447: Step 2/10: N4 bias field correction
    002_S_4473: Step 2/10: N4 bias field correction
    002_S_4654: Step 2/10: N4 bias field correction
    002_S_4746: Step 2/10: N4 bias field correction
    002_S_5018: Step 2/10: N4 bias field correction
    003_S_4288: Step 2/10: N4 bias field correction
    003_S_4350: Step 2/10: N4 bias field correction
    003_S_4441: Step 2/10: N4 bias field correction
    003_S_4872: Step 2/10: N4 bias field correction
    003_S_4900: Step 2/10: N4 bias field correction
    005_S_0221: Step 2/10: N4 bias field correction
    005_S_0222: Step 2/10: N4 bias field correction
    005_S_0546: Step 2/10: N4 bias field correction
    005_S_0610: Step 2/10: N4 bias field correction

[Live Progress] Done: 0 | Remaining: 630 | Failed: 0 | ETA: 0.0 min
  Active subjects:
    002_S_4171: Step 2/10: N4 bias field correction
    002_S_4213: Step 2/10: N4 bias field correction
    002_S_4225: Step 2/10: N4 bias field correction
    002_S_4229: Step 2/10: N4 bias field correction
    002_S_4270: Step 2/10: N4 bias field correction
    002_S_4447: Step 2/10: N4 bias field correction
    002_S_4473: Step 2/10: N4 bias field correction
    002_S_4654: Step 2/10: N4 bias field correction
    002_S_4746: Step 2/10: N4 bias field correction
    002_S_5018: Step 2/10: N4 bias field correction
    003_S_4288: Step 2/10: N4 bias field correction
    003_S_4350: Step 2/10: N4 bias field correction
    003_S_4441: Step 2/10: N4 bias field correction
    003_S_4872: Step 2/10: N4 bias field correction
    003_S_4900: Step 2/10: N4 bias field correction
    005_S_0221: Step 2/10: N4 bias field correction
    005_S_0222: Step 2/10: N4 bias field correction
    005_S_0546: Step 2/10: N4 bias field correction
    005_S_0610: Step 2/10: N4 bias field correction

[Live Progress] Done: 0 | Remaining: 630 | Failed: 0 | ETA: 0.0 min
  Active subjects:
    002_S_4171: Step 2/10: N4 bias field correction
    002_S_4213: Step 2/10: N4 bias field correction
    002_S_4225: Step 2/10: N4 bias field correction
    002_S_4229: Step 2/10: N4 bias field correction
    002_S_4270: Step 2/10: N4 bias field correction
    002_S_4447: Step 2/10: N4 bias field correction
    002_S_4473: Step 2/10: N4 bias field correction
    002_S_4654: Step 2/10: N4 bias field correction
    002_S_4746: Step 2/10: N4 bias field correction
    002_S_5018: Step 2/10: N4 bias field correction
    003_S_4288: Step 2/10: N4 bias field correction
    003_S_4350: Step 2/10: N4 bias field correction
    003_S_4441: Step 2/10: N4 bias field correction
    003_S_4872: Step 2/10: N4 bias field correction
    003_S_4900: Step 2/10: N4 bias field correction
    005_S_0221: Step 2/10: N4 bias field correction
    005_S_0222: Step 2/10: N4 bias field correction
    005_S_0546: Step 2/10: N4 bias field correction
    005_S_0610: Step 2/10: N4 bias field correction

[Live Progress] Done: 0 | Remaining: 630 | Failed: 0 | ETA: 0.0 min
  Active subjects:
    002_S_4171: Step 2/10: N4 bias field correction
    002_S_4213: Step 2/10: N4 bias field correction
    002_S_4225: Step 2/10: N4 bias field correction
    002_S_4229: Step 2/10: N4 bias field correction
    002_S_4270: Step 2/10: N4 bias field correction
    002_S_4447: Step 2/10: N4 bias field correction
    002_S_4473: Step 2/10: N4 bias field correction
    002_S_4654: Step 2/10: N4 bias field correction
    002_S_4746: Step 2/10: N4 bias field correction
    002_S_5018: Step 2/10: N4 bias field correction
    003_S_4288: Step 2/10: N4 bias field correction
    003_S_4350: Step 2/10: N4 bias field correction
    003_S_4441: Step 2/10: N4 bias field correction
    003_S_4872: Step 2/10: N4 bias field correction
    003_S_4900: Step 2/10: N4 bias field correction
    005_S_0221: Step 2/10: N4 bias field correction
    005_S_0222: Step 2/10: N4 bias field correction
    005_S_0546: Step 2/10: N4 bias field correction
    005_S_0610: Step 2/10: N4 bias field correction

[Live Progress] Done: 0 | Remaining: 630 | Failed: 0 | ETA: 0.0 min
  Active subjects:
    002_S_4171: Step 2/10: N4 bias field correction
    002_S_4213: Step 2/10: N4 bias field correction
    002_S_4225: Step 2/10: N4 bias field correction
    002_S_4229: Step 2/10: N4 bias field correction
    002_S_4270: Step 2/10: N4 bias field correction
    002_S_4447: Step 2/10: N4 bias field correction
    002_S_4473: Step 2/10: N4 bias field correction
    002_S_4654: Step 2/10: N4 bias field correction
    002_S_4746: Step 2/10: N4 bias field correction
    002_S_5018: Step 2/10: N4 bias field correction
    003_S_4288: Step 2/10: N4 bias field correction
    003_S_4350: Step 2/10: N4 bias field correction
    003_S_4441: Step 2/10: N4 bias field correction
    003_S_4872: Step 2/10: N4 bias field correction
    003_S_4900: Step 2/10: N4 bias field correction
    005_S_0221: Step 2/10: N4 bias field correction
    005_S_0222: Step 2/10: N4 bias field correction
    005_S_0546: Step 2/10: N4 bias field correction
    005_S_0610: Step 2/10: N4 bias field correction

[Live Progress] Done: 0 | Remaining: 630 | Failed: 0 | ETA: 0.0 min
  Active subjects:
    002_S_4171: Step 2/10: N4 bias field correction
    002_S_4213: Step 2/10: N4 bias field correction
    002_S_4225: Step 2/10: N4 bias field correction
    002_S_4229: Step 2/10: N4 bias field correction
    002_S_4270: Step 2/10: N4 bias field correction
    002_S_4447: Step 2/10: N4 bias field correction
    002_S_4473: Step 2/10: N4 bias field correction
    002_S_4654: Step 2/10: N4 bias field correction
    002_S_4746: Step 2/10: N4 bias field correction
    002_S_5018: Step 2/10: N4 bias field correction
    003_S_4288: Step 2/10: N4 bias field correction
    003_S_4350: Step 2/10: N4 bias field correction
    003_S_4441: Step 2/10: N4 bias field correction
    003_S_4872: Step 2/10: N4 bias field correction
    003_S_4900: Step 2/10: N4 bias field correction
    005_S_0221: Step 2/10: N4 bias field correction
    005_S_0222: Step 2/10: N4 bias field correction
    005_S_0546: Step 2/10: N4 bias field correction
    005_S_0610: Step 2/10: N4 bias field correction

[Live Progress] Done: 0 | Remaining: 630 | Failed: 0 | ETA: 0.0 min
  Active subjects:
    002_S_4171: Step 2/10: N4 bias field correction
    002_S_4213: Step 2/10: N4 bias field correction
    002_S_4225: Step 2/10: N4 bias field correction
    002_S_4229: Step 2/10: N4 bias field correction
    002_S_4270: Step 2/10: N4 bias field correction
    002_S_4447: Step 2/10: N4 bias field correction
    002_S_4473: Step 2/10: N4 bias field correction
    002_S_4654: Step 2/10: N4 bias field correction
    002_S_4746: Step 2/10: N4 bias field correction
    002_S_5018: Step 2/10: N4 bias field correction
    003_S_4288: Step 2/10: N4 bias field correction
    003_S_4350: Step 2/10: N4 bias field correction
    003_S_4441: Step 2/10: N4 bias field correction
    003_S_4872: Step 2/10: N4 bias field correction
    003_S_4900: Step 2/10: N4 bias field correction
    005_S_0221: Step 2/10: N4 bias field correction
    005_S_0222: Step 2/10: N4 bias field correction
    005_S_0546: Step 2/10: N4 bias field correction
    005_S_0610: Step 2/10: N4 bias field correction

[Live Progress] Done: 0 | Remaining: 630 | Failed: 0 | ETA: 0.0 min
  Active subjects:
    002_S_4171: Step 2/10: N4 bias field correction
    002_S_4213: Step 2/10: N4 bias field correction
    002_S_4225: Step 2/10: N4 bias field correction
    002_S_4229: Step 2/10: N4 bias field correction
    002_S_4270: Step 2/10: N4 bias field correction
    002_S_4447: Step 2/10: N4 bias field correction
    002_S_4473: Step 2/10: N4 bias field correction
    002_S_4654: Step 2/10: N4 bias field correction
    002_S_4746: Step 2/10: N4 bias field correction
    002_S_5018: Step 2/10: N4 bias field correction
    003_S_4288: Step 2/10: N4 bias field correction
    003_S_4350: Step 2/10: N4 bias field correction
    003_S_4441: Step 2/10: N4 bias field correction
    003_S_4872: Step 2/10: N4 bias field correction
    003_S_4900: Step 2/10: N4 bias field correction
    005_S_0221: Step 2/10: N4 bias field correction
    005_S_0222: Step 2/10: N4 bias field correction
    005_S_0546: Step 2/10: N4 bias field correction
    005_S_0610: Step 2/10: N4 bias field correction

[Live Progress] Done: 0 | Remaining: 630 | Failed: 0 | ETA: 0.0 min
  Active subjects:
    002_S_4171: Step 2/10: N4 bias field correction
    002_S_4213: Step 2/10: N4 bias field correction
    002_S_4225: Step 2/10: N4 bias field correction
    002_S_4229: Step 2/10: N4 bias field correction
    002_S_4270: Step 2/10: N4 bias field correction
    002_S_4447: Step 2/10: N4 bias field correction
    002_S_4473: Step 2/10: N4 bias field correction
    002_S_4654: Step 2/10: N4 bias field correction
    002_S_4746: Step 2/10: N4 bias field correction
    002_S_5018: Step 2/10: N4 bias field correction
    003_S_4288: Step 2/10: N4 bias field correction
    003_S_4350: Step 2/10: N4 bias field correction
    003_S_4441: Step 2/10: N4 bias field correction
    003_S_4872: Step 2/10: N4 bias field correction
    003_S_4900: Step 2/10: N4 bias field correction
    005_S_0221: Step 2/10: N4 bias field correction
    005_S_0222: Step 2/10: N4 bias field correction
    005_S_0546: Step 2/10: N4 bias field correction
    005_S_0610: Step 2/10: N4 bias field correction

[Live Progress] Done: 0 | Remaining: 630 | Failed: 0 | ETA: 0.0 min
  Active subjects:
    002_S_4171: Step 2/10: N4 bias field correction
    002_S_4213: Step 2/10: N4 bias field correction
    002_S_4225: Step 2/10: N4 bias field correction
    002_S_4229: Step 2/10: N4 bias field correction
    002_S_4270: Step 2/10: N4 bias field correction
    002_S_4447: Step 2/10: N4 bias field correction
    002_S_4473: Step 2/10: N4 bias field correction
    002_S_4654: Step 2/10: N4 bias field correction
    002_S_4746: Step 2/10: N4 bias field correction
    002_S_5018: Step 2/10: N4 bias field correction
    003_S_4288: Step 2/10: N4 bias field correction
    003_S_4350: Step 2/10: N4 bias field correction
    003_S_4441: Step 2/10: N4 bias field correction
    003_S_4872: Step 2/10: N4 bias field correction
    003_S_4900: Step 2/10: N4 bias field correction
    005_S_0221: Step 2/10: N4 bias field correction
    005_S_0222: Step 2/10: N4 bias field correction
    005_S_0546: Step 2/10: N4 bias field correction
    005_S_0610: Step 2/10: N4 bias field correction

[Live Progress] Done: 0 | Remaining: 630 | Failed: 0 | ETA: 0.0 min
  Active subjects:
    002_S_4171: Step 2/10: N4 bias field correction
    002_S_4213: Step 2/10: N4 bias field correction
    002_S_4225: Step 2/10: N4 bias field correction
    002_S_4229: Step 2/10: N4 bias field correction
    002_S_4270: Step 2/10: N4 bias field correction
    002_S_4447: Step 2/10: N4 bias field correction
    002_S_4473: Step 2/10: N4 bias field correction
    002_S_4654: Step 2/10: N4 bias field correction
    002_S_4746: Step 2/10: N4 bias field correction
    002_S_5018: Step 2/10: N4 bias field correction
    003_S_4288: Step 2/10: N4 bias field correction
    003_S_4350: Step 2/10: N4 bias field correction
    003_S_4441: Step 2/10: N4 bias field correction
    003_S_4872: Step 2/10: N4 bias field correction
    003_S_4900: Step 2/10: N4 bias field correction
    005_S_0221: Step 2/10: N4 bias field correction
    005_S_0222: Step 2/10: N4 bias field correction
    005_S_0546: Step 2/10: N4 bias field correction
    005_S_0610: Step 2/10: N4 bias field correction

[Live Progress] Done: 0 | Remaining: 630 | Failed: 0 | ETA: 0.0 min
  Active subjects:
    002_S_4171: Step 2/10: N4 bias field correction
    002_S_4213: Step 2/10: N4 bias field correction
    002_S_4225: Step 2/10: N4 bias field correction
    002_S_4229: Step 2/10: N4 bias field correction
    002_S_4270: Step 2/10: N4 bias field correction
    002_S_4447: Step 2/10: N4 bias field correction
    002_S_4473: Step 2/10: N4 bias field correction
    002_S_4654: Step 2/10: N4 bias field correction
    002_S_4746: Step 2/10: N4 bias field correction
    002_S_5018: Step 2/10: N4 bias field correction
    003_S_4288: Step 2/10: N4 bias field correction
    003_S_4350: Step 2/10: N4 bias field correction
    003_S_4441: Step 2/10: N4 bias field correction
    003_S_4872: Step 2/10: N4 bias field correction
    003_S_4900: Step 2/10: N4 bias field correction
    005_S_0221: Step 2/10: N4 bias field correction
    005_S_0222: Step 2/10: N4 bias field correction
    005_S_0546: Step 2/10: N4 bias field correction
    005_S_0610: Step 2/10: N4 bias field correction

[Live Progress] Done: 0 | Remaining: 630 | Failed: 0 | ETA: 0.0 min
  Active subjects:
    002_S_4171: Step 2/10: N4 bias field correction
    002_S_4213: Step 2/10: N4 bias field correction
    002_S_4225: Step 2/10: N4 bias field correction
    002_S_4229: Step 2/10: N4 bias field correction
    002_S_4270: Step 2/10: N4 bias field correction
    002_S_4447: Step 2/10: N4 bias field correction
    002_S_4473: Step 2/10: N4 bias field correction
    002_S_4654: Step 2/10: N4 bias field correction
    002_S_4746: Step 2/10: N4 bias field correction
    002_S_5018: Step 2/10: N4 bias field correction
    003_S_4288: Step 2/10: N4 bias field correction
    003_S_4350: Step 2/10: N4 bias field correction
    003_S_4441: Step 2/10: N4 bias field correction
    003_S_4872: Step 2/10: N4 bias field correction
    003_S_4900: Step 2/10: N4 bias field correction
    005_S_0221: Step 2/10: N4 bias field correction
    005_S_0222: Step 2/10: N4 bias field correction
    005_S_0546: Step 2/10: N4 bias field correction
    005_S_0610: Step 2/10: N4 bias field correction

[Live Progress] Done: 0 | Remaining: 630 | Failed: 0 | ETA: 0.0 min
  Active subjects:
    002_S_4171: Step 2/10: N4 bias field correction
    002_S_4213: Step 2/10: N4 bias field correction
    002_S_4225: Step 2/10: N4 bias field correction
    002_S_4229: Step 2/10: N4 bias field correction
    002_S_4270: Step 2/10: N4 bias field correction
    002_S_4447: Step 2/10: N4 bias field correction
    002_S_4473: Step 2/10: N4 bias field correction
    002_S_4654: Step 2/10: N4 bias field correction
    002_S_4746: Step 2/10: N4 bias field correction
    002_S_5018: Step 2/10: N4 bias field correction
    003_S_4288: Step 2/10: N4 bias field correction
    003_S_4350: Step 2/10: N4 bias field correction
    003_S_4441: Step 2/10: N4 bias field correction
    003_S_4872: Step 2/10: N4 bias field correction
    003_S_4900: Step 2/10: N4 bias field correction
    005_S_0221: Step 2/10: N4 bias field correction
    005_S_0222: Step 2/10: N4 bias field correction
    005_S_0546: Step 2/10: N4 bias field correction
    005_S_0610: Step 2/10: N4 bias field correction

[Live Progress] Done: 0 | Remaining: 630 | Failed: 0 | ETA: 0.0 min
  Active subjects:
    002_S_4171: Step 2/10: N4 bias field correction
    002_S_4213: Step 2/10: N4 bias field correction
    002_S_4225: Step 2/10: N4 bias field correction
    002_S_4229: Step 2/10: N4 bias field correction
    002_S_4270: Step 2/10: N4 bias field correction
    002_S_4447: Step 2/10: N4 bias field correction
    002_S_4473: Step 2/10: N4 bias field correction
    002_S_4654: Step 2/10: N4 bias field correction
    002_S_4746: Step 2/10: N4 bias field correction
    002_S_5018: Step 2/10: N4 bias field correction
    003_S_4288: Step 2/10: N4 bias field correction
    003_S_4350: Step 2/10: N4 bias field correction
    003_S_4441: Step 2/10: N4 bias field correction
    003_S_4872: Step 2/10: N4 bias field correction
    003_S_4900: Step 2/10: N4 bias field correction
    005_S_0221: Step 2/10: N4 bias field correction
    005_S_0222: Step 2/10: N4 bias field correction
    005_S_0546: Step 2/10: N4 bias field correction
    005_S_0610: Step 2/10: N4 bias field correction

[Live Progress] Done: 0 | Remaining: 630 | Failed: 0 | ETA: 0.0 min
  Active subjects:
    002_S_4171: Step 2/10: N4 bias field correction
    002_S_4213: Step 2/10: N4 bias field correction
    002_S_4225: Step 2/10: N4 bias field correction
    002_S_4229: Step 2/10: N4 bias field correction
    002_S_4270: Step 2/10: N4 bias field correction
    002_S_4447: Step 2/10: N4 bias field correction
    002_S_4473: Step 2/10: N4 bias field correction
    002_S_4654: Step 2/10: N4 bias field correction
    002_S_4746: Step 2/10: N4 bias field correction
    002_S_5018: Step 2/10: N4 bias field correction
    003_S_4288: Step 2/10: N4 bias field correction
    003_S_4350: Step 2/10: N4 bias field correction
    003_S_4441: Step 2/10: N4 bias field correction
    003_S_4872: Step 2/10: N4 bias field correction
    003_S_4900: Step 2/10: N4 bias field correction
    005_S_0221: Step 2/10: N4 bias field correction
    005_S_0222: Step 2/10: N4 bias field correction
    005_S_0546: Step 2/10: N4 bias field correction
    005_S_0610: Step 2/10: N4 bias field correction

[Live Progress] Done: 0 | Remaining: 630 | Failed: 0 | ETA: 0.0 min
  Active subjects:
    002_S_4171: Step 2/10: N4 bias field correction
    002_S_4213: Step 2/10: N4 bias field correction
    002_S_4225: Step 2/10: N4 bias field correction
    002_S_4229: Step 2/10: N4 bias field correction
    002_S_4270: Step 2/10: N4 bias field correction
    002_S_4447: Step 2/10: N4 bias field correction
    002_S_4473: Step 2/10: N4 bias field correction
    002_S_4654: Step 2/10: N4 bias field correction
    002_S_4746: Step 2/10: N4 bias field correction
    002_S_5018: Step 2/10: N4 bias field correction
    003_S_4288: Step 2/10: N4 bias field correction
    003_S_4350: Step 2/10: N4 bias field correction
    003_S_4441: Step 2/10: N4 bias field correction
    003_S_4872: Step 2/10: N4 bias field correction
    003_S_4900: Step 2/10: N4 bias field correction
    005_S_0221: Step 2/10: N4 bias field correction
    005_S_0222: Step 2/10: N4 bias field correction
    005_S_0546: Step 2/10: N4 bias field correction
    005_S_0610: Step 2/10: N4 bias field correction

[Live Progress] Done: 0 | Remaining: 630 | Failed: 0 | ETA: 0.0 min
  Active subjects:
    002_S_4171: Step 2/10: N4 bias field correction
    002_S_4213: Step 2/10: N4 bias field correction
    002_S_4225: Step 2/10: N4 bias field correction
    002_S_4229: Step 2/10: N4 bias field correction
    002_S_4270: Step 2/10: N4 bias field correction
    002_S_4447: Step 2/10: N4 bias field correction
    002_S_4473: Step 2/10: N4 bias field correction
    002_S_4654: Step 2/10: N4 bias field correction
    002_S_4746: Step 2/10: N4 bias field correction
    002_S_5018: Step 2/10: N4 bias field correction
    003_S_4288: Step 2/10: N4 bias field correction
    003_S_4350: Step 2/10: N4 bias field correction
    003_S_4441: Step 2/10: N4 bias field correction
    003_S_4872: Step 2/10: N4 bias field correction
    003_S_4900: Step 2/10: N4 bias field correction
    005_S_0221: Step 2/10: N4 bias field correction
    005_S_0222: Step 2/10: N4 bias field correction
    005_S_0546: Step 2/10: N4 bias field correction
    005_S_0610: Step 2/10: N4 bias field correction

[Live Progress] Done: 0 | Remaining: 630 | Failed: 0 | ETA: 0.0 min
  Active subjects:
    002_S_4171: Step 2/10: N4 bias field correction
    002_S_4213: Step 2/10: N4 bias field correction
    002_S_4225: Step 2/10: N4 bias field correction
    002_S_4229: Step 2/10: N4 bias field correction
    002_S_4270: Step 2/10: N4 bias field correction
    002_S_4447: Step 2/10: N4 bias field correction
    002_S_4473: Step 2/10: N4 bias field correction
    002_S_4654: Step 2/10: N4 bias field correction
    002_S_4746: Step 2/10: N4 bias field correction
    002_S_5018: Step 2/10: N4 bias field correction
    003_S_4288: Step 2/10: N4 bias field correction
    003_S_4350: Step 2/10: N4 bias field correction
    003_S_4441: Step 2/10: N4 bias field correction
    003_S_4872: Step 2/10: N4 bias field correction
    003_S_4900: Step 2/10: N4 bias field correction
    005_S_0221: Step 2/10: N4 bias field correction
    005_S_0222: Step 2/10: N4 bias field correction
    005_S_0546: Step 2/10: N4 bias field correction
    005_S_0610: Step 2/10: N4 bias field correction

[Live Progress] Done: 0 | Remaining: 630 | Failed: 0 | ETA: 0.0 min
  Active subjects:
    002_S_4171: Step 2/10: N4 bias field correction
    002_S_4213: Step 2/10: N4 bias field correction
    002_S_4225: Step 2/10: N4 bias field correction
    002_S_4229: Step 2/10: N4 bias field correction
    002_S_4270: Step 2/10: N4 bias field correction
    002_S_4447: Step 2/10: N4 bias field correction
    002_S_4473: Step 2/10: N4 bias field correction
    002_S_4654: Step 2/10: N4 bias field correction
    002_S_4746: Step 2/10: N4 bias field correction
    002_S_5018: Step 2/10: N4 bias field correction
    003_S_4288: Step 2/10: N4 bias field correction
    003_S_4350: Step 2/10: N4 bias field correction
    003_S_4441: Step 2/10: N4 bias field correction
    003_S_4872: Step 2/10: N4 bias field correction
    003_S_4900: Step 2/10: N4 bias field correction
    005_S_0221: Step 2/10: N4 bias field correction
    005_S_0222: Step 2/10: N4 bias field correction
    005_S_0546: Step 2/10: N4 bias field correction
    005_S_0610: Step 2/10: N4 bias field correction

[Live Progress] Done: 0 | Remaining: 630 | Failed: 0 | ETA: 0.0 min
  Active subjects:
    002_S_4171: Step 2/10: N4 bias field correction
    002_S_4213: Step 2/10: N4 bias field correction
    002_S_4225: Step 2/10: N4 bias field correction
    002_S_4229: Step 2/10: N4 bias field correction
    002_S_4270: Step 2/10: N4 bias field correction
    002_S_4447: Step 2/10: N4 bias field correction
    002_S_4473: Step 2/10: N4 bias field correction
    002_S_4654: Step 2/10: N4 bias field correction
    002_S_4746: Step 2/10: N4 bias field correction
    002_S_5018: Step 2/10: N4 bias field correction
    003_S_4288: Step 2/10: N4 bias field correction
    003_S_4350: Step 2/10: N4 bias field correction
    003_S_4441: Step 2/10: N4 bias field correction
    003_S_4872: Step 2/10: N4 bias field correction
    003_S_4900: Step 2/10: N4 bias field correction
    005_S_0221: Step 2/10: N4 bias field correction
    005_S_0222: Step 2/10: N4 bias field correction
    005_S_0546: Step 2/10: N4 bias field correction
    005_S_0610: Step 2/10: N4 bias field correction

[Live Progress] Done: 0 | Remaining: 630 | Failed: 0 | ETA: 0.0 min
  Active subjects:
    002_S_4171: Step 2/10: N4 bias field correction
    002_S_4213: Step 2/10: N4 bias field correction
    002_S_4225: Step 2/10: N4 bias field correction
    002_S_4229: Step 2/10: N4 bias field correction
    002_S_4270: Step 2/10: N4 bias field correction
    002_S_4447: Step 2/10: N4 bias field correction
    002_S_4473: Step 2/10: N4 bias field correction
    002_S_4654: Step 2/10: N4 bias field correction
    002_S_4746: Step 2/10: N4 bias field correction
    002_S_5018: Step 2/10: N4 bias field correction
    003_S_4288: Step 2/10: N4 bias field correction
    003_S_4350: Step 2/10: N4 bias field correction
    003_S_4441: Step 2/10: N4 bias field correction
    003_S_4872: Step 2/10: N4 bias field correction
    003_S_4900: Step 2/10: N4 bias field correction
    005_S_0221: Step 2/10: N4 bias field correction
    005_S_0222: Step 2/10: N4 bias field correction
    005_S_0546: Step 2/10: N4 bias field correction
    005_S_0610: Step 2/10: N4 bias field correction

[Live Progress] Done: 0 | Remaining: 630 | Failed: 0 | ETA: 0.0 min
  Active subjects:
    002_S_4171: Step 2/10: N4 bias field correction
    002_S_4213: Step 2/10: N4 bias field correction
    002_S_4225: Step 2/10: N4 bias field correction
    002_S_4229: Step 2/10: N4 bias field correction
    002_S_4270: Step 2/10: N4 bias field correction
    002_S_4447: Step 2/10: N4 bias field correction
    002_S_4473: Step 2/10: N4 bias field correction
    002_S_4654: Step 2/10: N4 bias field correction
    002_S_4746: Step 2/10: N4 bias field correction
    002_S_5018: Step 2/10: N4 bias field correction
    003_S_4288: Step 2/10: N4 bias field correction
    003_S_4350: Step 2/10: N4 bias field correction
    003_S_4441: Step 2/10: N4 bias field correction
    003_S_4872: Step 2/10: N4 bias field correction
    003_S_4900: Step 2/10: N4 bias field correction
    005_S_0221: Step 2/10: N4 bias field correction
    005_S_0222: Step 2/10: N4 bias field correction
    005_S_0546: Step 2/10: N4 bias field correction
    005_S_0610: Step 2/10: N4 bias field correction

[Live Progress] Done: 0 | Remaining: 630 | Failed: 0 | ETA: 0.0 min
  Active subjects:
    002_S_4171: Step 2/10: N4 bias field correction
    002_S_4213: Step 2/10: N4 bias field correction
    002_S_4225: Step 2/10: N4 bias field correction
    002_S_4229: Step 2/10: N4 bias field correction
    002_S_4270: Step 2/10: N4 bias field correction
    002_S_4447: Step 2/10: N4 bias field correction
    002_S_4473: Step 2/10: N4 bias field correction
    002_S_4654: Step 2/10: N4 bias field correction
    002_S_4746: Step 2/10: N4 bias field correction
    002_S_5018: Step 2/10: N4 bias field correction
    003_S_4288: Step 2/10: N4 bias field correction
    003_S_4350: Step 2/10: N4 bias field correction
    003_S_4441: Step 2/10: N4 bias field correction
    003_S_4872: Step 2/10: N4 bias field correction
    003_S_4900: Step 2/10: N4 bias field correction
    005_S_0221: Step 2/10: N4 bias field correction
    005_S_0222: Step 2/10: N4 bias field correction
    005_S_0546: Step 2/10: N4 bias field correction
    005_S_0610: Step 2/10: N4 bias field correction

[Live Progress] Done: 0 | Remaining: 630 | Failed: 0 | ETA: 0.0 min
  Active subjects:
    002_S_4171: Step 2/10: N4 bias field correction
    002_S_4213: Step 2/10: N4 bias field correction
    002_S_4225: Step 2/10: N4 bias field correction
    002_S_4229: Step 2/10: N4 bias field correction
    002_S_4270: Step 2/10: N4 bias field correction
    002_S_4447: Step 2/10: N4 bias field correction
    002_S_4473: Step 2/10: N4 bias field correction
    002_S_4654: Step 2/10: N4 bias field correction
    002_S_4746: Step 2/10: N4 bias field correction
    002_S_5018: Step 2/10: N4 bias field correction
    003_S_4288: Step 2/10: N4 bias field correction
    003_S_4350: Step 2/10: N4 bias field correction
    003_S_4441: Step 2/10: N4 bias field correction
    003_S_4872: Step 2/10: N4 bias field correction
    003_S_4900: Step 2/10: N4 bias field correction
    005_S_0221: Step 2/10: N4 bias field correction
    005_S_0222: Step 2/10: N4 bias field correction
    005_S_0546: Step 2/10: N4 bias field correction
    005_S_0610: Step 2/10: N4 bias field correction

[Live Progress] Done: 0 | Remaining: 630 | Failed: 0 | ETA: 0.0 min
  Active subjects:
    002_S_4171: Step 2/10: N4 bias field correction
    002_S_4213: Step 2/10: N4 bias field correction
    002_S_4225: Step 2/10: N4 bias field correction
    002_S_4229: Step 2/10: N4 bias field correction
    002_S_4270: Step 2/10: N4 bias field correction
    002_S_4447: Step 2/10: N4 bias field correction
    002_S_4473: Step 2/10: N4 bias field correction
    002_S_4654: Step 2/10: N4 bias field correction
    002_S_4746: Step 2/10: N4 bias field correction
    002_S_5018: Step 2/10: N4 bias field correction
    003_S_4288: Step 2/10: N4 bias field correction
    003_S_4350: Step 2/10: N4 bias field correction
    003_S_4441: Step 2/10: N4 bias field correction
    003_S_4872: Step 2/10: N4 bias field correction
    003_S_4900: Step 2/10: N4 bias field correction
    005_S_0221: Step 2/10: N4 bias field correction
    005_S_0222: Step 2/10: N4 bias field correction
    005_S_0546: Step 2/10: N4 bias field correction
    005_S_0610: Step 2/10: N4 bias field correction

[Live Progress] Done: 0 | Remaining: 630 | Failed: 0 | ETA: 0.0 min
  Active subjects:
    002_S_4171: Step 2/10: N4 bias field correction
    002_S_4213: Step 2/10: N4 bias field correction
    002_S_4225: Step 2/10: N4 bias field correction
    002_S_4229: Step 2/10: N4 bias field correction
    002_S_4270: Step 2/10: N4 bias field correction
    002_S_4447: Step 2/10: N4 bias field correction
    002_S_4473: Step 2/10: N4 bias field correction
    002_S_4654: Step 2/10: N4 bias field correction
    002_S_4746: Step 2/10: N4 bias field correction
    002_S_5018: Step 2/10: N4 bias field correction
    003_S_4288: Step 2/10: N4 bias field correction
    003_S_4350: Step 2/10: N4 bias field correction
    003_S_4441: Step 2/10: N4 bias field correction
    003_S_4872: Step 2/10: N4 bias field correction
    003_S_4900: Step 2/10: N4 bias field correction
    005_S_0221: Step 2/10: N4 bias field correction
    005_S_0222: Step 2/10: N4 bias field correction
    005_S_0546: Step 2/10: N4 bias field correction
    005_S_0610: Step 2/10: N4 bias field correction

[Live Progress] Done: 0 | Remaining: 630 | Failed: 0 | ETA: 0.0 min
  Active subjects:
    002_S_4171: Step 2/10: N4 bias field correction
    002_S_4213: Step 2/10: N4 bias field correction
    002_S_4225: Step 2/10: N4 bias field correction
    002_S_4229: Step 2/10: N4 bias field correction
    002_S_4270: Step 2/10: N4 bias field correction
    002_S_4447: Step 2/10: N4 bias field correction
    002_S_4473: Step 2/10: N4 bias field correction
    002_S_4654: Step 2/10: N4 bias field correction
    002_S_4746: Step 2/10: N4 bias field correction
    002_S_5018: Step 2/10: N4 bias field correction
    003_S_4288: Step 2/10: N4 bias field correction
    003_S_4350: Step 2/10: N4 bias field correction
    003_S_4441: Step 2/10: N4 bias field correction
    003_S_4872: Step 2/10: N4 bias field correction
    003_S_4900: Step 2/10: N4 bias field correction
    005_S_0221: Step 2/10: N4 bias field correction
    005_S_0222: Step 2/10: N4 bias field correction
    005_S_0546: Step 2/10: N4 bias field correction
    005_S_0610: Step 2/10: N4 bias field correction

[Live Progress] Done: 0 | Remaining: 630 | Failed: 0 | ETA: 0.0 min
  Active subjects:
    002_S_4171: Step 2/10: N4 bias field correction
    002_S_4213: Step 2/10: N4 bias field correction
    002_S_4225: Step 2/10: N4 bias field correction
    002_S_4229: Step 2/10: N4 bias field correction
    002_S_4270: Step 2/10: N4 bias field correction
    002_S_4447: Step 2/10: N4 bias field correction
    002_S_4473: Step 2/10: N4 bias field correction
    002_S_4654: Step 2/10: N4 bias field correction
    002_S_4746: Step 2/10: N4 bias field correction
    002_S_5018: Step 2/10: N4 bias field correction
    003_S_4288: Step 2/10: N4 bias field correction
    003_S_4350: Step 2/10: N4 bias field correction
    003_S_4441: Step 2/10: N4 bias field correction
    003_S_4872: Step 2/10: N4 bias field correction
    003_S_4900: Step 2/10: N4 bias field correction
    005_S_0221: Step 2/10: N4 bias field correction
    005_S_0222: Step 2/10: N4 bias field correction
    005_S_0546: Step 2/10: N4 bias field correction
    005_S_0610: Step 2/10: N4 bias field correction

[Live Progress] Done: 0 | Remaining: 630 | Failed: 0 | ETA: 0.0 min
  Active subjects:
    002_S_4171: Step 2/10: N4 bias field correction
    002_S_4213: Step 2/10: N4 bias field correction
    002_S_4225: Step 2/10: N4 bias field correction
    002_S_4229: Step 2/10: N4 bias field correction
    002_S_4270: Step 2/10: N4 bias field correction
    002_S_4447: Step 2/10: N4 bias field correction
    002_S_4473: Step 2/10: N4 bias field correction
    002_S_4654: Step 2/10: N4 bias field correction
    002_S_4746: Step 2/10: N4 bias field correction
    002_S_5018: Step 2/10: N4 bias field correction
    003_S_4288: Step 2/10: N4 bias field correction
    003_S_4350: Step 2/10: N4 bias field correction
    003_S_4441: Step 2/10: N4 bias field correction
    003_S_4872: Step 2/10: N4 bias field correction
    003_S_4900: Step 2/10: N4 bias field correction
    005_S_0221: Step 2/10: N4 bias field correction
    005_S_0222: Step 2/10: N4 bias field correction
    005_S_0546: Step 2/10: N4 bias field correction
    005_S_0610: Step 2/10: N4 bias field correction

[Live Progress] Done: 0 | Remaining: 630 | Failed: 0 | ETA: 0.0 min
  Active subjects:
    002_S_4171: Step 2/10: N4 bias field correction
    002_S_4213: Step 2/10: N4 bias field correction
    002_S_4225: Step 2/10: N4 bias field correction
    002_S_4229: Step 2/10: N4 bias field correction
    002_S_4270: Step 2/10: N4 bias field correction
    002_S_4447: Step 2/10: N4 bias field correction
    002_S_4473: Step 2/10: N4 bias field correction
    002_S_4654: Step 2/10: N4 bias field correction
    002_S_4746: Step 2/10: N4 bias field correction
    002_S_5018: Step 2/10: N4 bias field correction
    003_S_4288: Step 2/10: N4 bias field correction
    003_S_4350: Step 2/10: N4 bias field correction
    003_S_4441: Step 2/10: N4 bias field correction
    003_S_4872: Step 2/10: N4 bias field correction
    003_S_4900: Step 2/10: N4 bias field correction
    005_S_0221: Step 2/10: N4 bias field correction
    005_S_0222: Step 2/10: N4 bias field correction
    005_S_0546: Step 2/10: N4 bias field correction
    005_S_0610: Step 2/10: N4 bias field correction

[Live Progress] Done: 0 | Remaining: 630 | Failed: 0 | ETA: 0.0 min
  Active subjects:
    002_S_4171: Step 2/10: N4 bias field correction
    002_S_4213: Step 2/10: N4 bias field correction
    002_S_4225: Step 2/10: N4 bias field correction
    002_S_4229: Step 2/10: N4 bias field correction
    002_S_4270: Step 2/10: N4 bias field correction
    002_S_4447: Step 2/10: N4 bias field correction
    002_S_4473: Step 2/10: N4 bias field correction
    002_S_4654: Step 2/10: N4 bias field correction
    002_S_4746: Step 2/10: N4 bias field correction
    002_S_5018: Step 2/10: N4 bias field correction
    003_S_4288: Step 2/10: N4 bias field correction
    003_S_4350: Step 2/10: N4 bias field correction
    003_S_4441: Step 2/10: N4 bias field correction
    003_S_4872: Step 2/10: N4 bias field correction
    003_S_4900: Step 2/10: N4 bias field correction
    005_S_0221: Step 2/10: N4 bias field correction
    005_S_0222: Step 2/10: N4 bias field correction
    005_S_0546: Step 2/10: N4 bias field correction
    005_S_0610: Step 2/10: N4 bias field correction

[Live Progress] Done: 0 | Remaining: 630 | Failed: 0 | ETA: 0.0 min
  Active subjects:
    002_S_4171: Step 2/10: N4 bias field correction
    002_S_4213: Step 2/10: N4 bias field correction
    002_S_4225: Step 2/10: N4 bias field correction
    002_S_4229: Step 2/10: N4 bias field correction
    002_S_4270: Step 2/10: N4 bias field correction
    002_S_4447: Step 2/10: N4 bias field correction
    002_S_4473: Step 2/10: N4 bias field correction
    002_S_4654: Step 2/10: N4 bias field correction
    002_S_4746: Step 2/10: N4 bias field correction
    002_S_5018: Step 2/10: N4 bias field correction
    003_S_4288: Step 2/10: N4 bias field correction
    003_S_4350: Step 2/10: N4 bias field correction
    003_S_4441: Step 2/10: N4 bias field correction
    003_S_4872: Step 2/10: N4 bias field correction
    003_S_4900: Step 2/10: N4 bias field correction
    005_S_0221: Step 2/10: N4 bias field correction
    005_S_0222: Step 2/10: N4 bias field correction
    005_S_0546: Step 2/10: N4 bias field correction
    005_S_0610: Step 2/10: N4 bias field correction

[Live Progress] Done: 0 | Remaining: 630 | Failed: 0 | ETA: 0.0 min
  Active subjects:
    002_S_4171: Step 2/10: N4 bias field correction
    002_S_4213: Step 2/10: N4 bias field correction
    002_S_4225: Step 2/10: N4 bias field correction
    002_S_4229: Step 2/10: N4 bias field correction
    002_S_4270: Step 2/10: N4 bias field correction
    002_S_4447: Step 2/10: N4 bias field correction
    002_S_4473: Step 2/10: N4 bias field correction
    002_S_4654: Step 2/10: N4 bias field correction
    002_S_4746: Step 2/10: N4 bias field correction
    002_S_5018: Step 2/10: N4 bias field correction
    003_S_4288: Step 2/10: N4 bias field correction
    003_S_4350: Step 2/10: N4 bias field correction
    003_S_4441: Step 2/10: N4 bias field correction
    003_S_4872: Step 2/10: N4 bias field correction
    003_S_4900: Step 2/10: N4 bias field correction
    005_S_0221: Step 2/10: N4 bias field correction
    005_S_0222: Step 2/10: N4 bias field correction
    005_S_0546: Step 2/10: N4 bias field correction
    005_S_0610: Step 2/10: N4 bias field correction

[Live Progress] Done: 0 | Remaining: 630 | Failed: 0 | ETA: 0.0 min
  Active subjects:
    002_S_4171: Step 2/10: N4 bias field correction
    002_S_4213: Step 2/10: N4 bias field correction
    002_S_4225: Step 2/10: N4 bias field correction
    002_S_4229: Step 2/10: N4 bias field correction
    002_S_4270: Step 2/10: N4 bias field correction
    002_S_4447: Step 2/10: N4 bias field correction
    002_S_4473: Step 2/10: N4 bias field correction
    002_S_4654: Step 2/10: N4 bias field correction
    002_S_4746: Step 2/10: N4 bias field correction
    002_S_5018: Step 2/10: N4 bias field correction
    003_S_4288: Step 2/10: N4 bias field correction
    003_S_4350: Step 2/10: N4 bias field correction
    003_S_4441: Step 2/10: N4 bias field correction
    003_S_4872: Step 2/10: N4 bias field correction
    003_S_4900: Step 2/10: N4 bias field correction
    005_S_0221: Step 2/10: N4 bias field correction
    005_S_0222: Step 2/10: N4 bias field correction
    005_S_0546: Step 2/10: N4 bias field correction
    005_S_0610: Step 2/10: N4 bias field correction

[Live Progress] Done: 0 | Remaining: 630 | Failed: 0 | ETA: 0.0 min
  Active subjects:
    002_S_4171: Step 2/10: N4 bias field correction
    002_S_4213: Step 2/10: N4 bias field correction
    002_S_4225: Step 2/10: N4 bias field correction
    002_S_4229: Step 2/10: N4 bias field correction
    002_S_4270: Step 2/10: N4 bias field correction
    002_S_4447: Step 2/10: N4 bias field correction
    002_S_4473: Step 2/10: N4 bias field correction
    002_S_4654: Step 2/10: N4 bias field correction
    002_S_4746: Step 2/10: N4 bias field correction
    002_S_5018: Step 2/10: N4 bias field correction
    003_S_4288: Step 2/10: N4 bias field correction
    003_S_4350: Step 2/10: N4 bias field correction
    003_S_4441: Step 2/10: N4 bias field correction
    003_S_4872: Step 2/10: N4 bias field correction
    003_S_4900: Step 2/10: N4 bias field correction
    005_S_0221: Step 2/10: N4 bias field correction
    005_S_0222: Step 2/10: N4 bias field correction
    005_S_0546: Step 2/10: N4 bias field correction
    005_S_0610: Step 2/10: N4 bias field correction

[Live Progress] Done: 0 | Remaining: 630 | Failed: 0 | ETA: 0.0 min
  Active subjects:
    002_S_4171: Step 2/10: N4 bias field correction
    002_S_4213: Step 2/10: N4 bias field correction
    002_S_4225: Step 2/10: N4 bias field correction
    002_S_4229: Step 2/10: N4 bias field correction
    002_S_4270: Step 2/10: N4 bias field correction
    002_S_4447: Step 2/10: N4 bias field correction
    002_S_4473: Step 2/10: N4 bias field correction
    002_S_4654: Step 2/10: N4 bias field correction
    002_S_4746: Step 2/10: N4 bias field correction
    002_S_5018: Step 2/10: N4 bias field correction
    003_S_4288: Step 2/10: N4 bias field correction
    003_S_4350: Step 2/10: N4 bias field correction
    003_S_4441: Step 2/10: N4 bias field correction
    003_S_4872: Step 2/10: N4 bias field correction
    003_S_4900: Step 2/10: N4 bias field correction
    005_S_0221: Step 2/10: N4 bias field correction
    005_S_0222: Step 2/10: N4 bias field correction
    005_S_0546: Step 2/10: N4 bias field correction
    005_S_0610: Step 2/10: N4 bias field correction

[Live Progress] Done: 0 | Remaining: 630 | Failed: 0 | ETA: 0.0 min
  Active subjects:
    002_S_4171: Step 2/10: N4 bias field correction
    002_S_4213: Step 2/10: N4 bias field correction
    002_S_4225: Step 2/10: N4 bias field correction
    002_S_4229: Step 2/10: N4 bias field correction
    002_S_4270: Step 2/10: N4 bias field correction
    002_S_4447: Step 2/10: N4 bias field correction
    002_S_4473: Step 2/10: N4 bias field correction
    002_S_4654: Step 2/10: N4 bias field correction
    002_S_4746: Step 2/10: N4 bias field correction
    002_S_5018: Step 2/10: N4 bias field correction
    003_S_4288: Step 2/10: N4 bias field correction
    003_S_4350: Step 2/10: N4 bias field correction
    003_S_4441: Step 2/10: N4 bias field correction
    003_S_4872: Step 2/10: N4 bias field correction
    003_S_4900: Step 2/10: N4 bias field correction
    005_S_0221: Step 2/10: N4 bias field correction
    005_S_0222: Step 2/10: N4 bias field correction
    005_S_0546: Step 2/10: N4 bias field correction
    005_S_0610: Step 2/10: N4 bias field correction

[Live Progress] Done: 0 | Remaining: 630 | Failed: 0 | ETA: 0.0 min
  Active subjects:
    002_S_4171: Step 2/10: N4 bias field correction
    002_S_4213: Step 2/10: N4 bias field correction
    002_S_4225: Step 2/10: N4 bias field correction
    002_S_4229: Step 2/10: N4 bias field correction
    002_S_4270: Step 2/10: N4 bias field correction
    002_S_4447: Step 2/10: N4 bias field correction
    002_S_4473: Step 2/10: N4 bias field correction
    002_S_4654: Step 2/10: N4 bias field correction
    002_S_4746: Step 2/10: N4 bias field correction
    002_S_5018: Step 2/10: N4 bias field correction
    003_S_4288: Step 2/10: N4 bias field correction
    003_S_4350: Step 2/10: N4 bias field correction
    003_S_4441: Step 2/10: N4 bias field correction
    003_S_4872: Step 2/10: N4 bias field correction
    003_S_4900: Step 2/10: N4 bias field correction
    005_S_0221: Step 2/10: N4 bias field correction
    005_S_0222: Step 2/10: N4 bias field correction
    005_S_0546: Step 2/10: N4 bias field correction
    005_S_0610: Step 2/10: N4 bias field correction

[Live Progress] Done: 0 | Remaining: 630 | Failed: 0 | ETA: 0.0 min
  Active subjects:
    002_S_4171: Step 2/10: N4 bias field correction
    002_S_4213: Step 2/10: N4 bias field correction
    002_S_4225: Step 2/10: N4 bias field correction
    002_S_4229: Step 2/10: N4 bias field correction
    002_S_4270: Step 2/10: N4 bias field correction
    002_S_4447: Step 2/10: N4 bias field correction
    002_S_4473: Step 2/10: N4 bias field correction
    002_S_4654: Step 2/10: N4 bias field correction
    002_S_4746: Step 2/10: N4 bias field correction
    002_S_5018: Step 2/10: N4 bias field correction
    003_S_4288: Step 2/10: N4 bias field correction
    003_S_4350: Step 2/10: N4 bias field correction
    003_S_4441: Step 2/10: N4 bias field correction
    003_S_4872: Step 2/10: N4 bias field correction
    003_S_4900: Step 2/10: N4 bias field correction
    005_S_0221: Step 2/10: N4 bias field correction
    005_S_0222: Step 2/10: N4 bias field correction
    005_S_0546: Step 2/10: N4 bias field correction
    005_S_0610: Step 2/10: N4 bias field correction

[Live Progress] Done: 0 | Remaining: 630 | Failed: 0 | ETA: 0.0 min
  Active subjects:
    002_S_4171: Step 2/10: N4 bias field correction
    002_S_4213: Step 2/10: N4 bias field correction
    002_S_4225: Step 2/10: N4 bias field correction
    002_S_4229: Step 2/10: N4 bias field correction
    002_S_4270: Step 2/10: N4 bias field correction
    002_S_4447: Step 2/10: N4 bias field correction
    002_S_4473: Step 2/10: N4 bias field correction
    002_S_4654: Step 2/10: N4 bias field correction
    002_S_4746: Step 2/10: N4 bias field correction
    002_S_5018: Step 2/10: N4 bias field correction
    003_S_4288: Step 2/10: N4 bias field correction
    003_S_4350: Step 2/10: N4 bias field correction
    003_S_4441: Step 2/10: N4 bias field correction
    003_S_4872: Step 2/10: N4 bias field correction
    003_S_4900: Step 2/10: N4 bias field correction
    005_S_0221: Step 2/10: N4 bias field correction
    005_S_0222: Step 2/10: N4 bias field correction
    005_S_0546: Step 2/10: N4 bias field correction
    005_S_0610: Step 2/10: N4 bias field correction

[Live Progress] Done: 0 | Remaining: 630 | Failed: 0 | ETA: 0.0 min
  Active subjects:
    002_S_4171: Step 2/10: N4 bias field correction
    002_S_4213: Step 2/10: N4 bias field correction
    002_S_4225: Step 2/10: N4 bias field correction
    002_S_4229: Step 2/10: N4 bias field correction
    002_S_4270: Step 2/10: N4 bias field correction
    002_S_4447: Step 2/10: N4 bias field correction
    002_S_4473: Step 2/10: N4 bias field correction
    002_S_4654: Step 2/10: N4 bias field correction
    002_S_4746: Step 2/10: N4 bias field correction
    002_S_5018: Step 2/10: N4 bias field correction
    003_S_4288: Step 2/10: N4 bias field correction
    003_S_4350: Step 2/10: N4 bias field correction
    003_S_4441: Step 2/10: N4 bias field correction
    003_S_4872: Step 2/10: N4 bias field correction
    003_S_4900: Step 2/10: N4 bias field correction
    005_S_0221: Step 2/10: N4 bias field correction
    005_S_0222: Step 2/10: N4 bias field correction
    005_S_0546: Step 2/10: N4 bias field correction
    005_S_0610: Step 2/10: N4 bias field correction

[Live Progress] Done: 0 | Remaining: 630 | Failed: 0 | ETA: 0.0 min
  Active subjects:
    002_S_4171: Step 2/10: N4 bias field correction
    002_S_4213: Step 2/10: N4 bias field correction
    002_S_4225: Step 2/10: N4 bias field correction
    002_S_4229: Step 2/10: N4 bias field correction
    002_S_4270: Step 2/10: N4 bias field correction
    002_S_4447: Step 2/10: N4 bias field correction
    002_S_4473: Step 2/10: N4 bias field correction
    002_S_4654: Step 2/10: N4 bias field correction
    002_S_4746: Step 2/10: N4 bias field correction
    002_S_5018: Step 2/10: N4 bias field correction
    003_S_4288: Step 2/10: N4 bias field correction
    003_S_4350: Step 2/10: N4 bias field correction
    003_S_4441: Step 2/10: N4 bias field correction
    003_S_4872: Step 2/10: N4 bias field correction
    003_S_4900: Step 2/10: N4 bias field correction
    005_S_0221: Step 2/10: N4 bias field correction
    005_S_0222: Step 2/10: N4 bias field correction
    005_S_0546: Step 2/10: N4 bias field correction
    005_S_0610: Step 2/10: N4 bias field correction

[Live Progress] Done: 0 | Remaining: 630 | Failed: 0 | ETA: 0.0 min
  Active subjects:
    002_S_4171: Step 2/10: N4 bias field correction
    002_S_4213: Step 2/10: N4 bias field correction
    002_S_4225: Step 2/10: N4 bias field correction
    002_S_4229: Step 2/10: N4 bias field correction
    002_S_4270: Step 2/10: N4 bias field correction
    002_S_4447: Step 2/10: N4 bias field correction
    002_S_4473: Step 2/10: N4 bias field correction
    002_S_4654: Step 2/10: N4 bias field correction
    002_S_4746: Step 2/10: N4 bias field correction
    002_S_5018: Step 2/10: N4 bias field correction
    003_S_4288: Step 2/10: N4 bias field correction
    003_S_4350: Step 2/10: N4 bias field correction
    003_S_4441: Step 2/10: N4 bias field correction
    003_S_4872: Step 2/10: N4 bias field correction
    003_S_4900: Step 2/10: N4 bias field correction
    005_S_0221: Step 2/10: N4 bias field correction
    005_S_0222: Step 2/10: N4 bias field correction
    005_S_0546: Step 2/10: N4 bias field correction
    005_S_0610: Step 2/10: N4 bias field correction

[Live Progress] Done: 0 | Remaining: 630 | Failed: 0 | ETA: 0.0 min
  Active subjects:
    002_S_4171: Step 2/10: N4 bias field correction
    002_S_4213: Step 2/10: N4 bias field correction
    002_S_4225: Step 2/10: N4 bias field correction
    002_S_4229: Step 2/10: N4 bias field correction
    002_S_4270: Step 2/10: N4 bias field correction
    002_S_4447: Step 2/10: N4 bias field correction
    002_S_4473: Step 2/10: N4 bias field correction
    002_S_4654: Step 2/10: N4 bias field correction
    002_S_4746: Step 2/10: N4 bias field correction
    002_S_5018: Step 2/10: N4 bias field correction
    003_S_4288: Step 2/10: N4 bias field correction
    003_S_4350: Step 2/10: N4 bias field correction
    003_S_4441: Step 2/10: N4 bias field correction
    003_S_4872: Step 2/10: N4 bias field correction
    003_S_4900: Step 2/10: N4 bias field correction
    005_S_0221: Step 2/10: N4 bias field correction
    005_S_0222: Step 2/10: N4 bias field correction
    005_S_0546: Step 2/10: N4 bias field correction
    005_S_0610: Step 2/10: N4 bias field correction

[Live Progress] Done: 0 | Remaining: 630 | Failed: 0 | ETA: 0.0 min
  Active subjects:
    002_S_4171: Step 2/10: N4 bias field correction
    002_S_4213: Step 2/10: N4 bias field correction
    002_S_4225: Step 2/10: N4 bias field correction
    002_S_4229: Step 2/10: N4 bias field correction
    002_S_4270: Step 2/10: N4 bias field correction
    002_S_4447: Step 2/10: N4 bias field correction
    002_S_4473: Step 2/10: N4 bias field correction
    002_S_4654: Step 2/10: N4 bias field correction
    002_S_4746: Step 2/10: N4 bias field correction
    002_S_5018: Step 2/10: N4 bias field correction
    003_S_4288: Step 2/10: N4 bias field correction
    003_S_4350: Step 2/10: N4 bias field correction
    003_S_4441: Step 2/10: N4 bias field correction
    003_S_4872: Step 2/10: N4 bias field correction
    003_S_4900: Step 2/10: N4 bias field correction
    005_S_0221: Step 2/10: N4 bias field correction
    005_S_0222: Step 2/10: N4 bias field correction
    005_S_0546: Step 2/10: N4 bias field correction
    005_S_0610: Step 2/10: N4 bias field correction

[Live Progress] Done: 0 | Remaining: 630 | Failed: 0 | ETA: 0.0 min
  Active subjects:
    002_S_4171: Step 2/10: N4 bias field correction
    002_S_4213: Step 2/10: N4 bias field correction
    002_S_4225: Step 2/10: N4 bias field correction
    002_S_4229: Step 2/10: N4 bias field correction
    002_S_4270: Step 2/10: N4 bias field correction
    002_S_4447: Step 2/10: N4 bias field correction
    002_S_4473: Step 2/10: N4 bias field correction
    002_S_4654: Step 2/10: N4 bias field correction
    002_S_4746: Step 2/10: N4 bias field correction
    002_S_5018: Step 2/10: N4 bias field correction
    003_S_4288: Step 2/10: N4 bias field correction
    003_S_4350: Step 2/10: N4 bias field correction
    003_S_4441: Step 2/10: N4 bias field correction
    003_S_4872: Step 2/10: N4 bias field correction
    003_S_4900: Step 2/10: N4 bias field correction
    005_S_0221: Step 2/10: N4 bias field correction
    005_S_0222: Step 2/10: N4 bias field correction
    005_S_0546: Step 2/10: N4 bias field correction
    005_S_0610: Step 2/10: N4 bias field correction

[Live Progress] Done: 0 | Remaining: 630 | Failed: 0 | ETA: 0.0 min
  Active subjects:
    002_S_4171: Step 2/10: N4 bias field correction
    002_S_4213: Step 2/10: N4 bias field correction
    002_S_4225: Step 2/10: N4 bias field correction
    002_S_4229: Step 2/10: N4 bias field correction
    002_S_4270: Step 2/10: N4 bias field correction
    002_S_4447: Step 2/10: N4 bias field correction
    002_S_4473: Step 2/10: N4 bias field correction
    002_S_4654: Step 2/10: N4 bias field correction
    002_S_4746: Step 2/10: N4 bias field correction
    002_S_5018: Step 2/10: N4 bias field correction
    003_S_4288: Step 2/10: N4 bias field correction
    003_S_4350: Step 2/10: N4 bias field correction
    003_S_4441: Step 2/10: N4 bias field correction
    003_S_4872: Step 2/10: N4 bias field correction
    003_S_4900: Step 2/10: N4 bias field correction
    005_S_0221: Step 2/10: N4 bias field correction
    005_S_0222: Step 2/10: N4 bias field correction
    005_S_0546: Step 2/10: N4 bias field correction
    005_S_0610: Step 2/10: N4 bias field correction

[Live Progress] Done: 0 | Remaining: 630 | Failed: 0 | ETA: 0.0 min
  Active subjects:
    002_S_4171: Step 2/10: N4 bias field correction
    002_S_4213: Step 2/10: N4 bias field correction
    002_S_4225: Step 2/10: N4 bias field correction
    002_S_4229: Step 2/10: N4 bias field correction
    002_S_4270: Step 2/10: N4 bias field correction
    002_S_4447: Step 2/10: N4 bias field correction
    002_S_4473: Step 2/10: N4 bias field correction
    002_S_4654: Step 2/10: N4 bias field correction
    002_S_4746: Step 2/10: N4 bias field correction
    002_S_5018: Step 2/10: N4 bias field correction
    003_S_4288: Step 2/10: N4 bias field correction
    003_S_4350: Step 2/10: N4 bias field correction
    003_S_4441: Step 2/10: N4 bias field correction
    003_S_4872: Step 2/10: N4 bias field correction
    003_S_4900: Step 2/10: N4 bias field correction
    005_S_0221: Step 2/10: N4 bias field correction
    005_S_0222: Step 2/10: N4 bias field correction
    005_S_0546: Step 2/10: N4 bias field correction
    005_S_0610: Step 2/10: N4 bias field correction

[Live Progress] Done: 0 | Remaining: 630 | Failed: 0 | ETA: 0.0 min
  Active subjects:
    002_S_4171: Step 2/10: N4 bias field correction
    002_S_4213: Step 2/10: N4 bias field correction
    002_S_4225: Step 2/10: N4 bias field correction
    002_S_4229: Step 2/10: N4 bias field correction
    002_S_4270: Step 2/10: N4 bias field correction
    002_S_4447: Step 2/10: N4 bias field correction
    002_S_4473: Step 2/10: N4 bias field correction
    002_S_4654: Step 2/10: N4 bias field correction
    002_S_4746: Step 2/10: N4 bias field correction
    002_S_5018: Step 2/10: N4 bias field correction
    003_S_4288: Step 2/10: N4 bias field correction
    003_S_4350: Step 2/10: N4 bias field correction
    003_S_4441: Step 2/10: N4 bias field correction
    003_S_4872: Step 2/10: N4 bias field correction
    003_S_4900: Step 2/10: N4 bias field correction
    005_S_0221: Step 2/10: N4 bias field correction
    005_S_0222: Step 2/10: N4 bias field correction
    005_S_0546: Step 2/10: N4 bias field correction
    005_S_0610: Step 2/10: N4 bias field correction

[Live Progress] Done: 0 | Remaining: 630 | Failed: 0 | ETA: 0.0 min
  Active subjects:
    002_S_4171: Step 2/10: N4 bias field correction
    002_S_4213: Step 2/10: N4 bias field correction
    002_S_4225: Step 2/10: N4 bias field correction
    002_S_4229: Step 2/10: N4 bias field correction
    002_S_4270: Step 2/10: N4 bias field correction
    002_S_4447: Step 2/10: N4 bias field correction
    002_S_4473: Step 2/10: N4 bias field correction
    002_S_4654: Step 2/10: N4 bias field correction
    002_S_4746: Step 2/10: N4 bias field correction
    002_S_5018: Step 2/10: N4 bias field correction
    003_S_4288: Step 2/10: N4 bias field correction
    003_S_4350: Step 2/10: N4 bias field correction
    003_S_4441: Step 2/10: N4 bias field correction
    003_S_4872: Step 2/10: N4 bias field correction
    003_S_4900: Step 2/10: N4 bias field correction
    005_S_0221: Step 2/10: N4 bias field correction
    005_S_0222: Step 2/10: N4 bias field correction
    005_S_0546: Step 2/10: N4 bias field correction
    005_S_0610: Step 2/10: N4 bias field correction

[Live Progress] Done: 0 | Remaining: 630 | Failed: 0 | ETA: 0.0 min
  Active subjects:
    002_S_4171: Step 2/10: N4 bias field correction
    002_S_4213: Step 2/10: N4 bias field correction
    002_S_4225: Step 2/10: N4 bias field correction
    002_S_4229: Step 2/10: N4 bias field correction
    002_S_4270: Step 2/10: N4 bias field correction
    002_S_4447: Step 2/10: N4 bias field correction
    002_S_4473: Step 2/10: N4 bias field correction
    002_S_4654: Step 2/10: N4 bias field correction
    002_S_4746: Step 2/10: N4 bias field correction
    002_S_5018: Step 2/10: N4 bias field correction
    003_S_4288: Step 2/10: N4 bias field correction
    003_S_4350: Step 2/10: N4 bias field correction
    003_S_4441: Step 2/10: N4 bias field correction
    003_S_4872: Step 2/10: N4 bias field correction
    003_S_4900: Step 2/10: N4 bias field correction
    005_S_0221: Step 2/10: N4 bias field correction
    005_S_0222: Step 2/10: N4 bias field correction
    005_S_0546: Step 2/10: N4 bias field correction
    005_S_0610: Step 2/10: N4 bias field correction

[Live Progress] Done: 0 | Remaining: 630 | Failed: 0 | ETA: 0.0 min
  Active subjects:
    002_S_4171: Step 2/10: N4 bias field correction
    002_S_4213: Step 2/10: N4 bias field correction
    002_S_4225: Step 2/10: N4 bias field correction
    002_S_4229: Step 2/10: N4 bias field correction
    002_S_4270: Step 2/10: N4 bias field correction
    002_S_4447: Step 2/10: N4 bias field correction
    002_S_4473: Step 2/10: N4 bias field correction
    002_S_4654: Step 2/10: N4 bias field correction
    002_S_4746: Step 2/10: N4 bias field correction
    002_S_5018: Step 2/10: N4 bias field correction
    003_S_4288: Step 2/10: N4 bias field correction
    003_S_4350: Step 2/10: N4 bias field correction
    003_S_4441: Step 2/10: N4 bias field correction
    003_S_4872: Step 2/10: N4 bias field correction
    003_S_4900: Step 2/10: N4 bias field correction
    005_S_0221: Step 2/10: N4 bias field correction
    005_S_0222: Step 2/10: N4 bias field correction
    005_S_0546: Step 2/10: N4 bias field correction
    005_S_0610: Step 2/10: N4 bias field correction

[Live Progress] Done: 0 | Remaining: 630 | Failed: 0 | ETA: 0.0 min
  Active subjects:
    002_S_4171: Step 2/10: N4 bias field correction
    002_S_4213: Step 2/10: N4 bias field correction
    002_S_4225: Step 2/10: N4 bias field correction
    002_S_4229: Step 2/10: N4 bias field correction
    002_S_4270: Step 2/10: N4 bias field correction
    002_S_4447: Step 2/10: N4 bias field correction
    002_S_4473: Step 2/10: N4 bias field correction
    002_S_4654: Step 2/10: N4 bias field correction
    002_S_4746: Step 2/10: N4 bias field correction
    002_S_5018: Step 2/10: N4 bias field correction
    003_S_4288: Step 2/10: N4 bias field correction
    003_S_4350: Step 2/10: N4 bias field correction
    003_S_4441: Step 2/10: N4 bias field correction
    003_S_4872: Step 2/10: N4 bias field correction
    003_S_4900: Step 2/10: N4 bias field correction
    005_S_0221: Step 2/10: N4 bias field correction
    005_S_0222: Step 2/10: N4 bias field correction
    005_S_0546: Step 2/10: N4 bias field correction
    005_S_0610: Step 2/10: N4 bias field correction

[Live Progress] Done: 0 | Remaining: 630 | Failed: 0 | ETA: 0.0 min
  Active subjects:
    002_S_4171: Step 2/10: N4 bias field correction
    002_S_4213: Step 2/10: N4 bias field correction
    002_S_4225: Step 2/10: N4 bias field correction
    002_S_4229: Step 2/10: N4 bias field correction
    002_S_4270: Step 2/10: N4 bias field correction
    002_S_4447: Step 2/10: N4 bias field correction
    002_S_4473: Step 2/10: N4 bias field correction
    002_S_4654: Step 2/10: N4 bias field correction
    002_S_4746: Step 2/10: N4 bias field correction
    002_S_5018: Step 2/10: N4 bias field correction
    003_S_4288: Step 2/10: N4 bias field correction
    003_S_4350: Step 2/10: N4 bias field correction
    003_S_4441: Step 2/10: N4 bias field correction
    003_S_4872: Step 2/10: N4 bias field correction
    003_S_4900: Step 2/10: N4 bias field correction
    005_S_0221: Step 2/10: N4 bias field correction
    005_S_0222: Step 2/10: N4 bias field correction
    005_S_0546: Step 2/10: N4 bias field correction
    005_S_0610: Step 2/10: N4 bias field correction

[Live Progress] Done: 0 | Remaining: 630 | Failed: 0 | ETA: 0.0 min
  Active subjects:
    002_S_4171: Step 2/10: N4 bias field correction
    002_S_4213: Step 2/10: N4 bias field correction
    002_S_4225: Step 2/10: N4 bias field correction
    002_S_4229: Step 2/10: N4 bias field correction
    002_S_4270: Step 2/10: N4 bias field correction
    002_S_4447: Step 2/10: N4 bias field correction
    002_S_4473: Step 2/10: N4 bias field correction
    002_S_4654: Step 2/10: N4 bias field correction
    002_S_4746: Step 2/10: N4 bias field correction
    002_S_5018: Step 2/10: N4 bias field correction
    003_S_4288: Step 2/10: N4 bias field correction
    003_S_4350: Step 2/10: N4 bias field correction
    003_S_4441: Step 2/10: N4 bias field correction
    003_S_4872: Step 2/10: N4 bias field correction
    003_S_4900: Step 2/10: N4 bias field correction
    005_S_0221: Step 2/10: N4 bias field correction
    005_S_0222: Step 2/10: N4 bias field correction
    005_S_0546: Step 2/10: N4 bias field correction
    005_S_0610: Step 2/10: N4 bias field correction

[Live Progress] Done: 0 | Remaining: 630 | Failed: 0 | ETA: 0.0 min
  Active subjects:
    002_S_4171: Step 2/10: N4 bias field correction
    002_S_4213: Step 2/10: N4 bias field correction
    002_S_4225: Step 2/10: N4 bias field correction
    002_S_4229: Step 2/10: N4 bias field correction
    002_S_4270: Step 2/10: N4 bias field correction
    002_S_4447: Step 2/10: N4 bias field correction
    002_S_4473: Step 2/10: N4 bias field correction
    002_S_4654: Step 2/10: N4 bias field correction
    002_S_4746: Step 2/10: N4 bias field correction
    002_S_5018: Step 2/10: N4 bias field correction
    003_S_4288: Step 2/10: N4 bias field correction
    003_S_4350: Step 2/10: N4 bias field correction
    003_S_4441: Step 2/10: N4 bias field correction
    003_S_4872: Step 2/10: N4 bias field correction
    003_S_4900: Step 2/10: N4 bias field correction
    005_S_0221: Step 2/10: N4 bias field correction
    005_S_0222: Step 2/10: N4 bias field correction
    005_S_0546: Step 2/10: N4 bias field correction
    005_S_0610: Step 2/10: N4 bias field correction

[Live Progress] Done: 0 | Remaining: 630 | Failed: 0 | ETA: 0.0 min
  Active subjects:
    002_S_4171: Step 2/10: N4 bias field correction
    002_S_4213: Step 2/10: N4 bias field correction
    002_S_4225: Step 2/10: N4 bias field correction
    002_S_4229: Step 2/10: N4 bias field correction
    002_S_4270: Step 2/10: N4 bias field correction
    002_S_4447: Step 2/10: N4 bias field correction
    002_S_4473: Step 2/10: N4 bias field correction
    002_S_4654: Step 2/10: N4 bias field correction
    002_S_4746: Step 2/10: N4 bias field correction
    002_S_5018: Step 2/10: N4 bias field correction
    003_S_4288: Step 2/10: N4 bias field correction
    003_S_4350: Step 2/10: N4 bias field correction
    003_S_4441: Step 2/10: N4 bias field correction
    003_S_4872: Step 2/10: N4 bias field correction
    003_S_4900: Step 2/10: N4 bias field correction
    005_S_0221: Step 2/10: N4 bias field correction
    005_S_0222: Step 2/10: N4 bias field correction
    005_S_0546: Step 2/10: N4 bias field correction
    005_S_0610: Step 2/10: N4 bias field correction

[Live Progress] Done: 0 | Remaining: 630 | Failed: 0 | ETA: 0.0 min
  Active subjects:
    002_S_4171: Step 2/10: N4 bias field correction
    002_S_4213: Step 2/10: N4 bias field correction
    002_S_4225: Step 2/10: N4 bias field correction
    002_S_4229: Step 2/10: N4 bias field correction
    002_S_4270: Step 2/10: N4 bias field correction
    002_S_4447: Step 2/10: N4 bias field correction
    002_S_4473: Step 2/10: N4 bias field correction
    002_S_4654: Step 2/10: N4 bias field correction
    002_S_4746: Step 2/10: N4 bias field correction
    002_S_5018: Step 2/10: N4 bias field correction
    003_S_4288: Step 2/10: N4 bias field correction
    003_S_4350: Step 2/10: N4 bias field correction
    003_S_4441: Step 2/10: N4 bias field correction
    003_S_4872: Step 2/10: N4 bias field correction
    003_S_4900: Step 2/10: N4 bias field correction
    005_S_0221: Step 2/10: N4 bias field correction
    005_S_0222: Step 2/10: N4 bias field correction
    005_S_0546: Step 2/10: N4 bias field correction
    005_S_0610: Step 2/10: N4 bias field correction

[Live Progress] Done: 0 | Remaining: 630 | Failed: 0 | ETA: 0.0 min
  Active subjects:
    002_S_4171: Step 2/10: N4 bias field correction
    002_S_4213: Step 2/10: N4 bias field correction
    002_S_4225: Step 2/10: N4 bias field correction
    002_S_4229: Step 2/10: N4 bias field correction
    002_S_4270: Step 2/10: N4 bias field correction
    002_S_4447: Step 2/10: N4 bias field correction
    002_S_4473: Step 2/10: N4 bias field correction
    002_S_4654: Step 2/10: N4 bias field correction
    002_S_4746: Step 2/10: N4 bias field correction
    002_S_5018: Step 2/10: N4 bias field correction
    003_S_4288: Step 2/10: N4 bias field correction
    003_S_4350: Step 2/10: N4 bias field correction
    003_S_4441: Step 2/10: N4 bias field correction
    003_S_4872: Step 2/10: N4 bias field correction
    003_S_4900: Step 2/10: N4 bias field correction
    005_S_0221: Step 2/10: N4 bias field correction
    005_S_0222: Step 2/10: N4 bias field correction
    005_S_0546: Step 2/10: N4 bias field correction
    005_S_0610: Step 2/10: N4 bias field correction

[Live Progress] Done: 0 | Remaining: 630 | Failed: 0 | ETA: 0.0 min
  Active subjects:
    002_S_4171: Step 2/10: N4 bias field correction
    002_S_4213: Step 2/10: N4 bias field correction
    002_S_4225: Step 2/10: N4 bias field correction
    002_S_4229: Step 2/10: N4 bias field correction
    002_S_4270: Step 2/10: N4 bias field correction
    002_S_4447: Step 2/10: N4 bias field correction
    002_S_4473: Step 2/10: N4 bias field correction
    002_S_4654: Step 2/10: N4 bias field correction
    002_S_4746: Step 2/10: N4 bias field correction
    002_S_5018: Step 2/10: N4 bias field correction
    003_S_4288: Step 2/10: N4 bias field correction
    003_S_4350: Step 2/10: N4 bias field correction
    003_S_4441: Step 2/10: N4 bias field correction
    003_S_4872: Step 2/10: N4 bias field correction
    003_S_4900: Step 2/10: N4 bias field correction
    005_S_0221: Step 2/10: N4 bias field correction
    005_S_0222: Step 2/10: N4 bias field correction
    005_S_0546: Step 2/10: N4 bias field correction
    005_S_0610: Step 2/10: N4 bias field correction

[Live Progress] Done: 0 | Remaining: 630 | Failed: 0 | ETA: 0.0 min
  Active subjects:
    002_S_4171: Step 2/10: N4 bias field correction
    002_S_4213: Step 2/10: N4 bias field correction
    002_S_4225: Step 2/10: N4 bias field correction
    002_S_4229: Step 2/10: N4 bias field correction
    002_S_4270: Step 2/10: N4 bias field correction
    002_S_4447: Step 2/10: N4 bias field correction
    002_S_4473: Step 2/10: N4 bias field correction
    002_S_4654: Step 2/10: N4 bias field correction
    002_S_4746: Step 2/10: N4 bias field correction
    002_S_5018: Step 2/10: N4 bias field correction
    003_S_4288: Step 2/10: N4 bias field correction
    003_S_4350: Step 2/10: N4 bias field correction
    003_S_4441: Step 2/10: N4 bias field correction
    003_S_4872: Step 2/10: N4 bias field correction
    003_S_4900: Step 2/10: N4 bias field correction
    005_S_0221: Step 2/10: N4 bias field correction
    005_S_0222: Step 2/10: N4 bias field correction
    005_S_0546: Step 2/10: N4 bias field correction
    005_S_0610: Step 2/10: N4 bias field correction

[Live Progress] Done: 0 | Remaining: 630 | Failed: 0 | ETA: 0.0 min
  Active subjects:
    002_S_4171: Step 2/10: N4 bias field correction
    002_S_4213: Step 2/10: N4 bias field correction
    002_S_4225: Step 2/10: N4 bias field correction
    002_S_4229: Step 2/10: N4 bias field correction
    002_S_4270: Step 2/10: N4 bias field correction
    002_S_4447: Step 2/10: N4 bias field correction
    002_S_4473: Step 2/10: N4 bias field correction
    002_S_4654: Step 2/10: N4 bias field correction
    002_S_4746: Step 2/10: N4 bias field correction
    002_S_5018: Step 2/10: N4 bias field correction
    003_S_4288: Step 2/10: N4 bias field correction
    003_S_4350: Step 2/10: N4 bias field correction
    003_S_4441: Step 2/10: N4 bias field correction
    003_S_4872: Step 2/10: N4 bias field correction
    003_S_4900: Step 2/10: N4 bias field correction
    005_S_0221: Step 2/10: N4 bias field correction
    005_S_0222: Step 2/10: N4 bias field correction
    005_S_0546: Step 2/10: N4 bias field correction
    005_S_0610: Step 2/10: N4 bias field correction

[Live Progress] Done: 0 | Remaining: 630 | Failed: 0 | ETA: 0.0 min
  Active subjects:
    002_S_4171: Step 2/10: N4 bias field correction
    002_S_4213: Step 2/10: N4 bias field correction
    002_S_4225: Step 2/10: N4 bias field correction
    002_S_4229: Step 2/10: N4 bias field correction
    002_S_4270: Step 2/10: N4 bias field correction
    002_S_4447: Step 2/10: N4 bias field correction
    002_S_4473: Step 2/10: N4 bias field correction
    002_S_4654: Step 2/10: N4 bias field correction
    002_S_4746: Step 2/10: N4 bias field correction
    002_S_5018: Step 2/10: N4 bias field correction
    003_S_4288: Step 2/10: N4 bias field correction
    003_S_4350: Step 2/10: N4 bias field correction
    003_S_4441: Step 2/10: N4 bias field correction
    003_S_4872: Step 2/10: N4 bias field correction
    003_S_4900: Step 2/10: N4 bias field correction
    005_S_0221: Step 2/10: N4 bias field correction
    005_S_0222: Step 2/10: N4 bias field correction
    005_S_0546: Step 2/10: N4 bias field correction
    005_S_0610: Step 2/10: N4 bias field correction

[Live Progress] Done: 0 | Remaining: 630 | Failed: 0 | ETA: 0.0 min
  Active subjects:
    002_S_4171: Step 2/10: N4 bias field correction
    002_S_4213: Step 2/10: N4 bias field correction
    002_S_4225: Step 2/10: N4 bias field correction
    002_S_4229: Step 2/10: N4 bias field correction
    002_S_4270: Step 2/10: N4 bias field correction
    002_S_4447: Step 2/10: N4 bias field correction
    002_S_4473: Step 2/10: N4 bias field correction
    002_S_4654: Step 2/10: N4 bias field correction
    002_S_4746: Step 2/10: N4 bias field correction
    002_S_5018: Step 2/10: N4 bias field correction
    003_S_4288: Step 2/10: N4 bias field correction
    003_S_4350: Step 2/10: N4 bias field correction
    003_S_4441: Step 2/10: N4 bias field correction
    003_S_4872: Step 2/10: N4 bias field correction
    003_S_4900: Step 2/10: N4 bias field correction
    005_S_0221: Step 2/10: N4 bias field correction
    005_S_0222: Step 2/10: N4 bias field correction
    005_S_0546: Step 2/10: N4 bias field correction
    005_S_0610: Step 2/10: N4 bias field correction

[Live Progress] Done: 0 | Remaining: 630 | Failed: 0 | ETA: 0.0 min
  Active subjects:
    002_S_4171: Step 2/10: N4 bias field correction
    002_S_4213: Step 2/10: N4 bias field correction
    002_S_4225: Step 2/10: N4 bias field correction
    002_S_4229: Step 2/10: N4 bias field correction
    002_S_4270: Step 2/10: N4 bias field correction
    002_S_4447: Step 2/10: N4 bias field correction
    002_S_4473: Step 2/10: N4 bias field correction
    002_S_4654: Step 2/10: N4 bias field correction
    002_S_4746: Step 2/10: N4 bias field correction
    002_S_5018: Step 2/10: N4 bias field correction
    003_S_4288: Step 2/10: N4 bias field correction
    003_S_4350: Step 2/10: N4 bias field correction
    003_S_4441: Step 2/10: N4 bias field correction
    003_S_4872: Step 2/10: N4 bias field correction
    003_S_4900: Step 2/10: N4 bias field correction
    005_S_0221: Step 2/10: N4 bias field correction
    005_S_0222: Step 2/10: N4 bias field correction
    005_S_0546: Step 2/10: N4 bias field correction
    005_S_0610: Step 2/10: N4 bias field correction

[Live Progress] Done: 0 | Remaining: 630 | Failed: 0 | ETA: 0.0 min
  Active subjects:
    002_S_4171: Step 2/10: N4 bias field correction
    002_S_4213: Step 2/10: N4 bias field correction
    002_S_4225: Step 2/10: N4 bias field correction
    002_S_4229: Step 2/10: N4 bias field correction
    002_S_4270: Step 2/10: N4 bias field correction
    002_S_4447: Step 2/10: N4 bias field correction
    002_S_4473: Step 2/10: N4 bias field correction
    002_S_4654: Step 2/10: N4 bias field correction
    002_S_4746: Step 2/10: N4 bias field correction
    002_S_5018: Step 2/10: N4 bias field correction
    003_S_4288: Step 2/10: N4 bias field correction
    003_S_4350: Step 2/10: N4 bias field correction
    003_S_4441: Step 2/10: N4 bias field correction
    003_S_4872: Step 2/10: N4 bias field correction
    003_S_4900: Step 2/10: N4 bias field correction
    005_S_0221: Step 2/10: N4 bias field correction
    005_S_0222: Step 2/10: N4 bias field correction
    005_S_0546: Step 2/10: N4 bias field correction
    005_S_0610: Step 2/10: N4 bias field correction

[Live Progress] Done: 0 | Remaining: 630 | Failed: 0 | ETA: 0.0 min
  Active subjects:
    002_S_4171: Step 2/10: N4 bias field correction
    002_S_4213: Step 2/10: N4 bias field correction
    002_S_4225: Step 2/10: N4 bias field correction
    002_S_4229: Step 2/10: N4 bias field correction
    002_S_4270: Step 2/10: N4 bias field correction
    002_S_4447: Step 2/10: N4 bias field correction
    002_S_4473: Step 2/10: N4 bias field correction
    002_S_4654: Step 2/10: N4 bias field correction
    002_S_4746: Step 2/10: N4 bias field correction
    002_S_5018: Step 2/10: N4 bias field correction
    003_S_4288: Step 2/10: N4 bias field correction
    003_S_4350: Step 2/10: N4 bias field correction
    003_S_4441: Step 2/10: N4 bias field correction
    003_S_4872: Step 2/10: N4 bias field correction
    003_S_4900: Step 2/10: N4 bias field correction
    005_S_0221: Step 2/10: N4 bias field correction
    005_S_0222: Step 2/10: N4 bias field correction
    005_S_0546: Step 2/10: N4 bias field correction
    005_S_0610: Step 2/10: N4 bias field correction

[Live Progress] Done: 0 | Remaining: 630 | Failed: 0 | ETA: 0.0 min
  Active subjects:
    002_S_4171: Step 2/10: N4 bias field correction
    002_S_4213: Step 2/10: N4 bias field correction
    002_S_4225: Step 2/10: N4 bias field correction
    002_S_4229: Step 2/10: N4 bias field correction
    002_S_4270: Step 2/10: N4 bias field correction
    002_S_4447: Step 2/10: N4 bias field correction
    002_S_4473: Step 2/10: N4 bias field correction
    002_S_4654: Step 2/10: N4 bias field correction
    002_S_4746: Step 2/10: N4 bias field correction
    002_S_5018: Step 2/10: N4 bias field correction
    003_S_4288: Step 2/10: N4 bias field correction
    003_S_4350: Step 2/10: N4 bias field correction
    003_S_4441: Step 2/10: N4 bias field correction
    003_S_4872: Step 2/10: N4 bias field correction
    003_S_4900: Step 2/10: N4 bias field correction
    005_S_0221: Step 2/10: N4 bias field correction
    005_S_0222: Step 2/10: N4 bias field correction
    005_S_0546: Step 2/10: N4 bias field correction
    005_S_0610: Step 2/10: N4 bias field correction

[Live Progress] Done: 0 | Remaining: 630 | Failed: 0 | ETA: 0.0 min
  Active subjects:
    002_S_4171: Step 2/10: N4 bias field correction
    002_S_4213: Step 2/10: N4 bias field correction
    002_S_4225: Step 2/10: N4 bias field correction
    002_S_4229: Step 2/10: N4 bias field correction
    002_S_4270: Step 2/10: N4 bias field correction
    002_S_4447: Step 2/10: N4 bias field correction
    002_S_4473: Step 2/10: N4 bias field correction
    002_S_4654: Step 2/10: N4 bias field correction
    002_S_4746: Step 2/10: N4 bias field correction
    002_S_5018: Step 2/10: N4 bias field correction
    003_S_4288: Step 2/10: N4 bias field correction
    003_S_4350: Step 2/10: N4 bias field correction
    003_S_4441: Step 2/10: N4 bias field correction
    003_S_4872: Step 2/10: N4 bias field correction
    003_S_4900: Step 2/10: N4 bias field correction
    005_S_0221: Step 2/10: N4 bias field correction
    005_S_0222: Step 2/10: N4 bias field correction
    005_S_0546: Step 2/10: N4 bias field correction
    005_S_0610: Step 2/10: N4 bias field correction

[Live Progress] Done: 0 | Remaining: 630 | Failed: 0 | ETA: 0.0 min
  Active subjects:
    002_S_4171: Step 2/10: N4 bias field correction
    002_S_4213: Step 2/10: N4 bias field correction
    002_S_4225: Step 2/10: N4 bias field correction
    002_S_4229: Step 2/10: N4 bias field correction
    002_S_4270: Step 2/10: N4 bias field correction
    002_S_4447: Step 2/10: N4 bias field correction
    002_S_4473: Step 2/10: N4 bias field correction
    002_S_4654: Step 2/10: N4 bias field correction
    002_S_4746: Step 2/10: N4 bias field correction
    002_S_5018: Step 2/10: N4 bias field correction
    003_S_4288: Step 2/10: N4 bias field correction
    003_S_4350: Step 2/10: N4 bias field correction
    003_S_4441: Step 2/10: N4 bias field correction
    003_S_4872: Step 2/10: N4 bias field correction
    003_S_4900: Step 2/10: N4 bias field correction
    005_S_0221: Step 2/10: N4 bias field correction
    005_S_0222: Step 2/10: N4 bias field correction
    005_S_0546: Step 2/10: N4 bias field correction
    005_S_0610: Step 2/10: N4 bias field correction

[Live Progress] Done: 0 | Remaining: 630 | Failed: 0 | ETA: 0.0 min
  Active subjects:
    002_S_4171: Step 2/10: N4 bias field correction
    002_S_4213: Step 2/10: N4 bias field correction
    002_S_4225: Step 2/10: N4 bias field correction
    002_S_4229: Step 2/10: N4 bias field correction
    002_S_4270: Step 2/10: N4 bias field correction
    002_S_4447: Step 2/10: N4 bias field correction
    002_S_4473: Step 2/10: N4 bias field correction
    002_S_4654: Step 2/10: N4 bias field correction
    002_S_4746: Step 2/10: N4 bias field correction
    002_S_5018: Step 2/10: N4 bias field correction
    003_S_4288: Step 2/10: N4 bias field correction
    003_S_4350: Step 2/10: N4 bias field correction
    003_S_4441: Step 2/10: N4 bias field correction
    003_S_4872: Step 2/10: N4 bias field correction
    003_S_4900: Step 2/10: N4 bias field correction
    005_S_0221: Step 2/10: N4 bias field correction
    005_S_0222: Step 2/10: N4 bias field correction
    005_S_0546: Step 2/10: N4 bias field correction
    005_S_0610: Step 2/10: N4 bias field correction

[Live Progress] Done: 0 | Remaining: 630 | Failed: 0 | ETA: 0.0 min
  Active subjects:
    002_S_4171: Step 2/10: N4 bias field correction
    002_S_4213: Step 2/10: N4 bias field correction
    002_S_4225: Step 2/10: N4 bias field correction
    002_S_4229: Step 2/10: N4 bias field correction
    002_S_4270: Step 2/10: N4 bias field correction
    002_S_4447: Step 2/10: N4 bias field correction
    002_S_4473: Step 2/10: N4 bias field correction
    002_S_4654: Step 2/10: N4 bias field correction
    002_S_4746: Step 2/10: N4 bias field correction
    002_S_5018: Step 2/10: N4 bias field correction
    003_S_4288: Step 2/10: N4 bias field correction
    003_S_4350: Step 2/10: N4 bias field correction
    003_S_4441: Step 2/10: N4 bias field correction
    003_S_4872: Step 2/10: N4 bias field correction
    003_S_4900: Step 2/10: N4 bias field correction
    005_S_0221: Step 2/10: N4 bias field correction
    005_S_0222: Step 2/10: N4 bias field correction
    005_S_0546: Step 2/10: N4 bias field correction
    005_S_0610: Step 2/10: N4 bias field correction

[Live Progress] Done: 0 | Remaining: 630 | Failed: 0 | ETA: 0.0 min
  Active subjects:
    002_S_4171: Step 2/10: N4 bias field correction
    002_S_4213: Step 2/10: N4 bias field correction
    002_S_4225: Step 2/10: N4 bias field correction
    002_S_4229: Step 2/10: N4 bias field correction
    002_S_4270: Step 2/10: N4 bias field correction
    002_S_4447: Step 2/10: N4 bias field correction
    002_S_4473: Step 2/10: N4 bias field correction
    002_S_4654: Step 2/10: N4 bias field correction
    002_S_4746: Step 2/10: N4 bias field correction
    002_S_5018: Step 2/10: N4 bias field correction
    003_S_4288: Step 2/10: N4 bias field correction
    003_S_4350: Step 2/10: N4 bias field correction
    003_S_4441: Step 2/10: N4 bias field correction
    003_S_4872: Step 2/10: N4 bias field correction
    003_S_4900: Step 2/10: N4 bias field correction
    005_S_0221: Step 2/10: N4 bias field correction
    005_S_0222: Step 2/10: N4 bias field correction
    005_S_0546: Step 2/10: N4 bias field correction
    005_S_0610: Step 2/10: N4 bias field correction

[Live Progress] Done: 0 | Remaining: 630 | Failed: 0 | ETA: 0.0 min
  Active subjects:
    002_S_4171: Step 2/10: N4 bias field correction
    002_S_4213: Step 2/10: N4 bias field correction
    002_S_4225: Step 2/10: N4 bias field correction
    002_S_4229: Step 2/10: N4 bias field correction
    002_S_4270: Step 2/10: N4 bias field correction
    002_S_4447: Step 2/10: N4 bias field correction
    002_S_4473: Step 2/10: N4 bias field correction
    002_S_4654: Step 2/10: N4 bias field correction
    002_S_4746: Step 2/10: N4 bias field correction
    002_S_5018: Step 2/10: N4 bias field correction
    003_S_4288: Step 2/10: N4 bias field correction
    003_S_4350: Step 2/10: N4 bias field correction
    003_S_4441: Step 2/10: N4 bias field correction
    003_S_4872: Step 2/10: N4 bias field correction
    003_S_4900: Step 2/10: N4 bias field correction
    005_S_0221: Step 2/10: N4 bias field correction
    005_S_0222: Step 2/10: N4 bias field correction
    005_S_0546: Step 2/10: N4 bias field correction
    005_S_0610: Step 2/10: N4 bias field correction

[Live Progress] Done: 0 | Remaining: 630 | Failed: 0 | ETA: 0.0 min
  Active subjects:
    002_S_4171: Step 2/10: N4 bias field correction
    002_S_4213: Step 2/10: N4 bias field correction
    002_S_4225: Step 2/10: N4 bias field correction
    002_S_4229: Step 2/10: N4 bias field correction
    002_S_4270: Step 2/10: N4 bias field correction
    002_S_4447: Step 2/10: N4 bias field correction
    002_S_4473: Step 2/10: N4 bias field correction
    002_S_4654: Step 2/10: N4 bias field correction
    002_S_4746: Step 2/10: N4 bias field correction
    002_S_5018: Step 2/10: N4 bias field correction
    003_S_4288: Step 2/10: N4 bias field correction
    003_S_4350: Step 2/10: N4 bias field correction
    003_S_4441: Step 2/10: N4 bias field correction
    003_S_4872: Step 2/10: N4 bias field correction
    003_S_4900: Step 2/10: N4 bias field correction
    005_S_0221: Step 2/10: N4 bias field correction
    005_S_0222: Step 2/10: N4 bias field correction
    005_S_0546: Step 2/10: N4 bias field correction
    005_S_0610: Step 2/10: N4 bias field correction

[Live Progress] Done: 0 | Remaining: 630 | Failed: 0 | ETA: 0.0 min
  Active subjects:
    002_S_4171: Step 2/10: N4 bias field correction
    002_S_4213: Step 2/10: N4 bias field correction
    002_S_4225: Step 2/10: N4 bias field correction
    002_S_4229: Step 2/10: N4 bias field correction
    002_S_4270: Step 2/10: N4 bias field correction
    002_S_4447: Step 2/10: N4 bias field correction
    002_S_4473: Step 2/10: N4 bias field correction
    002_S_4654: Step 2/10: N4 bias field correction
    002_S_4746: Step 2/10: N4 bias field correction
    002_S_5018: Step 2/10: N4 bias field correction
    003_S_4288: Step 2/10: N4 bias field correction
    003_S_4350: Step 2/10: N4 bias field correction
    003_S_4441: Step 2/10: N4 bias field correction
    003_S_4872: Step 2/10: N4 bias field correction
    003_S_4900: Step 2/10: N4 bias field correction
    005_S_0221: Step 2/10: N4 bias field correction
    005_S_0222: Step 2/10: N4 bias field correction
    005_S_0546: Step 2/10: N4 bias field correction
    005_S_0610: Step 2/10: N4 bias field correction

[Live Progress] Done: 0 | Remaining: 630 | Failed: 0 | ETA: 0.0 min
  Active subjects:
    002_S_4171: Step 2/10: N4 bias field correction
    002_S_4213: Step 2/10: N4 bias field correction
    002_S_4225: Step 2/10: N4 bias field correction
    002_S_4229: Step 2/10: N4 bias field correction
    002_S_4270: Step 2/10: N4 bias field correction
    002_S_4447: Step 2/10: N4 bias field correction
    002_S_4473: Step 2/10: N4 bias field correction
    002_S_4654: Step 2/10: N4 bias field correction
    002_S_4746: Step 2/10: N4 bias field correction
    002_S_5018: Step 2/10: N4 bias field correction
    003_S_4288: Step 2/10: N4 bias field correction
    003_S_4350: Step 2/10: N4 bias field correction
    003_S_4441: Step 2/10: N4 bias field correction
    003_S_4872: Step 2/10: N4 bias field correction
    003_S_4900: Step 2/10: N4 bias field correction
    005_S_0221: Step 2/10: N4 bias field correction
    005_S_0222: Step 2/10: N4 bias field correction
    005_S_0546: Step 2/10: N4 bias field correction
    005_S_0610: Step 2/10: N4 bias field correction

[Live Progress] Done: 0 | Remaining: 630 | Failed: 0 | ETA: 0.0 min
  Active subjects:
    002_S_4171: Step 2/10: N4 bias field correction
    002_S_4213: Step 2/10: N4 bias field correction
    002_S_4225: Step 2/10: N4 bias field correction
    002_S_4229: Step 2/10: N4 bias field correction
    002_S_4270: Step 2/10: N4 bias field correction
    002_S_4447: Step 2/10: N4 bias field correction
    002_S_4473: Step 2/10: N4 bias field correction
    002_S_4654: Step 2/10: N4 bias field correction
    002_S_4746: Step 2/10: N4 bias field correction
    002_S_5018: Step 2/10: N4 bias field correction
    003_S_4288: Step 2/10: N4 bias field correction
    003_S_4350: Step 2/10: N4 bias field correction
    003_S_4441: Step 2/10: N4 bias field correction
    003_S_4872: Step 2/10: N4 bias field correction
    003_S_4900: Step 2/10: N4 bias field correction
    005_S_0221: Step 2/10: N4 bias field correction
    005_S_0222: Step 2/10: N4 bias field correction
    005_S_0546: Step 2/10: N4 bias field correction
    005_S_0610: Step 2/10: N4 bias field correction

[Live Progress] Done: 0 | Remaining: 630 | Failed: 0 | ETA: 0.0 min
  Active subjects:
    002_S_4171: Step 2/10: N4 bias field correction
    002_S_4213: Step 2/10: N4 bias field correction
    002_S_4225: Step 2/10: N4 bias field correction
    002_S_4229: Step 2/10: N4 bias field correction
    002_S_4270: Step 2/10: N4 bias field correction
    002_S_4447: Step 2/10: N4 bias field correction
    002_S_4473: Step 2/10: N4 bias field correction
    002_S_4654: Step 2/10: N4 bias field correction
    002_S_4746: Step 2/10: N4 bias field correction
    002_S_5018: Step 2/10: N4 bias field correction
    003_S_4288: Step 2/10: N4 bias field correction
    003_S_4350: Step 2/10: N4 bias field correction
    003_S_4441: Step 2/10: N4 bias field correction
    003_S_4872: Step 2/10: N4 bias field correction
    003_S_4900: Step 2/10: N4 bias field correction
    005_S_0221: Step 2/10: N4 bias field correction
    005_S_0222: Step 2/10: N4 bias field correction
    005_S_0546: Step 2/10: N4 bias field correction
    005_S_0610: Step 2/10: N4 bias field correction

[Live Progress] Done: 0 | Remaining: 630 | Failed: 0 | ETA: 0.0 min
  Active subjects:
    002_S_4171: Step 2/10: N4 bias field correction
    002_S_4213: Step 2/10: N4 bias field correction
    002_S_4225: Step 2/10: N4 bias field correction
    002_S_4229: Step 2/10: N4 bias field correction
    002_S_4270: Step 2/10: N4 bias field correction
    002_S_4447: Step 2/10: N4 bias field correction
    002_S_4473: Step 2/10: N4 bias field correction
    002_S_4654: Step 2/10: N4 bias field correction
    002_S_4746: Step 2/10: N4 bias field correction
    002_S_5018: Step 2/10: N4 bias field correction
    003_S_4288: Step 2/10: N4 bias field correction
    003_S_4350: Step 2/10: N4 bias field correction
    003_S_4441: Step 2/10: N4 bias field correction
    003_S_4872: Step 2/10: N4 bias field correction
    003_S_4900: Step 2/10: N4 bias field correction
    005_S_0221: Step 2/10: N4 bias field correction
    005_S_0222: Step 2/10: N4 bias field correction
    005_S_0546: Step 2/10: N4 bias field correction
    005_S_0610: Step 2/10: N4 bias field correction

[Live Progress] Done: 0 | Remaining: 630 | Failed: 0 | ETA: 0.0 min
  Active subjects:
    002_S_4171: Step 2/10: N4 bias field correction
    002_S_4213: Step 2/10: N4 bias field correction
    002_S_4225: Step 2/10: N4 bias field correction
    002_S_4229: Step 2/10: N4 bias field correction
    002_S_4270: Step 2/10: N4 bias field correction
    002_S_4447: Step 2/10: N4 bias field correction
    002_S_4473: Step 2/10: N4 bias field correction
    002_S_4654: Step 2/10: N4 bias field correction
    002_S_4746: Step 2/10: N4 bias field correction
    002_S_5018: Step 2/10: N4 bias field correction
    003_S_4288: Step 2/10: N4 bias field correction
    003_S_4350: Step 2/10: N4 bias field correction
    003_S_4441: Step 2/10: N4 bias field correction
    003_S_4872: Step 2/10: N4 bias field correction
    003_S_4900: Step 2/10: N4 bias field correction
    005_S_0221: Step 2/10: N4 bias field correction
    005_S_0222: Step 2/10: N4 bias field correction
    005_S_0546: Step 2/10: N4 bias field correction
    005_S_0610: Step 2/10: N4 bias field correction

[Live Progress] Done: 0 | Remaining: 630 | Failed: 0 | ETA: 0.0 min
  Active subjects:
    002_S_4171: Step 2/10: N4 bias field correction
    002_S_4213: Step 2/10: N4 bias field correction
    002_S_4225: Step 2/10: N4 bias field correction
    002_S_4229: Step 2/10: N4 bias field correction
    002_S_4270: Step 2/10: N4 bias field correction
    002_S_4447: Step 2/10: N4 bias field correction
    002_S_4473: Step 2/10: N4 bias field correction
    002_S_4654: Step 2/10: N4 bias field correction
    002_S_4746: Step 2/10: N4 bias field correction
    002_S_5018: Step 2/10: N4 bias field correction
    003_S_4288: Step 2/10: N4 bias field correction
    003_S_4350: Step 2/10: N4 bias field correction
    003_S_4441: Step 2/10: N4 bias field correction
    003_S_4872: Step 2/10: N4 bias field correction
    003_S_4900: Step 2/10: N4 bias field correction
    005_S_0221: Step 2/10: N4 bias field correction
    005_S_0222: Step 2/10: N4 bias field correction
    005_S_0546: Step 2/10: N4 bias field correction
    005_S_0610: Step 2/10: N4 bias field correction

[Live Progress] Done: 0 | Remaining: 630 | Failed: 0 | ETA: 0.0 min
  Active subjects:
    002_S_4171: Step 2/10: N4 bias field correction
    002_S_4213: Step 2/10: N4 bias field correction
    002_S_4225: Step 2/10: N4 bias field correction
    002_S_4229: Step 2/10: N4 bias field correction
    002_S_4270: Step 2/10: N4 bias field correction
    002_S_4447: Step 2/10: N4 bias field correction
    002_S_4473: Step 2/10: N4 bias field correction
    002_S_4654: Step 2/10: N4 bias field correction
    002_S_4746: Step 2/10: N4 bias field correction
    002_S_5018: Step 2/10: N4 bias field correction
    003_S_4288: Step 2/10: N4 bias field correction
    003_S_4350: Step 2/10: N4 bias field correction
    003_S_4441: Step 2/10: N4 bias field correction
    003_S_4872: Step 2/10: N4 bias field correction
    003_S_4900: Step 2/10: N4 bias field correction
    005_S_0221: Step 2/10: N4 bias field correction
    005_S_0222: Step 2/10: N4 bias field correction
    005_S_0546: Step 2/10: N4 bias field correction
    005_S_0610: Step 2/10: N4 bias field correction

[Live Progress] Done: 0 | Remaining: 630 | Failed: 0 | ETA: 0.0 min
  Active subjects:
    002_S_4171: Step 2/10: N4 bias field correction
    002_S_4213: Step 2/10: N4 bias field correction
    002_S_4225: Step 2/10: N4 bias field correction
    002_S_4229: Step 2/10: N4 bias field correction
    002_S_4270: Step 2/10: N4 bias field correction
    002_S_4447: Step 2/10: N4 bias field correction
    002_S_4473: Step 2/10: N4 bias field correction
    002_S_4654: Step 2/10: N4 bias field correction
    002_S_4746: Step 2/10: N4 bias field correction
    002_S_5018: Step 2/10: N4 bias field correction
    003_S_4288: Step 2/10: N4 bias field correction
    003_S_4350: Step 2/10: N4 bias field correction
    003_S_4441: Step 2/10: N4 bias field correction
    003_S_4872: Step 2/10: N4 bias field correction
    003_S_4900: Step 2/10: N4 bias field correction
    005_S_0221: Step 2/10: N4 bias field correction
    005_S_0222: Step 2/10: N4 bias field correction
    005_S_0546: Step 2/10: N4 bias field correction
    005_S_0610: Step 2/10: N4 bias field correction

[Live Progress] Done: 0 | Remaining: 630 | Failed: 0 | ETA: 0.0 min
  Active subjects:
    002_S_4171: Step 2/10: N4 bias field correction
    002_S_4213: Step 2/10: N4 bias field correction
    002_S_4225: Step 2/10: N4 bias field correction
    002_S_4229: Step 2/10: N4 bias field correction
    002_S_4270: Step 2/10: N4 bias field correction
    002_S_4447: Step 2/10: N4 bias field correction
    002_S_4473: Step 2/10: N4 bias field correction
    002_S_4654: Step 2/10: N4 bias field correction
    002_S_4746: Step 2/10: N4 bias field correction
    002_S_5018: Step 2/10: N4 bias field correction
    003_S_4288: Step 2/10: N4 bias field correction
    003_S_4350: Step 2/10: N4 bias field correction
    003_S_4441: Step 2/10: N4 bias field correction
    003_S_4872: Step 2/10: N4 bias field correction
    003_S_4900: Step 2/10: N4 bias field correction
    005_S_0221: Step 2/10: N4 bias field correction
    005_S_0222: Step 2/10: N4 bias field correction
    005_S_0546: Step 2/10: N4 bias field correction
    005_S_0610: Step 2/10: N4 bias field correction

[Live Progress] Done: 0 | Remaining: 630 | Failed: 0 | ETA: 0.0 min
  Active subjects:
    002_S_4171: Step 2/10: N4 bias field correction
    002_S_4213: Step 2/10: N4 bias field correction
    002_S_4225: Step 2/10: N4 bias field correction
    002_S_4229: Step 2/10: N4 bias field correction
    002_S_4270: Step 2/10: N4 bias field correction
    002_S_4447: Step 2/10: N4 bias field correction
    002_S_4473: Step 2/10: N4 bias field correction
    002_S_4654: Step 2/10: N4 bias field correction
    002_S_4746: Step 2/10: N4 bias field correction
    002_S_5018: Step 2/10: N4 bias field correction
    003_S_4288: Step 2/10: N4 bias field correction
    003_S_4350: Step 2/10: N4 bias field correction
    003_S_4441: Step 2/10: N4 bias field correction
    003_S_4872: Step 2/10: N4 bias field correction
    003_S_4900: Step 2/10: N4 bias field correction
    005_S_0221: Step 2/10: N4 bias field correction
    005_S_0222: Step 2/10: N4 bias field correction
    005_S_0546: Step 2/10: N4 bias field correction
    005_S_0610: Step 2/10: N4 bias field correction

[Live Progress] Done: 0 | Remaining: 630 | Failed: 0 | ETA: 0.0 min
  Active subjects:
    002_S_4171: Step 2/10: N4 bias field correction
    002_S_4213: Step 2/10: N4 bias field correction
    002_S_4225: Step 2/10: N4 bias field correction
    002_S_4229: Step 2/10: N4 bias field correction
    002_S_4270: Step 2/10: N4 bias field correction
    002_S_4447: Step 2/10: N4 bias field correction
    002_S_4473: Step 2/10: N4 bias field correction
    002_S_4654: Step 2/10: N4 bias field correction
    002_S_4746: Step 2/10: N4 bias field correction
    002_S_5018: Step 2/10: N4 bias field correction
    003_S_4288: Step 2/10: N4 bias field correction
    003_S_4350: Step 2/10: N4 bias field correction
    003_S_4441: Step 2/10: N4 bias field correction
    003_S_4872: Step 2/10: N4 bias field correction
    003_S_4900: Step 2/10: N4 bias field correction
    005_S_0221: Step 2/10: N4 bias field correction
    005_S_0222: Step 2/10: N4 bias field correction
    005_S_0546: Step 2/10: N4 bias field correction
    005_S_0610: Step 2/10: N4 bias field correction

[Live Progress] Done: 0 | Remaining: 630 | Failed: 0 | ETA: 0.0 min
  Active subjects:
    002_S_4171: Step 2/10: N4 bias field correction
    002_S_4213: Step 2/10: N4 bias field correction
    002_S_4225: Step 2/10: N4 bias field correction
    002_S_4229: Step 2/10: N4 bias field correction
    002_S_4270: Step 2/10: N4 bias field correction
    002_S_4447: Step 2/10: N4 bias field correction
    002_S_4473: Step 2/10: N4 bias field correction
    002_S_4654: Step 2/10: N4 bias field correction
    002_S_4746: Step 2/10: N4 bias field correction
    002_S_5018: Step 2/10: N4 bias field correction
    003_S_4288: Step 2/10: N4 bias field correction
    003_S_4350: Step 2/10: N4 bias field correction
    003_S_4441: Step 2/10: N4 bias field correction
    003_S_4872: Step 2/10: N4 bias field correction
    003_S_4900: Step 2/10: N4 bias field correction
    005_S_0221: Step 2/10: N4 bias field correction
    005_S_0222: Step 2/10: N4 bias field correction
    005_S_0546: Step 2/10: N4 bias field correction
    005_S_0610: Step 2/10: N4 bias field correction

[Live Progress] Done: 0 | Remaining: 630 | Failed: 0 | ETA: 0.0 min
  Active subjects:
    002_S_4171: Step 2/10: N4 bias field correction
    002_S_4213: Step 2/10: N4 bias field correction
    002_S_4225: Step 2/10: N4 bias field correction
    002_S_4229: Step 2/10: N4 bias field correction
    002_S_4270: Step 2/10: N4 bias field correction
    002_S_4447: Step 2/10: N4 bias field correction
    002_S_4473: Step 2/10: N4 bias field correction
    002_S_4654: Step 2/10: N4 bias field correction
    002_S_4746: Step 2/10: N4 bias field correction
    002_S_5018: Step 2/10: N4 bias field correction
    003_S_4288: Step 2/10: N4 bias field correction
    003_S_4350: Step 2/10: N4 bias field correction
    003_S_4441: Step 2/10: N4 bias field correction
    003_S_4872: Step 2/10: N4 bias field correction
    003_S_4900: Step 2/10: N4 bias field correction
    005_S_0221: Step 2/10: N4 bias field correction
    005_S_0222: Step 2/10: N4 bias field correction
    005_S_0546: Step 2/10: N4 bias field correction
    005_S_0610: Step 2/10: N4 bias field correction

[Live Progress] Done: 0 | Remaining: 630 | Failed: 0 | ETA: 0.0 min
  Active subjects:
    002_S_4171: Step 2/10: N4 bias field correction
    002_S_4213: Step 2/10: N4 bias field correction
    002_S_4225: Step 2/10: N4 bias field correction
    002_S_4229: Step 2/10: N4 bias field correction
    002_S_4270: Step 2/10: N4 bias field correction
    002_S_4447: Step 2/10: N4 bias field correction
    002_S_4473: Step 2/10: N4 bias field correction
    002_S_4654: Step 2/10: N4 bias field correction
    002_S_4746: Step 2/10: N4 bias field correction
    002_S_5018: Step 2/10: N4 bias field correction
    003_S_4288: Step 2/10: N4 bias field correction
    003_S_4350: Step 2/10: N4 bias field correction
    003_S_4441: Step 2/10: N4 bias field correction
    003_S_4872: Step 2/10: N4 bias field correction
    003_S_4900: Step 2/10: N4 bias field correction
    005_S_0221: Step 2/10: N4 bias field correction
    005_S_0222: Step 2/10: N4 bias field correction
    005_S_0546: Step 2/10: N4 bias field correction
    005_S_0610: Step 2/10: N4 bias field correction

[Live Progress] Done: 0 | Remaining: 630 | Failed: 0 | ETA: 0.0 min
  Active subjects:
    002_S_4171: Step 2/10: N4 bias field correction
    002_S_4213: Step 2/10: N4 bias field correction
    002_S_4225: Step 2/10: N4 bias field correction
    002_S_4229: Step 2/10: N4 bias field correction
    002_S_4270: Step 2/10: N4 bias field correction
    002_S_4447: Step 2/10: N4 bias field correction
    002_S_4473: Step 2/10: N4 bias field correction
    002_S_4654: Step 2/10: N4 bias field correction
    002_S_4746: Step 2/10: N4 bias field correction
    002_S_5018: Step 2/10: N4 bias field correction
    003_S_4288: Step 2/10: N4 bias field correction
    003_S_4350: Step 2/10: N4 bias field correction
    003_S_4441: Step 2/10: N4 bias field correction
    003_S_4872: Step 2/10: N4 bias field correction
    003_S_4900: Step 2/10: N4 bias field correction
    005_S_0221: Step 2/10: N4 bias field correction
    005_S_0222: Step 2/10: N4 bias field correction
    005_S_0546: Step 2/10: N4 bias field correction
    005_S_0610: Step 2/10: N4 bias field correction

[Live Progress] Done: 0 | Remaining: 630 | Failed: 0 | ETA: 0.0 min
  Active subjects:
    002_S_4171: Step 2/10: N4 bias field correction
    002_S_4213: Step 2/10: N4 bias field correction
    002_S_4225: Step 2/10: N4 bias field correction
    002_S_4229: Step 2/10: N4 bias field correction
    002_S_4270: Step 2/10: N4 bias field correction
    002_S_4447: Step 2/10: N4 bias field correction
    002_S_4473: Step 2/10: N4 bias field correction
    002_S_4654: Step 2/10: N4 bias field correction
    002_S_4746: Step 2/10: N4 bias field correction
    002_S_5018: Step 2/10: N4 bias field correction
    003_S_4288: Step 2/10: N4 bias field correction
    003_S_4350: Step 2/10: N4 bias field correction
    003_S_4441: Step 2/10: N4 bias field correction
    003_S_4872: Step 2/10: N4 bias field correction
    003_S_4900: Step 2/10: N4 bias field correction
    005_S_0221: Step 2/10: N4 bias field correction
    005_S_0222: Step 2/10: N4 bias field correction
    005_S_0546: Step 2/10: N4 bias field correction
    005_S_0610: Step 2/10: N4 bias field correction

[Live Progress] Done: 0 | Remaining: 630 | Failed: 0 | ETA: 0.0 min
  Active subjects:
    002_S_4171: Step 2/10: N4 bias field correction
    002_S_4213: Step 2/10: N4 bias field correction
    002_S_4225: Step 2/10: N4 bias field correction
    002_S_4229: Step 2/10: N4 bias field correction
    002_S_4270: Step 2/10: N4 bias field correction
    002_S_4447: Step 2/10: N4 bias field correction
    002_S_4473: Step 2/10: N4 bias field correction
    002_S_4654: Step 2/10: N4 bias field correction
    002_S_4746: Step 2/10: N4 bias field correction
    002_S_5018: Step 2/10: N4 bias field correction
    003_S_4288: Step 2/10: N4 bias field correction
    003_S_4350: Step 2/10: N4 bias field correction
    003_S_4441: Step 2/10: N4 bias field correction
    003_S_4872: Step 2/10: N4 bias field correction
    003_S_4900: Step 2/10: N4 bias field correction
    005_S_0221: Step 2/10: N4 bias field correction
    005_S_0222: Step 2/10: N4 bias field correction
    005_S_0546: Step 2/10: N4 bias field correction
    005_S_0610: Step 2/10: N4 bias field correction

[Live Progress] Done: 0 | Remaining: 630 | Failed: 0 | ETA: 0.0 min
  Active subjects:
    002_S_4171: Step 2/10: N4 bias field correction
    002_S_4213: Step 2/10: N4 bias field correction
    002_S_4225: Step 2/10: N4 bias field correction
    002_S_4229: Step 2/10: N4 bias field correction
    002_S_4270: Step 2/10: N4 bias field correction
    002_S_4447: Step 2/10: N4 bias field correction
    002_S_4473: Step 2/10: N4 bias field correction
    002_S_4654: Step 2/10: N4 bias field correction
    002_S_4746: Step 2/10: N4 bias field correction
    002_S_5018: Step 2/10: N4 bias field correction
    003_S_4288: Step 2/10: N4 bias field correction
    003_S_4350: Step 2/10: N4 bias field correction
    003_S_4441: Step 2/10: N4 bias field correction
    003_S_4872: Step 2/10: N4 bias field correction
    003_S_4900: Step 2/10: N4 bias field correction
    005_S_0221: Step 2/10: N4 bias field correction
    005_S_0222: Step 2/10: N4 bias field correction
    005_S_0546: Step 2/10: N4 bias field correction
    005_S_0610: Step 2/10: N4 bias field correction

[Live Progress] Done: 0 | Remaining: 630 | Failed: 0 | ETA: 0.0 min
  Active subjects:
    002_S_4171: Step 2/10: N4 bias field correction
    002_S_4213: Step 2/10: N4 bias field correction
    002_S_4225: Step 2/10: N4 bias field correction
    002_S_4229: Step 2/10: N4 bias field correction
    002_S_4270: Step 2/10: N4 bias field correction
    002_S_4447: Step 2/10: N4 bias field correction
    002_S_4473: Step 2/10: N4 bias field correction
    002_S_4654: Step 2/10: N4 bias field correction
    002_S_4746: Step 2/10: N4 bias field correction
    002_S_5018: Step 2/10: N4 bias field correction
    003_S_4288: Step 2/10: N4 bias field correction
    003_S_4350: Step 2/10: N4 bias field correction
    003_S_4441: Step 2/10: N4 bias field correction
    003_S_4872: Step 2/10: N4 bias field correction
    003_S_4900: Step 2/10: N4 bias field correction
    005_S_0221: Step 2/10: N4 bias field correction
    005_S_0222: Step 2/10: N4 bias field correction
    005_S_0546: Step 2/10: N4 bias field correction
    005_S_0610: Step 2/10: N4 bias field correction

[Live Progress] Done: 0 | Remaining: 630 | Failed: 0 | ETA: 0.0 min
  Active subjects:
    002_S_4171: Step 2/10: N4 bias field correction
    002_S_4213: Step 2/10: N4 bias field correction
    002_S_4225: Step 2/10: N4 bias field correction
    002_S_4229: Step 2/10: N4 bias field correction
    002_S_4270: Step 2/10: N4 bias field correction
    002_S_4447: Step 2/10: N4 bias field correction
    002_S_4473: Step 2/10: N4 bias field correction
    002_S_4654: Step 2/10: N4 bias field correction
    002_S_4746: Step 2/10: N4 bias field correction
    002_S_5018: Step 2/10: N4 bias field correction
    003_S_4288: Step 2/10: N4 bias field correction
    003_S_4350: Step 2/10: N4 bias field correction
    003_S_4441: Step 2/10: N4 bias field correction
    003_S_4872: Step 2/10: N4 bias field correction
    003_S_4900: Step 2/10: N4 bias field correction
    005_S_0221: Step 2/10: N4 bias field correction
    005_S_0222: Step 2/10: N4 bias field correction
    005_S_0546: Step 2/10: N4 bias field correction
    005_S_0610: Step 2/10: N4 bias field correction

[Live Progress] Done: 0 | Remaining: 630 | Failed: 0 | ETA: 0.0 min
  Active subjects:
    002_S_4171: Step 2/10: N4 bias field correction
    002_S_4213: Step 2/10: N4 bias field correction
    002_S_4225: Step 2/10: N4 bias field correction
    002_S_4229: Step 2/10: N4 bias field correction
    002_S_4270: Step 2/10: N4 bias field correction
    002_S_4447: Step 2/10: N4 bias field correction
    002_S_4473: Step 2/10: N4 bias field correction
    002_S_4654: Step 2/10: N4 bias field correction
    002_S_4746: Step 2/10: N4 bias field correction
    002_S_5018: Step 2/10: N4 bias field correction
    003_S_4288: Step 2/10: N4 bias field correction
    003_S_4350: Step 2/10: N4 bias field correction
    003_S_4441: Step 2/10: N4 bias field correction
    003_S_4872: Step 2/10: N4 bias field correction
    003_S_4900: Step 2/10: N4 bias field correction
    005_S_0221: Step 2/10: N4 bias field correction
    005_S_0222: Step 2/10: N4 bias field correction
    005_S_0546: Step 2/10: N4 bias field correction
    005_S_0610: Step 2/10: N4 bias field correction

[Live Progress] Done: 0 | Remaining: 630 | Failed: 0 | ETA: 0.0 min
  Active subjects:
    002_S_4171: Step 2/10: N4 bias field correction
    002_S_4213: Step 2/10: N4 bias field correction
    002_S_4225: Step 2/10: N4 bias field correction
    002_S_4229: Step 2/10: N4 bias field correction
    002_S_4270: Step 2/10: N4 bias field correction
    002_S_4447: Step 2/10: N4 bias field correction
    002_S_4473: Step 2/10: N4 bias field correction
    002_S_4654: Step 2/10: N4 bias field correction
    002_S_4746: Step 2/10: N4 bias field correction
    002_S_5018: Step 2/10: N4 bias field correction
    003_S_4288: Step 2/10: N4 bias field correction
    003_S_4350: Step 2/10: N4 bias field correction
    003_S_4441: Step 2/10: N4 bias field correction
    003_S_4872: Step 2/10: N4 bias field correction
    003_S_4900: Step 2/10: N4 bias field correction
    005_S_0221: Step 2/10: N4 bias field correction
    005_S_0222: Step 2/10: N4 bias field correction
    005_S_0546: Step 2/10: N4 bias field correction
    005_S_0610: Step 2/10: N4 bias field correction

[Live Progress] Done: 0 | Remaining: 630 | Failed: 0 | ETA: 0.0 min
  Active subjects:
    002_S_4171: Step 2/10: N4 bias field correction
    002_S_4213: Step 2/10: N4 bias field correction
    002_S_4225: Step 2/10: N4 bias field correction
    002_S_4229: Step 2/10: N4 bias field correction
    002_S_4270: Step 2/10: N4 bias field correction
    002_S_4447: Step 2/10: N4 bias field correction
    002_S_4473: Step 2/10: N4 bias field correction
    002_S_4654: Step 2/10: N4 bias field correction
    002_S_4746: Step 2/10: N4 bias field correction
    002_S_5018: Step 2/10: N4 bias field correction
    003_S_4288: Step 2/10: N4 bias field correction
    003_S_4350: Step 2/10: N4 bias field correction
    003_S_4441: Step 2/10: N4 bias field correction
    003_S_4872: Step 2/10: N4 bias field correction
    003_S_4900: Step 2/10: N4 bias field correction
    005_S_0221: Step 2/10: N4 bias field correction
    005_S_0222: Step 2/10: N4 bias field correction
    005_S_0546: Step 2/10: N4 bias field correction
    005_S_0610: Step 2/10: N4 bias field correction

[Live Progress] Done: 0 | Remaining: 630 | Failed: 0 | ETA: 0.0 min
  Active subjects:
    002_S_4171: Step 2/10: N4 bias field correction
    002_S_4213: Step 2/10: N4 bias field correction
    002_S_4225: Step 2/10: N4 bias field correction
    002_S_4229: Step 2/10: N4 bias field correction
    002_S_4270: Step 2/10: N4 bias field correction
    002_S_4447: Step 2/10: N4 bias field correction
    002_S_4473: Step 2/10: N4 bias field correction
    002_S_4654: Step 2/10: N4 bias field correction
    002_S_4746: Step 2/10: N4 bias field correction
    002_S_5018: Step 2/10: N4 bias field correction
    003_S_4288: Step 2/10: N4 bias field correction
    003_S_4350: Step 2/10: N4 bias field correction
    003_S_4441: Step 2/10: N4 bias field correction
    003_S_4872: Step 2/10: N4 bias field correction
    003_S_4900: Step 2/10: N4 bias field correction
    005_S_0221: Step 2/10: N4 bias field correction
    005_S_0222: Step 2/10: N4 bias field correction
    005_S_0546: Step 2/10: N4 bias field correction
    005_S_0610: Step 2/10: N4 bias field correction

[Live Progress] Done: 0 | Remaining: 630 | Failed: 0 | ETA: 0.0 min
  Active subjects:
    002_S_4171: Step 2/10: N4 bias field correction
    002_S_4213: Step 2/10: N4 bias field correction
    002_S_4225: Step 2/10: N4 bias field correction
    002_S_4229: Step 2/10: N4 bias field correction
    002_S_4270: Step 2/10: N4 bias field correction
    002_S_4447: Step 2/10: N4 bias field correction
    002_S_4473: Step 2/10: N4 bias field correction
    002_S_4654: Step 2/10: N4 bias field correction
    002_S_4746: Step 2/10: N4 bias field correction
    002_S_5018: Step 2/10: N4 bias field correction
    003_S_4288: Step 2/10: N4 bias field correction
    003_S_4350: Step 2/10: N4 bias field correction
    003_S_4441: Step 2/10: N4 bias field correction
    003_S_4872: Step 2/10: N4 bias field correction
    003_S_4900: Step 2/10: N4 bias field correction
    005_S_0221: Step 2/10: N4 bias field correction
    005_S_0222: Step 2/10: N4 bias field correction
    005_S_0546: Step 2/10: N4 bias field correction
    005_S_0610: Step 2/10: N4 bias field correction

[Live Progress] Done: 0 | Remaining: 630 | Failed: 0 | ETA: 0.0 min
  Active subjects:
    002_S_4171: Step 2/10: N4 bias field correction
    002_S_4213: Step 2/10: N4 bias field correction
    002_S_4225: Step 2/10: N4 bias field correction
    002_S_4229: Step 2/10: N4 bias field correction
    002_S_4270: Step 2/10: N4 bias field correction
    002_S_4447: Step 2/10: N4 bias field correction
    002_S_4473: Step 2/10: N4 bias field correction
    002_S_4654: Step 2/10: N4 bias field correction
    002_S_4746: Step 2/10: N4 bias field correction
    002_S_5018: Step 2/10: N4 bias field correction
    003_S_4288: Step 2/10: N4 bias field correction
    003_S_4350: Step 2/10: N4 bias field correction
    003_S_4441: Step 2/10: N4 bias field correction
    003_S_4872: Step 2/10: N4 bias field correction
    003_S_4900: Step 2/10: N4 bias field correction
    005_S_0221: Step 2/10: N4 bias field correction
    005_S_0222: Step 2/10: N4 bias field correction
    005_S_0546: Step 2/10: N4 bias field correction
    005_S_0610: Step 2/10: N4 bias field correction

[Live Progress] Done: 0 | Remaining: 630 | Failed: 0 | ETA: 0.0 min
  Active subjects:
    002_S_4171: Step 2/10: N4 bias field correction
    002_S_4213: Step 2/10: N4 bias field correction
    002_S_4225: Step 2/10: N4 bias field correction
    002_S_4229: Step 2/10: N4 bias field correction
    002_S_4270: Step 2/10: N4 bias field correction
    002_S_4447: Step 2/10: N4 bias field correction
    002_S_4473: Step 2/10: N4 bias field correction
    002_S_4654: Step 2/10: N4 bias field correction
    002_S_4746: Step 2/10: N4 bias field correction
    002_S_5018: Step 2/10: N4 bias field correction
    003_S_4288: Step 2/10: N4 bias field correction
    003_S_4350: Step 2/10: N4 bias field correction
    003_S_4441: Step 2/10: N4 bias field correction
    003_S_4872: Step 2/10: N4 bias field correction
    003_S_4900: Step 2/10: N4 bias field correction
    005_S_0221: Step 2/10: N4 bias field correction
    005_S_0222: Step 2/10: N4 bias field correction
    005_S_0546: Step 2/10: N4 bias field correction
    005_S_0610: Step 2/10: N4 bias field correction

[Live Progress] Done: 0 | Remaining: 630 | Failed: 0 | ETA: 0.0 min
  Active subjects:
    002_S_4171: Step 2/10: N4 bias field correction
    002_S_4213: Step 2/10: N4 bias field correction
    002_S_4225: Step 2/10: N4 bias field correction
    002_S_4229: Step 2/10: N4 bias field correction
    002_S_4270: Step 2/10: N4 bias field correction
    002_S_4447: Step 2/10: N4 bias field correction
    002_S_4473: Step 2/10: N4 bias field correction
    002_S_4654: Step 2/10: N4 bias field correction
    002_S_4746: Step 2/10: N4 bias field correction
    002_S_5018: Step 2/10: N4 bias field correction
    003_S_4288: Step 2/10: N4 bias field correction
    003_S_4350: Step 2/10: N4 bias field correction
    003_S_4441: Step 2/10: N4 bias field correction
    003_S_4872: Step 2/10: N4 bias field correction
    003_S_4900: Step 2/10: N4 bias field correction
    005_S_0221: Step 2/10: N4 bias field correction
    005_S_0222: Step 2/10: N4 bias field correction
    005_S_0546: Step 2/10: N4 bias field correction
    005_S_0610: Step 2/10: N4 bias field correction

[Live Progress] Done: 0 | Remaining: 630 | Failed: 0 | ETA: 0.0 min
  Active subjects:
    002_S_4171: Step 2/10: N4 bias field correction
    002_S_4213: Step 2/10: N4 bias field correction
    002_S_4225: Step 2/10: N4 bias field correction
    002_S_4229: Step 2/10: N4 bias field correction
    002_S_4270: Step 2/10: N4 bias field correction
    002_S_4447: Step 2/10: N4 bias field correction
    002_S_4473: Step 2/10: N4 bias field correction
    002_S_4654: Step 2/10: N4 bias field correction
    002_S_4746: Step 2/10: N4 bias field correction
    002_S_5018: Step 2/10: N4 bias field correction
    003_S_4288: Step 2/10: N4 bias field correction
    003_S_4350: Step 2/10: N4 bias field correction
    003_S_4441: Step 2/10: N4 bias field correction
    003_S_4872: Step 2/10: N4 bias field correction
    003_S_4900: Step 2/10: N4 bias field correction
    005_S_0221: Step 2/10: N4 bias field correction
    005_S_0222: Step 2/10: N4 bias field correction
    005_S_0546: Step 2/10: N4 bias field correction
    005_S_0610: Step 2/10: N4 bias field correction

[Live Progress] Done: 0 | Remaining: 630 | Failed: 0 | ETA: 0.0 min
  Active subjects:
    002_S_4171: Step 2/10: N4 bias field correction
    002_S_4213: Step 2/10: N4 bias field correction
    002_S_4225: Step 2/10: N4 bias field correction
    002_S_4229: Step 2/10: N4 bias field correction
    002_S_4270: Step 2/10: N4 bias field correction
    002_S_4447: Step 2/10: N4 bias field correction
    002_S_4473: Step 2/10: N4 bias field correction
    002_S_4654: Step 2/10: N4 bias field correction
    002_S_4746: Step 2/10: N4 bias field correction
    002_S_5018: Step 2/10: N4 bias field correction
    003_S_4288: Step 2/10: N4 bias field correction
    003_S_4350: Step 2/10: N4 bias field correction
    003_S_4441: Step 2/10: N4 bias field correction
    003_S_4872: Step 2/10: N4 bias field correction
    003_S_4900: Step 2/10: N4 bias field correction
    005_S_0221: Step 2/10: N4 bias field correction
    005_S_0222: Step 2/10: N4 bias field correction
    005_S_0546: Step 2/10: N4 bias field correction
    005_S_0610: Step 2/10: N4 bias field correction

[Live Progress] Done: 0 | Remaining: 630 | Failed: 0 | ETA: 0.0 min
  Active subjects:
    002_S_4171: Step 2/10: N4 bias field correction
    002_S_4213: Step 2/10: N4 bias field correction
    002_S_4225: Step 2/10: N4 bias field correction
    002_S_4229: Step 2/10: N4 bias field correction
    002_S_4270: Step 2/10: N4 bias field correction
    002_S_4447: Step 2/10: N4 bias field correction
    002_S_4473: Step 2/10: N4 bias field correction
    002_S_4654: Step 2/10: N4 bias field correction
    002_S_4746: Step 2/10: N4 bias field correction
    002_S_5018: Step 2/10: N4 bias field correction
    003_S_4288: Step 2/10: N4 bias field correction
    003_S_4350: Step 2/10: N4 bias field correction
    003_S_4441: Step 2/10: N4 bias field correction
    003_S_4872: Step 2/10: N4 bias field correction
    003_S_4900: Step 2/10: N4 bias field correction
    005_S_0221: Step 2/10: N4 bias field correction
    005_S_0222: Step 2/10: N4 bias field correction
    005_S_0546: Step 2/10: N4 bias field correction
    005_S_0610: Step 2/10: N4 bias field correction

[Live Progress] Done: 0 | Remaining: 630 | Failed: 0 | ETA: 0.0 min
  Active subjects:
    002_S_4171: Step 2/10: N4 bias field correction
    002_S_4213: Step 2/10: N4 bias field correction
    002_S_4225: Step 2/10: N4 bias field correction
    002_S_4229: Step 2/10: N4 bias field correction
    002_S_4270: Step 2/10: N4 bias field correction
    002_S_4447: Step 2/10: N4 bias field correction
    002_S_4473: Step 2/10: N4 bias field correction
    002_S_4654: Step 2/10: N4 bias field correction
    002_S_4746: Step 2/10: N4 bias field correction
    002_S_5018: Step 2/10: N4 bias field correction
    003_S_4288: Step 2/10: N4 bias field correction
    003_S_4350: Step 2/10: N4 bias field correction
    003_S_4441: Step 2/10: N4 bias field correction
    003_S_4872: Step 2/10: N4 bias field correction
    003_S_4900: Step 2/10: N4 bias field correction
    005_S_0221: Step 2/10: N4 bias field correction
    005_S_0222: Step 2/10: N4 bias field correction
    005_S_0546: Step 2/10: N4 bias field correction
    005_S_0610: Step 2/10: N4 bias field correction

[Live Progress] Done: 0 | Remaining: 630 | Failed: 0 | ETA: 0.0 min
  Active subjects:
    002_S_4171: Step 2/10: N4 bias field correction
    002_S_4213: Step 2/10: N4 bias field correction
    002_S_4225: Step 2/10: N4 bias field correction
    002_S_4229: Step 2/10: N4 bias field correction
    002_S_4270: Step 2/10: N4 bias field correction
    002_S_4447: Step 2/10: N4 bias field correction
    002_S_4473: Step 2/10: N4 bias field correction
    002_S_4654: Step 2/10: N4 bias field correction
    002_S_4746: Step 2/10: N4 bias field correction
    002_S_5018: Step 2/10: N4 bias field correction
    003_S_4288: Step 2/10: N4 bias field correction
    003_S_4350: Step 2/10: N4 bias field correction
    003_S_4441: Step 2/10: N4 bias field correction
    003_S_4872: Step 2/10: N4 bias field correction
    003_S_4900: Step 2/10: N4 bias field correction
    005_S_0221: Step 2/10: N4 bias field correction
    005_S_0222: Step 2/10: N4 bias field correction
    005_S_0546: Step 2/10: N4 bias field correction
    005_S_0610: Step 2/10: N4 bias field correction

[Live Progress] Done: 0 | Remaining: 630 | Failed: 0 | ETA: 0.0 min
  Active subjects:
    002_S_4171: Step 2/10: N4 bias field correction
    002_S_4213: Step 2/10: N4 bias field correction
    002_S_4225: Step 2/10: N4 bias field correction
    002_S_4229: Step 2/10: N4 bias field correction
    002_S_4270: Step 2/10: N4 bias field correction
    002_S_4447: Step 2/10: N4 bias field correction
    002_S_4473: Step 2/10: N4 bias field correction
    002_S_4654: Step 2/10: N4 bias field correction
    002_S_4746: Step 2/10: N4 bias field correction
    002_S_5018: Step 2/10: N4 bias field correction
    003_S_4288: Step 2/10: N4 bias field correction
    003_S_4350: Step 2/10: N4 bias field correction
    003_S_4441: Step 2/10: N4 bias field correction
    003_S_4872: Step 2/10: N4 bias field correction
    003_S_4900: Step 2/10: N4 bias field correction
    005_S_0221: Step 2/10: N4 bias field correction
    005_S_0222: Step 2/10: N4 bias field correction
    005_S_0546: Step 2/10: N4 bias field correction
    005_S_0610: Step 2/10: N4 bias field correction

[Live Progress] Done: 0 | Remaining: 630 | Failed: 0 | ETA: 0.0 min
  Active subjects:
    002_S_4171: Step 2/10: N4 bias field correction
    002_S_4213: Step 2/10: N4 bias field correction
    002_S_4225: Step 2/10: N4 bias field correction
    002_S_4229: Step 2/10: N4 bias field correction
    002_S_4270: Step 2/10: N4 bias field correction
    002_S_4447: Step 2/10: N4 bias field correction
    002_S_4473: Step 2/10: N4 bias field correction
    002_S_4654: Step 2/10: N4 bias field correction
    002_S_4746: Step 2/10: N4 bias field correction
    002_S_5018: Step 2/10: N4 bias field correction
    003_S_4288: Step 2/10: N4 bias field correction
    003_S_4350: Step 2/10: N4 bias field correction
    003_S_4441: Step 2/10: N4 bias field correction
    003_S_4872: Step 2/10: N4 bias field correction
    003_S_4900: Step 2/10: N4 bias field correction
    005_S_0221: Step 2/10: N4 bias field correction
    005_S_0222: Step 2/10: N4 bias field correction
    005_S_0546: Step 2/10: N4 bias field correction
    005_S_0610: Step 2/10: N4 bias field correction

[Live Progress] Done: 0 | Remaining: 630 | Failed: 0 | ETA: 0.0 min
  Active subjects:
    002_S_4171: Step 2/10: N4 bias field correction
    002_S_4213: Step 2/10: N4 bias field correction
    002_S_4225: Step 2/10: N4 bias field correction
    002_S_4229: Step 2/10: N4 bias field correction
    002_S_4270: Step 2/10: N4 bias field correction
    002_S_4447: Step 2/10: N4 bias field correction
    002_S_4473: Step 2/10: N4 bias field correction
    002_S_4654: Step 2/10: N4 bias field correction
    002_S_4746: Step 2/10: N4 bias field correction
    002_S_5018: Step 2/10: N4 bias field correction
    003_S_4288: Step 2/10: N4 bias field correction
    003_S_4350: Step 2/10: N4 bias field correction
    003_S_4441: Step 2/10: N4 bias field correction
    003_S_4872: Step 2/10: N4 bias field correction
    003_S_4900: Step 2/10: N4 bias field correction
    005_S_0221: Step 2/10: N4 bias field correction
    005_S_0222: Step 2/10: N4 bias field correction
    005_S_0546: Step 2/10: N4 bias field correction
    005_S_0610: Step 2/10: N4 bias field correction

[Live Progress] Done: 0 | Remaining: 630 | Failed: 0 | ETA: 0.0 min
  Active subjects:
    002_S_4171: Step 2/10: N4 bias field correction
    002_S_4213: Step 2/10: N4 bias field correction
    002_S_4225: Step 2/10: N4 bias field correction
    002_S_4229: Step 2/10: N4 bias field correction
    002_S_4270: Step 2/10: N4 bias field correction
    002_S_4447: Step 2/10: N4 bias field correction
    002_S_4473: Step 2/10: N4 bias field correction
    002_S_4654: Step 2/10: N4 bias field correction
    002_S_4746: Step 2/10: N4 bias field correction
    002_S_5018: Step 2/10: N4 bias field correction
    003_S_4288: Step 2/10: N4 bias field correction
    003_S_4350: Step 2/10: N4 bias field correction
    003_S_4441: Step 2/10: N4 bias field correction
    003_S_4872: Step 2/10: N4 bias field correction
    003_S_4900: Step 2/10: N4 bias field correction
    005_S_0221: Step 2/10: N4 bias field correction
    005_S_0222: Step 2/10: N4 bias field correction
    005_S_0546: Step 2/10: N4 bias field correction
    005_S_0610: Step 2/10: N4 bias field correction

[Live Progress] Done: 0 | Remaining: 630 | Failed: 0 | ETA: 0.0 min
  Active subjects:
    002_S_4171: Step 2/10: N4 bias field correction
    002_S_4213: Step 2/10: N4 bias field correction
    002_S_4225: Step 2/10: N4 bias field correction
    002_S_4229: Step 2/10: N4 bias field correction
    002_S_4270: Step 2/10: N4 bias field correction
    002_S_4447: Step 2/10: N4 bias field correction
    002_S_4473: Step 2/10: N4 bias field correction
    002_S_4654: Step 2/10: N4 bias field correction
    002_S_4746: Step 2/10: N4 bias field correction
    002_S_5018: Step 2/10: N4 bias field correction
    003_S_4288: Step 2/10: N4 bias field correction
    003_S_4350: Step 2/10: N4 bias field correction
    003_S_4441: Step 2/10: N4 bias field correction
    003_S_4872: Step 2/10: N4 bias field correction
    003_S_4900: Step 2/10: N4 bias field correction
    005_S_0221: Step 2/10: N4 bias field correction
    005_S_0222: Step 2/10: N4 bias field correction
    005_S_0546: Step 2/10: N4 bias field correction
    005_S_0610: Step 2/10: N4 bias field correction

[Live Progress] Done: 0 | Remaining: 630 | Failed: 0 | ETA: 0.0 min
  Active subjects:
    002_S_4171: Step 2/10: N4 bias field correction
    002_S_4213: Step 2/10: N4 bias field correction
    002_S_4225: Step 2/10: N4 bias field correction
    002_S_4229: Step 2/10: N4 bias field correction
    002_S_4270: Step 2/10: N4 bias field correction
    002_S_4447: Step 2/10: N4 bias field correction
    002_S_4473: Step 2/10: N4 bias field correction
    002_S_4654: Step 2/10: N4 bias field correction
    002_S_4746: Step 2/10: N4 bias field correction
    002_S_5018: Step 2/10: N4 bias field correction
    003_S_4288: Step 2/10: N4 bias field correction
    003_S_4350: Step 2/10: N4 bias field correction
    003_S_4441: Step 2/10: N4 bias field correction
    003_S_4872: Step 2/10: N4 bias field correction
    003_S_4900: Step 2/10: N4 bias field correction
    005_S_0221: Step 2/10: N4 bias field correction
    005_S_0222: Step 2/10: N4 bias field correction
    005_S_0546: Step 2/10: N4 bias field correction
    005_S_0610: Step 2/10: N4 bias field correction

[Live Progress] Done: 0 | Remaining: 630 | Failed: 0 | ETA: 0.0 min
  Active subjects:
    002_S_4171: Step 2/10: N4 bias field correction
    002_S_4213: Step 2/10: N4 bias field correction
    002_S_4225: Step 2/10: N4 bias field correction
    002_S_4229: Step 2/10: N4 bias field correction
    002_S_4270: Step 2/10: N4 bias field correction
    002_S_4447: Step 2/10: N4 bias field correction
    002_S_4473: Step 2/10: N4 bias field correction
    002_S_4654: Step 2/10: N4 bias field correction
    002_S_4746: Step 2/10: N4 bias field correction
    002_S_5018: Step 2/10: N4 bias field correction
    003_S_4288: Step 2/10: N4 bias field correction
    003_S_4350: Step 2/10: N4 bias field correction
    003_S_4441: Step 2/10: N4 bias field correction
    003_S_4872: Step 2/10: N4 bias field correction
    003_S_4900: Step 2/10: N4 bias field correction
    005_S_0221: Step 2/10: N4 bias field correction
    005_S_0222: Step 2/10: N4 bias field correction
    005_S_0546: Step 2/10: N4 bias field correction
    005_S_0610: Step 2/10: N4 bias field correction

[Live Progress] Done: 0 | Remaining: 630 | Failed: 0 | ETA: 0.0 min
  Active subjects:
    002_S_4171: Step 2/10: N4 bias field correction
    002_S_4213: Step 2/10: N4 bias field correction
    002_S_4225: Step 2/10: N4 bias field correction
    002_S_4229: Step 2/10: N4 bias field correction
    002_S_4270: Step 2/10: N4 bias field correction
    002_S_4447: Step 2/10: N4 bias field correction
    002_S_4473: Step 2/10: N4 bias field correction
    002_S_4654: Step 2/10: N4 bias field correction
    002_S_4746: Step 2/10: N4 bias field correction
    002_S_5018: Step 2/10: N4 bias field correction
    003_S_4288: Step 2/10: N4 bias field correction
    003_S_4350: Step 2/10: N4 bias field correction
    003_S_4441: Step 2/10: N4 bias field correction
    003_S_4872: Step 2/10: N4 bias field correction
    003_S_4900: Step 2/10: N4 bias field correction
    005_S_0221: Step 2/10: N4 bias field correction
    005_S_0222: Step 2/10: N4 bias field correction
    005_S_0546: Step 2/10: N4 bias field correction
    005_S_0610: Step 2/10: N4 bias field correction

[Live Progress] Done: 0 | Remaining: 630 | Failed: 0 | ETA: 0.0 min
  Active subjects:
    002_S_4171: Step 2/10: N4 bias field correction
    002_S_4213: Step 2/10: N4 bias field correction
    002_S_4225: Step 2/10: N4 bias field correction
    002_S_4229: Step 2/10: N4 bias field correction
    002_S_4270: Step 2/10: N4 bias field correction
    002_S_4447: Step 2/10: N4 bias field correction
    002_S_4473: Step 2/10: N4 bias field correction
    002_S_4654: Step 2/10: N4 bias field correction
    002_S_4746: Step 2/10: N4 bias field correction
    002_S_5018: Step 2/10: N4 bias field correction
    003_S_4288: Step 2/10: N4 bias field correction
    003_S_4350: Step 2/10: N4 bias field correction
    003_S_4441: Step 2/10: N4 bias field correction
    003_S_4872: Step 2/10: N4 bias field correction
    003_S_4900: Step 2/10: N4 bias field correction
    005_S_0221: Step 2/10: N4 bias field correction
    005_S_0222: Step 2/10: N4 bias field correction
    005_S_0546: Step 2/10: N4 bias field correction
    005_S_0610: Step 2/10: N4 bias field correction

[Live Progress] Done: 0 | Remaining: 630 | Failed: 0 | ETA: 0.0 min
  Active subjects:
    002_S_4171: Step 2/10: N4 bias field correction
    002_S_4213: Step 2/10: N4 bias field correction
    002_S_4225: Step 2/10: N4 bias field correction
    002_S_4229: Step 2/10: N4 bias field correction
    002_S_4270: Step 2/10: N4 bias field correction
    002_S_4447: Step 2/10: N4 bias field correction
    002_S_4473: Step 2/10: N4 bias field correction
    002_S_4654: Step 2/10: N4 bias field correction
    002_S_4746: Step 2/10: N4 bias field correction
    002_S_5018: Step 2/10: N4 bias field correction
    003_S_4288: Step 2/10: N4 bias field correction
    003_S_4350: Step 2/10: N4 bias field correction
    003_S_4441: Step 2/10: N4 bias field correction
    003_S_4872: Step 2/10: N4 bias field correction
    003_S_4900: Step 2/10: N4 bias field correction
    005_S_0221: Step 2/10: N4 bias field correction
    005_S_0222: Step 2/10: N4 bias field correction
    005_S_0546: Step 2/10: N4 bias field correction
    005_S_0610: Step 2/10: N4 bias field correction

[Live Progress] Done: 0 | Remaining: 630 | Failed: 0 | ETA: 0.0 min
  Active subjects:
    002_S_4171: Step 2/10: N4 bias field correction
    002_S_4213: Step 2/10: N4 bias field correction
    002_S_4225: Step 2/10: N4 bias field correction
    002_S_4229: Step 2/10: N4 bias field correction
    002_S_4270: Step 2/10: N4 bias field correction
    002_S_4447: Step 2/10: N4 bias field correction
    002_S_4473: Step 2/10: N4 bias field correction
    002_S_4654: Step 2/10: N4 bias field correction
    002_S_4746: Step 2/10: N4 bias field correction
    002_S_5018: Step 2/10: N4 bias field correction
    003_S_4288: Step 2/10: N4 bias field correction
    003_S_4350: Step 2/10: N4 bias field correction
    003_S_4441: Step 2/10: N4 bias field correction
    003_S_4872: Step 2/10: N4 bias field correction
    003_S_4900: Step 2/10: N4 bias field correction
    005_S_0221: Step 2/10: N4 bias field correction
    005_S_0222: Step 2/10: N4 bias field correction
    005_S_0546: Step 2/10: N4 bias field correction
    005_S_0610: Step 2/10: N4 bias field correction

[Live Progress] Done: 0 | Remaining: 630 | Failed: 0 | ETA: 0.0 min
  Active subjects:
    002_S_4171: Step 2/10: N4 bias field correction
    002_S_4213: Step 2/10: N4 bias field correction
    002_S_4225: Step 2/10: N4 bias field correction
    002_S_4229: Step 2/10: N4 bias field correction
    002_S_4270: Step 2/10: N4 bias field correction
    002_S_4447: Step 2/10: N4 bias field correction
    002_S_4473: Step 2/10: N4 bias field correction
    002_S_4654: Step 2/10: N4 bias field correction
    002_S_4746: Step 2/10: N4 bias field correction
    002_S_5018: Step 2/10: N4 bias field correction
    003_S_4288: Step 2/10: N4 bias field correction
    003_S_4350: Step 2/10: N4 bias field correction
    003_S_4441: Step 2/10: N4 bias field correction
    003_S_4872: Step 2/10: N4 bias field correction
    003_S_4900: Step 2/10: N4 bias field correction
    005_S_0221: Step 2/10: N4 bias field correction
    005_S_0222: Step 2/10: N4 bias field correction
    005_S_0546: Step 2/10: N4 bias field correction
    005_S_0610: Step 2/10: N4 bias field correction

[Live Progress] Done: 0 | Remaining: 630 | Failed: 0 | ETA: 0.0 min
  Active subjects:
    002_S_4171: Step 2/10: N4 bias field correction
    002_S_4213: Step 2/10: N4 bias field correction
    002_S_4225: Step 2/10: N4 bias field correction
    002_S_4229: Step 2/10: N4 bias field correction
    002_S_4270: Step 2/10: N4 bias field correction
    002_S_4447: Step 2/10: N4 bias field correction
    002_S_4473: Step 2/10: N4 bias field correction
    002_S_4654: Step 2/10: N4 bias field correction
    002_S_4746: Step 2/10: N4 bias field correction
    002_S_5018: Step 2/10: N4 bias field correction
    003_S_4288: Step 2/10: N4 bias field correction
    003_S_4350: Step 2/10: N4 bias field correction
    003_S_4441: Step 2/10: N4 bias field correction
    003_S_4872: Step 2/10: N4 bias field correction
    003_S_4900: Step 2/10: N4 bias field correction
    005_S_0221: Step 2/10: N4 bias field correction
    005_S_0222: Step 2/10: N4 bias field correction
    005_S_0546: Step 2/10: N4 bias field correction
    005_S_0610: Step 2/10: N4 bias field correction

[Live Progress] Done: 0 | Remaining: 630 | Failed: 0 | ETA: 0.0 min
  Active subjects:
    002_S_4171: Step 2/10: N4 bias field correction
    002_S_4213: Step 2/10: N4 bias field correction
    002_S_4225: Step 2/10: N4 bias field correction
    002_S_4229: Step 2/10: N4 bias field correction
    002_S_4270: Step 2/10: N4 bias field correction
    002_S_4447: Step 2/10: N4 bias field correction
    002_S_4473: Step 2/10: N4 bias field correction
    002_S_4654: Step 2/10: N4 bias field correction
    002_S_4746: Step 2/10: N4 bias field correction
    002_S_5018: Step 2/10: N4 bias field correction
    003_S_4288: Step 2/10: N4 bias field correction
    003_S_4350: Step 2/10: N4 bias field correction
    003_S_4441: Step 2/10: N4 bias field correction
    003_S_4872: Step 2/10: N4 bias field correction
    003_S_4900: Step 2/10: N4 bias field correction
    005_S_0221: Step 2/10: N4 bias field correction
    005_S_0222: Step 2/10: N4 bias field correction
    005_S_0546: Step 2/10: N4 bias field correction
    005_S_0610: Step 2/10: N4 bias field correction

[Live Progress] Done: 0 | Remaining: 630 | Failed: 0 | ETA: 0.0 min
  Active subjects:
    002_S_4171: Step 2/10: N4 bias field correction
    002_S_4213: Step 2/10: N4 bias field correction
    002_S_4225: Step 2/10: N4 bias field correction
    002_S_4229: Step 2/10: N4 bias field correction
    002_S_4270: Step 2/10: N4 bias field correction
    002_S_4447: Step 2/10: N4 bias field correction
    002_S_4473: Step 2/10: N4 bias field correction
    002_S_4654: Step 2/10: N4 bias field correction
    002_S_4746: Step 2/10: N4 bias field correction
    002_S_5018: Step 2/10: N4 bias field correction
    003_S_4288: Step 2/10: N4 bias field correction
    003_S_4350: Step 2/10: N4 bias field correction
    003_S_4441: Step 2/10: N4 bias field correction
    003_S_4872: Step 2/10: N4 bias field correction
    003_S_4900: Step 2/10: N4 bias field correction
    005_S_0221: Step 2/10: N4 bias field correction
    005_S_0222: Step 2/10: N4 bias field correction
    005_S_0546: Step 2/10: N4 bias field correction
    005_S_0610: Step 2/10: N4 bias field correction

[Live Progress] Done: 0 | Remaining: 630 | Failed: 0 | ETA: 0.0 min
  Active subjects:
    002_S_4171: Step 2/10: N4 bias field correction
    002_S_4213: Step 2/10: N4 bias field correction
    002_S_4225: Step 2/10: N4 bias field correction
    002_S_4229: Step 2/10: N4 bias field correction
    002_S_4270: Step 2/10: N4 bias field correction
    002_S_4447: Step 2/10: N4 bias field correction
    002_S_4473: Step 2/10: N4 bias field correction
    002_S_4654: Step 2/10: N4 bias field correction
    002_S_4746: Step 2/10: N4 bias field correction
    002_S_5018: Step 2/10: N4 bias field correction
    003_S_4288: Step 2/10: N4 bias field correction
    003_S_4350: Step 2/10: N4 bias field correction
    003_S_4441: Step 2/10: N4 bias field correction
    003_S_4872: Step 2/10: N4 bias field correction
    003_S_4900: Step 2/10: N4 bias field correction
    005_S_0221: Step 2/10: N4 bias field correction
    005_S_0222: Step 2/10: N4 bias field correction
    005_S_0546: Step 2/10: N4 bias field correction
    005_S_0610: Step 2/10: N4 bias field correction

[Live Progress] Done: 0 | Remaining: 630 | Failed: 0 | ETA: 0.0 min
  Active subjects:
    002_S_4171: Step 2/10: N4 bias field correction
    002_S_4213: Step 2/10: N4 bias field correction
    002_S_4225: Step 2/10: N4 bias field correction
    002_S_4229: Step 2/10: N4 bias field correction
    002_S_4270: Step 2/10: N4 bias field correction
    002_S_4447: Step 2/10: N4 bias field correction
    002_S_4473: Step 2/10: N4 bias field correction
    002_S_4654: Step 2/10: N4 bias field correction
    002_S_4746: Step 2/10: N4 bias field correction
    002_S_5018: Step 2/10: N4 bias field correction
    003_S_4288: Step 2/10: N4 bias field correction
    003_S_4350: Step 2/10: N4 bias field correction
    003_S_4441: Step 2/10: N4 bias field correction
    003_S_4872: Step 2/10: N4 bias field correction
    003_S_4900: Step 2/10: N4 bias field correction
    005_S_0221: Step 2/10: N4 bias field correction
    005_S_0222: Step 2/10: N4 bias field correction
    005_S_0546: Step 2/10: N4 bias field correction
    005_S_0610: Step 2/10: N4 bias field correction

[Live Progress] Done: 0 | Remaining: 630 | Failed: 0 | ETA: 0.0 min
  Active subjects:
    002_S_4171: Step 2/10: N4 bias field correction
    002_S_4213: Step 2/10: N4 bias field correction
    002_S_4225: Step 2/10: N4 bias field correction
    002_S_4229: Step 2/10: N4 bias field correction
    002_S_4270: Step 2/10: N4 bias field correction
    002_S_4447: Step 2/10: N4 bias field correction
    002_S_4473: Step 2/10: N4 bias field correction
    002_S_4654: Step 2/10: N4 bias field correction
    002_S_4746: Step 2/10: N4 bias field correction
    002_S_5018: Step 2/10: N4 bias field correction
    003_S_4288: Step 2/10: N4 bias field correction
    003_S_4350: Step 2/10: N4 bias field correction
    003_S_4441: Step 2/10: N4 bias field correction
    003_S_4872: Step 2/10: N4 bias field correction
    003_S_4900: Step 2/10: N4 bias field correction
    005_S_0221: Step 2/10: N4 bias field correction
    005_S_0222: Step 2/10: N4 bias field correction
    005_S_0546: Step 2/10: N4 bias field correction
    005_S_0610: Step 2/10: N4 bias field correction

[Live Progress] Done: 0 | Remaining: 630 | Failed: 0 | ETA: 0.0 min
  Active subjects:
    002_S_4171: Step 2/10: N4 bias field correction
    002_S_4213: Step 2/10: N4 bias field correction
    002_S_4225: Step 2/10: N4 bias field correction
    002_S_4229: Step 2/10: N4 bias field correction
    002_S_4270: Step 2/10: N4 bias field correction
    002_S_4447: Step 2/10: N4 bias field correction
    002_S_4473: Step 2/10: N4 bias field correction
    002_S_4654: Step 2/10: N4 bias field correction
    002_S_4746: Step 2/10: N4 bias field correction
    002_S_5018: Step 2/10: N4 bias field correction
    003_S_4288: Step 2/10: N4 bias field correction
    003_S_4350: Step 2/10: N4 bias field correction
    003_S_4441: Step 2/10: N4 bias field correction
    003_S_4872: Step 2/10: N4 bias field correction
    003_S_4900: Step 2/10: N4 bias field correction
    005_S_0221: Step 2/10: N4 bias field correction
    005_S_0222: Step 2/10: N4 bias field correction
    005_S_0546: Step 2/10: N4 bias field correction
    005_S_0610: Step 2/10: N4 bias field correction

[Live Progress] Done: 0 | Remaining: 630 | Failed: 0 | ETA: 0.0 min
  Active subjects:
    002_S_4171: Step 2/10: N4 bias field correction
    002_S_4213: Step 2/10: N4 bias field correction
    002_S_4225: Step 2/10: N4 bias field correction
    002_S_4229: Step 2/10: N4 bias field correction
    002_S_4270: Step 2/10: N4 bias field correction
    002_S_4447: Step 2/10: N4 bias field correction
    002_S_4473: Step 2/10: N4 bias field correction
    002_S_4654: Step 2/10: N4 bias field correction
    002_S_4746: Step 2/10: N4 bias field correction
    002_S_5018: Step 2/10: N4 bias field correction
    003_S_4288: Step 2/10: N4 bias field correction
    003_S_4350: Step 2/10: N4 bias field correction
    003_S_4441: Step 2/10: N4 bias field correction
    003_S_4872: Step 2/10: N4 bias field correction
    003_S_4900: Step 2/10: N4 bias field correction
    005_S_0221: Step 2/10: N4 bias field correction
    005_S_0222: Step 2/10: N4 bias field correction
    005_S_0546: Step 2/10: N4 bias field correction
    005_S_0610: Step 2/10: N4 bias field correction

[Live Progress] Done: 0 | Remaining: 630 | Failed: 0 | ETA: 0.0 min
  Active subjects:
    002_S_4171: Step 2/10: N4 bias field correction
    002_S_4213: Step 2/10: N4 bias field correction
    002_S_4225: Step 2/10: N4 bias field correction
    002_S_4229: Step 2/10: N4 bias field correction
    002_S_4270: Step 2/10: N4 bias field correction
    002_S_4447: Step 2/10: N4 bias field correction
    002_S_4473: Step 2/10: N4 bias field correction
    002_S_4654: Step 2/10: N4 bias field correction
    002_S_4746: Step 2/10: N4 bias field correction
    002_S_5018: Step 2/10: N4 bias field correction
    003_S_4288: Step 2/10: N4 bias field correction
    003_S_4350: Step 2/10: N4 bias field correction
    003_S_4441: Step 2/10: N4 bias field correction
    003_S_4872: Step 2/10: N4 bias field correction
    003_S_4900: Step 2/10: N4 bias field correction
    005_S_0221: Step 2/10: N4 bias field correction
    005_S_0222: Step 2/10: N4 bias field correction
    005_S_0546: Step 2/10: N4 bias field correction
    005_S_0610: Step 2/10: N4 bias field correction

[Live Progress] Done: 0 | Remaining: 630 | Failed: 0 | ETA: 0.0 min
  Active subjects:
    002_S_4171: Step 2/10: N4 bias field correction
    002_S_4213: Step 2/10: N4 bias field correction
    002_S_4225: Step 2/10: N4 bias field correction
    002_S_4229: Step 2/10: N4 bias field correction
    002_S_4270: Step 2/10: N4 bias field correction
    002_S_4447: Step 2/10: N4 bias field correction
    002_S_4473: Step 2/10: N4 bias field correction
    002_S_4654: Step 2/10: N4 bias field correction
    002_S_4746: Step 2/10: N4 bias field correction
    002_S_5018: Step 2/10: N4 bias field correction
    003_S_4288: Step 2/10: N4 bias field correction
    003_S_4350: Step 2/10: N4 bias field correction
    003_S_4441: Step 2/10: N4 bias field correction
    003_S_4872: Step 2/10: N4 bias field correction
    003_S_4900: Step 2/10: N4 bias field correction
    005_S_0221: Step 2/10: N4 bias field correction
    005_S_0222: Step 2/10: N4 bias field correction
    005_S_0546: Step 2/10: N4 bias field correction
    005_S_0610: Step 2/10: N4 bias field correction

[Live Progress] Done: 0 | Remaining: 630 | Failed: 0 | ETA: 0.0 min
  Active subjects:
    002_S_4171: Step 2/10: N4 bias field correction
    002_S_4213: Step 2/10: N4 bias field correction
    002_S_4225: Step 2/10: N4 bias field correction
    002_S_4229: Step 2/10: N4 bias field correction
    002_S_4270: Step 2/10: N4 bias field correction
    002_S_4447: Step 2/10: N4 bias field correction
    002_S_4473: Step 2/10: N4 bias field correction
    002_S_4654: Step 2/10: N4 bias field correction
    002_S_4746: Step 2/10: N4 bias field correction
    002_S_5018: Step 2/10: N4 bias field correction
    003_S_4288: Step 2/10: N4 bias field correction
    003_S_4350: Step 2/10: N4 bias field correction
    003_S_4441: Step 2/10: N4 bias field correction
    003_S_4872: Step 2/10: N4 bias field correction
    003_S_4900: Step 2/10: N4 bias field correction
    005_S_0221: Step 2/10: N4 bias field correction
    005_S_0222: Step 2/10: N4 bias field correction
    005_S_0546: Step 2/10: N4 bias field correction
    005_S_0610: Step 2/10: N4 bias field correction

[Live Progress] Done: 0 | Remaining: 630 | Failed: 0 | ETA: 0.0 min
  Active subjects:
    002_S_4171: Step 2/10: N4 bias field correction
    002_S_4213: Step 2/10: N4 bias field correction
    002_S_4225: Step 2/10: N4 bias field correction
    002_S_4229: Step 2/10: N4 bias field correction
    002_S_4270: Step 2/10: N4 bias field correction
    002_S_4447: Step 2/10: N4 bias field correction
    002_S_4473: Step 2/10: N4 bias field correction
    002_S_4654: Step 2/10: N4 bias field correction
    002_S_4746: Step 2/10: N4 bias field correction
    002_S_5018: Step 2/10: N4 bias field correction
    003_S_4288: Step 2/10: N4 bias field correction
    003_S_4350: Step 2/10: N4 bias field correction
    003_S_4441: Step 2/10: N4 bias field correction
    003_S_4872: Step 2/10: N4 bias field correction
    003_S_4900: Step 2/10: N4 bias field correction
    005_S_0221: Step 2/10: N4 bias field correction
    005_S_0222: Step 2/10: N4 bias field correction
    005_S_0546: Step 2/10: N4 bias field correction
    005_S_0610: Step 2/10: N4 bias field correction

[Live Progress] Done: 0 | Remaining: 630 | Failed: 0 | ETA: 0.0 min
  Active subjects:
    002_S_4171: Step 2/10: N4 bias field correction
    002_S_4213: Step 2/10: N4 bias field correction
    002_S_4225: Step 2/10: N4 bias field correction
    002_S_4229: Step 2/10: N4 bias field correction
    002_S_4270: Step 2/10: N4 bias field correction
    002_S_4447: Step 2/10: N4 bias field correction
    002_S_4473: Step 2/10: N4 bias field correction
    002_S_4654: Step 2/10: N4 bias field correction
    002_S_4746: Step 2/10: N4 bias field correction
    002_S_5018: Step 2/10: N4 bias field correction
    003_S_4288: Step 2/10: N4 bias field correction
    003_S_4350: Step 2/10: N4 bias field correction
    003_S_4441: Step 2/10: N4 bias field correction
    003_S_4872: Step 2/10: N4 bias field correction
    003_S_4900: Step 2/10: N4 bias field correction
    005_S_0221: Step 2/10: N4 bias field correction
    005_S_0222: Step 2/10: N4 bias field correction
    005_S_0546: Step 2/10: N4 bias field correction
    005_S_0610: Step 2/10: N4 bias field correction

[Live Progress] Done: 0 | Remaining: 630 | Failed: 0 | ETA: 0.0 min
  Active subjects:
    002_S_4171: Step 2/10: N4 bias field correction
    002_S_4213: Step 2/10: N4 bias field correction
    002_S_4225: Step 2/10: N4 bias field correction
    002_S_4229: Step 2/10: N4 bias field correction
    002_S_4270: Step 2/10: N4 bias field correction
    002_S_4447: Step 2/10: N4 bias field correction
    002_S_4473: Step 2/10: N4 bias field correction
    002_S_4654: Step 2/10: N4 bias field correction
    002_S_4746: Step 2/10: N4 bias field correction
    002_S_5018: Step 2/10: N4 bias field correction
    003_S_4288: Step 2/10: N4 bias field correction
    003_S_4350: Step 2/10: N4 bias field correction
    003_S_4441: Step 2/10: N4 bias field correction
    003_S_4872: Step 2/10: N4 bias field correction
    003_S_4900: Step 2/10: N4 bias field correction
    005_S_0221: Step 2/10: N4 bias field correction
    005_S_0222: Step 2/10: N4 bias field correction
    005_S_0546: Step 2/10: N4 bias field correction
    005_S_0610: Step 2/10: N4 bias field correction

[Live Progress] Done: 0 | Remaining: 630 | Failed: 0 | ETA: 0.0 min
  Active subjects:
    002_S_4171: Step 2/10: N4 bias field correction
    002_S_4213: Step 2/10: N4 bias field correction
    002_S_4225: Step 2/10: N4 bias field correction
    002_S_4229: Step 2/10: N4 bias field correction
    002_S_4270: Step 2/10: N4 bias field correction
    002_S_4447: Step 2/10: N4 bias field correction
    002_S_4473: Step 2/10: N4 bias field correction
    002_S_4654: Step 2/10: N4 bias field correction
    002_S_4746: Step 2/10: N4 bias field correction
    002_S_5018: Step 2/10: N4 bias field correction
    003_S_4288: Step 2/10: N4 bias field correction
    003_S_4350: Step 2/10: N4 bias field correction
    003_S_4441: Step 2/10: N4 bias field correction
    003_S_4872: Step 2/10: N4 bias field correction
    003_S_4900: Step 2/10: N4 bias field correction
    005_S_0221: Step 2/10: N4 bias field correction
    005_S_0222: Step 2/10: N4 bias field correction
    005_S_0546: Step 2/10: N4 bias field correction
    005_S_0610: Step 2/10: N4 bias field correction

[Live Progress] Done: 0 | Remaining: 630 | Failed: 0 | ETA: 0.0 min
  Active subjects:
    002_S_4171: Step 2/10: N4 bias field correction
    002_S_4213: Step 2/10: N4 bias field correction
    002_S_4225: Step 2/10: N4 bias field correction
    002_S_4229: Step 2/10: N4 bias field correction
    002_S_4270: Step 2/10: N4 bias field correction
    002_S_4447: Step 2/10: N4 bias field correction
    002_S_4473: Step 2/10: N4 bias field correction
    002_S_4654: Step 2/10: N4 bias field correction
    002_S_4746: Step 2/10: N4 bias field correction
    002_S_5018: Step 2/10: N4 bias field correction
    003_S_4288: Step 2/10: N4 bias field correction
    003_S_4350: Step 2/10: N4 bias field correction
    003_S_4441: Step 2/10: N4 bias field correction
    003_S_4872: Step 2/10: N4 bias field correction
    003_S_4900: Step 2/10: N4 bias field correction
    005_S_0221: Step 2/10: N4 bias field correction
    005_S_0222: Step 2/10: N4 bias field correction
    005_S_0546: Step 2/10: N4 bias field correction
    005_S_0610: Step 2/10: N4 bias field correction

[Live Progress] Done: 0 | Remaining: 630 | Failed: 0 | ETA: 0.0 min
  Active subjects:
    002_S_4171: Step 2/10: N4 bias field correction
    002_S_4213: Step 2/10: N4 bias field correction
    002_S_4225: Step 2/10: N4 bias field correction
    002_S_4229: Step 2/10: N4 bias field correction
    002_S_4270: Step 2/10: N4 bias field correction
    002_S_4447: Step 2/10: N4 bias field correction
    002_S_4473: Step 2/10: N4 bias field correction
    002_S_4654: Step 2/10: N4 bias field correction
    002_S_4746: Step 2/10: N4 bias field correction
    002_S_5018: Step 2/10: N4 bias field correction
    003_S_4288: Step 2/10: N4 bias field correction
    003_S_4350: Step 2/10: N4 bias field correction
    003_S_4441: Step 2/10: N4 bias field correction
    003_S_4872: Step 2/10: N4 bias field correction
    003_S_4900: Step 2/10: N4 bias field correction
    005_S_0221: Step 2/10: N4 bias field correction
    005_S_0222: Step 2/10: N4 bias field correction
    005_S_0546: Step 2/10: N4 bias field correction
    005_S_0610: Step 2/10: N4 bias field correction

[Live Progress] Done: 0 | Remaining: 630 | Failed: 0 | ETA: 0.0 min
  Active subjects:
    002_S_4171: Step 2/10: N4 bias field correction
    002_S_4213: Step 2/10: N4 bias field correction
    002_S_4225: Step 2/10: N4 bias field correction
    002_S_4229: Step 2/10: N4 bias field correction
    002_S_4270: Step 2/10: N4 bias field correction
    002_S_4447: Step 2/10: N4 bias field correction
    002_S_4473: Step 2/10: N4 bias field correction
    002_S_4654: Step 2/10: N4 bias field correction
    002_S_4746: Step 2/10: N4 bias field correction
    002_S_5018: Step 2/10: N4 bias field correction
    003_S_4288: Step 2/10: N4 bias field correction
    003_S_4350: Step 2/10: N4 bias field correction
    003_S_4441: Step 2/10: N4 bias field correction
    003_S_4872: Step 2/10: N4 bias field correction
    003_S_4900: Step 2/10: N4 bias field correction
    005_S_0221: Step 2/10: N4 bias field correction
    005_S_0222: Step 2/10: N4 bias field correction
    005_S_0546: Step 2/10: N4 bias field correction
    005_S_0610: Step 2/10: N4 bias field correction

[Live Progress] Done: 0 | Remaining: 630 | Failed: 0 | ETA: 0.0 min
  Active subjects:
    002_S_4171: Step 2/10: N4 bias field correction
    002_S_4213: Step 2/10: N4 bias field correction
    002_S_4225: Step 2/10: N4 bias field correction
    002_S_4229: Step 2/10: N4 bias field correction
    002_S_4270: Step 2/10: N4 bias field correction
    002_S_4447: Step 2/10: N4 bias field correction
    002_S_4473: Step 2/10: N4 bias field correction
    002_S_4654: Step 2/10: N4 bias field correction
    002_S_4746: Step 2/10: N4 bias field correction
    002_S_5018: Step 2/10: N4 bias field correction
    003_S_4288: Step 2/10: N4 bias field correction
    003_S_4350: Step 2/10: N4 bias field correction
    003_S_4441: Step 2/10: N4 bias field correction
    003_S_4872: Step 2/10: N4 bias field correction
    003_S_4900: Step 2/10: N4 bias field correction
    005_S_0221: Step 2/10: N4 bias field correction
    005_S_0222: Step 2/10: N4 bias field correction
    005_S_0546: Step 2/10: N4 bias field correction
    005_S_0610: Step 2/10: N4 bias field correction

[Live Progress] Done: 0 | Remaining: 630 | Failed: 0 | ETA: 0.0 min
  Active subjects:
    002_S_4171: Step 2/10: N4 bias field correction
    002_S_4213: Step 2/10: N4 bias field correction
    002_S_4225: Step 2/10: N4 bias field correction
    002_S_4229: Step 2/10: N4 bias field correction
    002_S_4270: Step 2/10: N4 bias field correction
    002_S_4447: Step 2/10: N4 bias field correction
    002_S_4473: Step 2/10: N4 bias field correction
    002_S_4654: Step 2/10: N4 bias field correction
    002_S_4746: Step 2/10: N4 bias field correction
    002_S_5018: Step 2/10: N4 bias field correction
    003_S_4288: Step 2/10: N4 bias field correction
    003_S_4350: Step 2/10: N4 bias field correction
    003_S_4441: Step 2/10: N4 bias field correction
    003_S_4872: Step 2/10: N4 bias field correction
    003_S_4900: Step 2/10: N4 bias field correction
    005_S_0221: Step 2/10: N4 bias field correction
    005_S_0222: Step 2/10: N4 bias field correction
    005_S_0546: Step 2/10: N4 bias field correction
    005_S_0610: Step 2/10: N4 bias field correction

[Live Progress] Done: 0 | Remaining: 630 | Failed: 0 | ETA: 0.0 min
  Active subjects:
    002_S_4171: Step 2/10: N4 bias field correction
    002_S_4213: Step 2/10: N4 bias field correction
    002_S_4225: Step 2/10: N4 bias field correction
    002_S_4229: Step 2/10: N4 bias field correction
    002_S_4270: Step 2/10: N4 bias field correction
    002_S_4447: Step 2/10: N4 bias field correction
    002_S_4473: Step 2/10: N4 bias field correction
    002_S_4654: Step 2/10: N4 bias field correction
    002_S_4746: Step 2/10: N4 bias field correction
    002_S_5018: Step 2/10: N4 bias field correction
    003_S_4288: Step 2/10: N4 bias field correction
    003_S_4350: Step 2/10: N4 bias field correction
    003_S_4441: Step 2/10: N4 bias field correction
    003_S_4872: Step 2/10: N4 bias field correction
    003_S_4900: Step 2/10: N4 bias field correction
    005_S_0221: Step 2/10: N4 bias field correction
    005_S_0222: Step 2/10: N4 bias field correction
    005_S_0546: Step 2/10: N4 bias field correction
    005_S_0610: Step 2/10: N4 bias field correction

[Live Progress] Done: 0 | Remaining: 630 | Failed: 0 | ETA: 0.0 min
  Active subjects:
    002_S_4171: Step 2/10: N4 bias field correction
    002_S_4213: Step 2/10: N4 bias field correction
    002_S_4225: Step 2/10: N4 bias field correction
    002_S_4229: Step 2/10: N4 bias field correction
    002_S_4270: Step 2/10: N4 bias field correction
    002_S_4447: Step 2/10: N4 bias field correction
    002_S_4473: Step 2/10: N4 bias field correction
    002_S_4654: Step 2/10: N4 bias field correction
    002_S_4746: Step 2/10: N4 bias field correction
    002_S_5018: Step 2/10: N4 bias field correction
    003_S_4288: Step 2/10: N4 bias field correction
    003_S_4350: Step 2/10: N4 bias field correction
    003_S_4441: Step 2/10: N4 bias field correction
    003_S_4872: Step 2/10: N4 bias field correction
    003_S_4900: Step 2/10: N4 bias field correction
    005_S_0221: Step 2/10: N4 bias field correction
    005_S_0222: Step 2/10: N4 bias field correction
    005_S_0546: Step 2/10: N4 bias field correction
    005_S_0610: Step 2/10: N4 bias field correction

[Live Progress] Done: 0 | Remaining: 630 | Failed: 0 | ETA: 0.0 min
  Active subjects:
    002_S_4171: Step 2/10: N4 bias field correction
    002_S_4213: Step 2/10: N4 bias field correction
    002_S_4225: Step 2/10: N4 bias field correction
    002_S_4229: Step 2/10: N4 bias field correction
    002_S_4270: Step 2/10: N4 bias field correction
    002_S_4447: Step 2/10: N4 bias field correction
    002_S_4473: Step 2/10: N4 bias field correction
    002_S_4654: Step 2/10: N4 bias field correction
    002_S_4746: Step 2/10: N4 bias field correction
    002_S_5018: Step 2/10: N4 bias field correction
    003_S_4288: Step 2/10: N4 bias field correction
    003_S_4350: Step 2/10: N4 bias field correction
    003_S_4441: Step 2/10: N4 bias field correction
    003_S_4872: Step 2/10: N4 bias field correction
    003_S_4900: Step 2/10: N4 bias field correction
    005_S_0221: Step 2/10: N4 bias field correction
    005_S_0222: Step 2/10: N4 bias field correction
    005_S_0546: Step 2/10: N4 bias field correction
    005_S_0610: Step 2/10: N4 bias field correction

[Live Progress] Done: 0 | Remaining: 630 | Failed: 0 | ETA: 0.0 min
  Active subjects:
    002_S_4171: Step 2/10: N4 bias field correction
    002_S_4213: Step 2/10: N4 bias field correction
    002_S_4225: Step 2/10: N4 bias field correction
    002_S_4229: Step 2/10: N4 bias field correction
    002_S_4270: Step 2/10: N4 bias field correction
    002_S_4447: Step 2/10: N4 bias field correction
    002_S_4473: Step 2/10: N4 bias field correction
    002_S_4654: Step 2/10: N4 bias field correction
    002_S_4746: Step 2/10: N4 bias field correction
    002_S_5018: Step 2/10: N4 bias field correction
    003_S_4288: Step 2/10: N4 bias field correction
    003_S_4350: Step 2/10: N4 bias field correction
    003_S_4441: Step 2/10: N4 bias field correction
    003_S_4872: Step 2/10: N4 bias field correction
    003_S_4900: Step 2/10: N4 bias field correction
    005_S_0221: Step 2/10: N4 bias field correction
    005_S_0222: Step 2/10: N4 bias field correction
    005_S_0546: Step 2/10: N4 bias field correction
    005_S_0610: Step 2/10: N4 bias field correction

[Live Progress] Done: 0 | Remaining: 630 | Failed: 0 | ETA: 0.0 min
  Active subjects:
    002_S_4171: Step 2/10: N4 bias field correction
    002_S_4213: Step 2/10: N4 bias field correction
    002_S_4225: Step 2/10: N4 bias field correction
    002_S_4229: Step 2/10: N4 bias field correction
    002_S_4270: Step 2/10: N4 bias field correction
    002_S_4447: Step 2/10: N4 bias field correction
    002_S_4473: Step 2/10: N4 bias field correction
    002_S_4654: Step 2/10: N4 bias field correction
    002_S_4746: Step 2/10: N4 bias field correction
    002_S_5018: Step 2/10: N4 bias field correction
    003_S_4288: Step 2/10: N4 bias field correction
    003_S_4350: Step 2/10: N4 bias field correction
    003_S_4441: Step 2/10: N4 bias field correction
    003_S_4872: Step 2/10: N4 bias field correction
    003_S_4900: Step 2/10: N4 bias field correction
    005_S_0221: Step 2/10: N4 bias field correction
    005_S_0222: Step 2/10: N4 bias field correction
    005_S_0546: Step 2/10: N4 bias field correction
    005_S_0610: Step 2/10: N4 bias field correction

[Live Progress] Done: 0 | Remaining: 630 | Failed: 0 | ETA: 0.0 min
  Active subjects:
    002_S_4171: Step 2/10: N4 bias field correction
    002_S_4213: Step 2/10: N4 bias field correction
    002_S_4225: Step 2/10: N4 bias field correction
    002_S_4229: Step 2/10: N4 bias field correction
    002_S_4270: Step 2/10: N4 bias field correction
    002_S_4447: Step 2/10: N4 bias field correction
    002_S_4473: Step 2/10: N4 bias field correction
    002_S_4654: Step 2/10: N4 bias field correction
    002_S_4746: Step 2/10: N4 bias field correction
    002_S_5018: Step 2/10: N4 bias field correction
    003_S_4288: Step 2/10: N4 bias field correction
    003_S_4350: Step 2/10: N4 bias field correction
    003_S_4441: Step 2/10: N4 bias field correction
    003_S_4872: Step 2/10: N4 bias field correction
    003_S_4900: Step 2/10: N4 bias field correction
    005_S_0221: Step 2/10: N4 bias field correction
    005_S_0222: Step 2/10: N4 bias field correction
    005_S_0546: Step 2/10: N4 bias field correction
    005_S_0610: Step 2/10: N4 bias field correction

[Live Progress] Done: 0 | Remaining: 630 | Failed: 0 | ETA: 0.0 min
  Active subjects:
    002_S_4171: Step 2/10: N4 bias field correction
    002_S_4213: Step 2/10: N4 bias field correction
    002_S_4225: Step 2/10: N4 bias field correction
    002_S_4229: Step 2/10: N4 bias field correction
    002_S_4270: Step 2/10: N4 bias field correction
    002_S_4447: Step 2/10: N4 bias field correction
    002_S_4473: Step 2/10: N4 bias field correction
    002_S_4654: Step 2/10: N4 bias field correction
    002_S_4746: Step 2/10: N4 bias field correction
    002_S_5018: Step 2/10: N4 bias field correction
    003_S_4288: Step 2/10: N4 bias field correction
    003_S_4350: Step 2/10: N4 bias field correction
    003_S_4441: Step 2/10: N4 bias field correction
    003_S_4872: Step 2/10: N4 bias field correction
    003_S_4900: Step 2/10: N4 bias field correction
    005_S_0221: Step 2/10: N4 bias field correction
    005_S_0222: Step 2/10: N4 bias field correction
    005_S_0546: Step 2/10: N4 bias field correction
    005_S_0610: Step 2/10: N4 bias field correction

[Live Progress] Done: 0 | Remaining: 630 | Failed: 0 | ETA: 0.0 min
  Active subjects:
    002_S_4171: Step 2/10: N4 bias field correction
    002_S_4213: Step 2/10: N4 bias field correction
    002_S_4225: Step 2/10: N4 bias field correction
    002_S_4229: Step 2/10: N4 bias field correction
    002_S_4270: Step 2/10: N4 bias field correction
    002_S_4447: Step 2/10: N4 bias field correction
    002_S_4473: Step 2/10: N4 bias field correction
    002_S_4654: Step 2/10: N4 bias field correction
    002_S_4746: Step 2/10: N4 bias field correction
    002_S_5018: Step 2/10: N4 bias field correction
    003_S_4288: Step 2/10: N4 bias field correction
    003_S_4350: Step 2/10: N4 bias field correction
    003_S_4441: Step 2/10: N4 bias field correction
    003_S_4872: Step 2/10: N4 bias field correction
    003_S_4900: Step 2/10: N4 bias field correction
    005_S_0221: Step 2/10: N4 bias field correction
    005_S_0222: Step 2/10: N4 bias field correction
    005_S_0546: Step 2/10: N4 bias field correction
    005_S_0610: Step 2/10: N4 bias field correction

[Live Progress] Done: 0 | Remaining: 630 | Failed: 0 | ETA: 0.0 min
  Active subjects:
    002_S_4171: Step 2/10: N4 bias field correction
    002_S_4213: Step 2/10: N4 bias field correction
    002_S_4225: Step 2/10: N4 bias field correction
    002_S_4229: Step 2/10: N4 bias field correction
    002_S_4270: Step 2/10: N4 bias field correction
    002_S_4447: Step 2/10: N4 bias field correction
    002_S_4473: Step 2/10: N4 bias field correction
    002_S_4654: Step 2/10: N4 bias field correction
    002_S_4746: Step 2/10: N4 bias field correction
    002_S_5018: Step 2/10: N4 bias field correction
    003_S_4288: Step 2/10: N4 bias field correction
    003_S_4350: Step 2/10: N4 bias field correction
    003_S_4441: Step 2/10: N4 bias field correction
    003_S_4872: Step 2/10: N4 bias field correction
    003_S_4900: Step 2/10: N4 bias field correction
    005_S_0221: Step 2/10: N4 bias field correction
    005_S_0222: Step 2/10: N4 bias field correction
    005_S_0546: Step 2/10: N4 bias field correction
    005_S_0610: Step 2/10: N4 bias field correction

[Live Progress] Done: 0 | Remaining: 630 | Failed: 0 | ETA: 0.0 min
  Active subjects:
    002_S_4171: Step 2/10: N4 bias field correction
    002_S_4213: Step 2/10: N4 bias field correction
    002_S_4225: Step 2/10: N4 bias field correction
    002_S_4229: Step 2/10: N4 bias field correction
    002_S_4270: Step 2/10: N4 bias field correction
    002_S_4447: Step 2/10: N4 bias field correction
    002_S_4473: Step 2/10: N4 bias field correction
    002_S_4654: Step 2/10: N4 bias field correction
    002_S_4746: Step 2/10: N4 bias field correction
    002_S_5018: Step 2/10: N4 bias field correction
    003_S_4288: Step 2/10: N4 bias field correction
    003_S_4350: Step 2/10: N4 bias field correction
    003_S_4441: Step 2/10: N4 bias field correction
    003_S_4872: Step 2/10: N4 bias field correction
    003_S_4900: Step 2/10: N4 bias field correction
    005_S_0221: Step 2/10: N4 bias field correction
    005_S_0222: Step 2/10: N4 bias field correction
    005_S_0546: Step 2/10: N4 bias field correction
    005_S_0610: Step 2/10: N4 bias field correction

[Live Progress] Done: 0 | Remaining: 630 | Failed: 0 | ETA: 0.0 min
  Active subjects:
    002_S_4171: Step 2/10: N4 bias field correction
    002_S_4213: Step 2/10: N4 bias field correction
    002_S_4225: Step 2/10: N4 bias field correction
    002_S_4229: Step 2/10: N4 bias field correction
    002_S_4270: Step 2/10: N4 bias field correction
    002_S_4447: Step 2/10: N4 bias field correction
    002_S_4473: Step 2/10: N4 bias field correction
    002_S_4654: Step 2/10: N4 bias field correction
    002_S_4746: Step 2/10: N4 bias field correction
    002_S_5018: Step 2/10: N4 bias field correction
    003_S_4288: Step 2/10: N4 bias field correction
    003_S_4350: Step 2/10: N4 bias field correction
    003_S_4441: Step 2/10: N4 bias field correction
    003_S_4872: Step 2/10: N4 bias field correction
    003_S_4900: Step 2/10: N4 bias field correction
    005_S_0221: Step 2/10: N4 bias field correction
    005_S_0222: Step 2/10: N4 bias field correction
    005_S_0546: Step 2/10: N4 bias field correction
    005_S_0610: Step 2/10: N4 bias field correction

[Live Progress] Done: 0 | Remaining: 630 | Failed: 0 | ETA: 0.0 min
  Active subjects:
    002_S_4171: Step 2/10: N4 bias field correction
    002_S_4213: Step 2/10: N4 bias field correction
    002_S_4225: Step 2/10: N4 bias field correction
    002_S_4229: Step 2/10: N4 bias field correction
    002_S_4270: Step 2/10: N4 bias field correction
    002_S_4447: Step 2/10: N4 bias field correction
    002_S_4473: Step 2/10: N4 bias field correction
    002_S_4654: Step 2/10: N4 bias field correction
    002_S_4746: Step 2/10: N4 bias field correction
    002_S_5018: Step 2/10: N4 bias field correction
    003_S_4288: Step 2/10: N4 bias field correction
    003_S_4350: Step 2/10: N4 bias field correction
    003_S_4441: Step 2/10: N4 bias field correction
    003_S_4872: Step 2/10: N4 bias field correction
    003_S_4900: Step 2/10: N4 bias field correction
    005_S_0221: Step 2/10: N4 bias field correction
    005_S_0222: Step 2/10: N4 bias field correction
    005_S_0546: Step 2/10: N4 bias field correction
    005_S_0610: Step 2/10: N4 bias field correction

[Live Progress] Done: 0 | Remaining: 630 | Failed: 0 | ETA: 0.0 min
  Active subjects:
    002_S_4171: Step 2/10: N4 bias field correction
    002_S_4213: Step 2/10: N4 bias field correction
    002_S_4225: Step 2/10: N4 bias field correction
    002_S_4229: Step 2/10: N4 bias field correction
    002_S_4270: Step 2/10: N4 bias field correction
    002_S_4447: Step 2/10: N4 bias field correction
    002_S_4473: Step 2/10: N4 bias field correction
    002_S_4654: Step 2/10: N4 bias field correction
    002_S_4746: Step 2/10: N4 bias field correction
    002_S_5018: Step 2/10: N4 bias field correction
    003_S_4288: Step 2/10: N4 bias field correction
    003_S_4350: Step 2/10: N4 bias field correction
    003_S_4441: Step 2/10: N4 bias field correction
    003_S_4872: Step 2/10: N4 bias field correction
    003_S_4900: Step 2/10: N4 bias field correction
    005_S_0221: Step 2/10: N4 bias field correction
    005_S_0222: Step 2/10: N4 bias field correction
    005_S_0546: Step 2/10: N4 bias field correction
    005_S_0610: Step 2/10: N4 bias field correction

[Live Progress] Done: 0 | Remaining: 630 | Failed: 0 | ETA: 0.0 min
  Active subjects:
    002_S_4171: Step 2/10: N4 bias field correction
    002_S_4213: Step 2/10: N4 bias field correction
    002_S_4225: Step 2/10: N4 bias field correction
    002_S_4229: Step 2/10: N4 bias field correction
    002_S_4270: Step 2/10: N4 bias field correction
    002_S_4447: Step 2/10: N4 bias field correction
    002_S_4473: Step 2/10: N4 bias field correction
    002_S_4654: Step 2/10: N4 bias field correction
    002_S_4746: Step 2/10: N4 bias field correction
    002_S_5018: Step 2/10: N4 bias field correction
    003_S_4288: Step 2/10: N4 bias field correction
    003_S_4350: Step 2/10: N4 bias field correction
    003_S_4441: Step 2/10: N4 bias field correction
    003_S_4872: Step 2/10: N4 bias field correction
    003_S_4900: Step 2/10: N4 bias field correction
    005_S_0221: Step 2/10: N4 bias field correction
    005_S_0222: Step 2/10: N4 bias field correction
    005_S_0546: Step 2/10: N4 bias field correction
    005_S_0610: Step 2/10: N4 bias field correction

[Live Progress] Done: 0 | Remaining: 630 | Failed: 0 | ETA: 0.0 min
  Active subjects:
    002_S_4171: Step 2/10: N4 bias field correction
    002_S_4213: Step 2/10: N4 bias field correction
    002_S_4225: Step 2/10: N4 bias field correction
    002_S_4229: Step 2/10: N4 bias field correction
    002_S_4270: Step 2/10: N4 bias field correction
    002_S_4447: Step 2/10: N4 bias field correction
    002_S_4473: Step 2/10: N4 bias field correction
    002_S_4654: Step 2/10: N4 bias field correction
    002_S_4746: Step 2/10: N4 bias field correction
    002_S_5018: Step 2/10: N4 bias field correction
    003_S_4288: Step 2/10: N4 bias field correction
    003_S_4350: Step 2/10: N4 bias field correction
    003_S_4441: Step 2/10: N4 bias field correction
    003_S_4872: Step 2/10: N4 bias field correction
    003_S_4900: Step 2/10: N4 bias field correction
    005_S_0221: Step 2/10: N4 bias field correction
    005_S_0222: Step 2/10: N4 bias field correction
    005_S_0546: Step 2/10: N4 bias field correction
    005_S_0610: Step 2/10: N4 bias field correction

[Live Progress] Done: 0 | Remaining: 630 | Failed: 0 | ETA: 0.0 min
  Active subjects:
    002_S_4171: Step 2/10: N4 bias field correction
    002_S_4213: Step 2/10: N4 bias field correction
    002_S_4225: Step 2/10: N4 bias field correction
    002_S_4229: Step 2/10: N4 bias field correction
    002_S_4270: Step 2/10: N4 bias field correction
    002_S_4447: Step 2/10: N4 bias field correction
    002_S_4473: Step 2/10: N4 bias field correction
    002_S_4654: Step 2/10: N4 bias field correction
    002_S_4746: Step 2/10: N4 bias field correction
    002_S_5018: Step 2/10: N4 bias field correction
    003_S_4288: Step 2/10: N4 bias field correction
    003_S_4350: Step 2/10: N4 bias field correction
    003_S_4441: Step 2/10: N4 bias field correction
    003_S_4872: Step 2/10: N4 bias field correction
    003_S_4900: Step 2/10: N4 bias field correction
    005_S_0221: Step 2/10: N4 bias field correction
    005_S_0222: Step 2/10: N4 bias field correction
    005_S_0546: Step 2/10: N4 bias field correction
    005_S_0610: Step 2/10: N4 bias field correction

[Live Progress] Done: 0 | Remaining: 630 | Failed: 0 | ETA: 0.0 min
  Active subjects:
    002_S_4171: Step 2/10: N4 bias field correction
    002_S_4213: Step 2/10: N4 bias field correction
    002_S_4225: Step 2/10: N4 bias field correction
    002_S_4229: Step 2/10: N4 bias field correction
    002_S_4270: Step 2/10: N4 bias field correction
    002_S_4447: Step 2/10: N4 bias field correction
    002_S_4473: Step 2/10: N4 bias field correction
    002_S_4654: Step 2/10: N4 bias field correction
    002_S_4746: Step 2/10: N4 bias field correction
    002_S_5018: Step 2/10: N4 bias field correction
    003_S_4288: Step 2/10: N4 bias field correction
    003_S_4350: Step 2/10: N4 bias field correction
    003_S_4441: Step 2/10: N4 bias field correction
    003_S_4872: Step 2/10: N4 bias field correction
    003_S_4900: Step 2/10: N4 bias field correction
    005_S_0221: Step 2/10: N4 bias field correction
    005_S_0222: Step 2/10: N4 bias field correction
    005_S_0546: Step 2/10: N4 bias field correction
    005_S_0610: Step 2/10: N4 bias field correction

[Live Progress] Done: 0 | Remaining: 630 | Failed: 0 | ETA: 0.0 min
  Active subjects:
    002_S_4171: Step 2/10: N4 bias field correction
    002_S_4213: Step 2/10: N4 bias field correction
    002_S_4225: Step 2/10: N4 bias field correction
    002_S_4229: Step 2/10: N4 bias field correction
    002_S_4270: Step 2/10: N4 bias field correction
    002_S_4447: Step 2/10: N4 bias field correction
    002_S_4473: Step 2/10: N4 bias field correction
    002_S_4654: Step 2/10: N4 bias field correction
    002_S_4746: Step 2/10: N4 bias field correction
    002_S_5018: Step 2/10: N4 bias field correction
    003_S_4288: Step 2/10: N4 bias field correction
    003_S_4350: Step 2/10: N4 bias field correction
    003_S_4441: Step 2/10: N4 bias field correction
    003_S_4872: Step 2/10: N4 bias field correction
    003_S_4900: Step 2/10: N4 bias field correction
    005_S_0221: Step 2/10: N4 bias field correction
    005_S_0222: Step 2/10: N4 bias field correction
    005_S_0546: Step 2/10: N4 bias field correction
    005_S_0610: Step 2/10: N4 bias field correction

[Live Progress] Done: 0 | Remaining: 630 | Failed: 0 | ETA: 0.0 min
  Active subjects:
    002_S_4171: Step 2/10: N4 bias field correction
    002_S_4213: Step 2/10: N4 bias field correction
    002_S_4225: Step 2/10: N4 bias field correction
    002_S_4229: Step 2/10: N4 bias field correction
    002_S_4270: Step 2/10: N4 bias field correction
    002_S_4447: Step 2/10: N4 bias field correction
    002_S_4473: Step 2/10: N4 bias field correction
    002_S_4654: Step 2/10: N4 bias field correction
    002_S_4746: Step 2/10: N4 bias field correction
    002_S_5018: Step 2/10: N4 bias field correction
    003_S_4288: Step 2/10: N4 bias field correction
    003_S_4350: Step 2/10: N4 bias field correction
    003_S_4441: Step 2/10: N4 bias field correction
    003_S_4872: Step 2/10: N4 bias field correction
    003_S_4900: Step 2/10: N4 bias field correction
    005_S_0221: Step 2/10: N4 bias field correction
    005_S_0222: Step 2/10: N4 bias field correction
    005_S_0546: Step 2/10: N4 bias field correction
    005_S_0610: Step 2/10: N4 bias field correction

[Live Progress] Done: 0 | Remaining: 630 | Failed: 0 | ETA: 0.0 min
  Active subjects:
    002_S_4171: Step 2/10: N4 bias field correction
    002_S_4213: Step 2/10: N4 bias field correction
    002_S_4225: Step 2/10: N4 bias field correction
    002_S_4229: Step 2/10: N4 bias field correction
    002_S_4270: Step 2/10: N4 bias field correction
    002_S_4447: Step 2/10: N4 bias field correction
    002_S_4473: Step 2/10: N4 bias field correction
    002_S_4654: Step 2/10: N4 bias field correction
    002_S_4746: Step 2/10: N4 bias field correction
    002_S_5018: Step 2/10: N4 bias field correction
    003_S_4288: Step 2/10: N4 bias field correction
    003_S_4350: Step 2/10: N4 bias field correction
    003_S_4441: Step 2/10: N4 bias field correction
    003_S_4872: Step 2/10: N4 bias field correction
    003_S_4900: Step 2/10: N4 bias field correction
    005_S_0221: Step 2/10: N4 bias field correction
    005_S_0222: Step 2/10: N4 bias field correction
    005_S_0546: Step 2/10: N4 bias field correction
    005_S_0610: Step 2/10: N4 bias field correction

[Live Progress] Done: 0 | Remaining: 630 | Failed: 0 | ETA: 0.0 min
  Active subjects:
    002_S_4171: Step 2/10: N4 bias field correction
    002_S_4213: Step 2/10: N4 bias field correction
    002_S_4225: Step 2/10: N4 bias field correction
    002_S_4229: Step 2/10: N4 bias field correction
    002_S_4270: Step 2/10: N4 bias field correction
    002_S_4447: Step 2/10: N4 bias field correction
    002_S_4473: Step 2/10: N4 bias field correction
    002_S_4654: Step 2/10: N4 bias field correction
    002_S_4746: Step 2/10: N4 bias field correction
    002_S_5018: Step 2/10: N4 bias field correction
    003_S_4288: Step 2/10: N4 bias field correction
    003_S_4350: Step 2/10: N4 bias field correction
    003_S_4441: Step 2/10: N4 bias field correction
    003_S_4872: Step 2/10: N4 bias field correction
    003_S_4900: Step 2/10: N4 bias field correction
    005_S_0221: Step 2/10: N4 bias field correction
    005_S_0222: Step 2/10: N4 bias field correction
    005_S_0546: Step 2/10: N4 bias field correction
    005_S_0610: Step 2/10: N4 bias field correction

[Live Progress] Done: 0 | Remaining: 630 | Failed: 0 | ETA: 0.0 min
  Active subjects:
    002_S_4171: Step 2/10: N4 bias field correction
    002_S_4213: Step 2/10: N4 bias field correction
    002_S_4225: Step 2/10: N4 bias field correction
    002_S_4229: Step 2/10: N4 bias field correction
    002_S_4270: Step 2/10: N4 bias field correction
    002_S_4447: Step 2/10: N4 bias field correction
    002_S_4473: Step 2/10: N4 bias field correction
    002_S_4654: Step 2/10: N4 bias field correction
    002_S_4746: Step 2/10: N4 bias field correction
    002_S_5018: Step 2/10: N4 bias field correction
    003_S_4288: Step 2/10: N4 bias field correction
    003_S_4350: Step 2/10: N4 bias field correction
    003_S_4441: Step 2/10: N4 bias field correction
    003_S_4872: Step 2/10: N4 bias field correction
    003_S_4900: Step 2/10: N4 bias field correction
    005_S_0221: Step 2/10: N4 bias field correction
    005_S_0222: Step 2/10: N4 bias field correction
    005_S_0546: Step 2/10: N4 bias field correction
    005_S_0610: Step 2/10: N4 bias field correction

[Live Progress] Done: 0 | Remaining: 630 | Failed: 0 | ETA: 0.0 min
  Active subjects:
    002_S_4171: Step 2/10: N4 bias field correction
    002_S_4213: Step 2/10: N4 bias field correction
    002_S_4225: Step 2/10: N4 bias field correction
    002_S_4229: Step 2/10: N4 bias field correction
    002_S_4270: Step 3/10: HD-BET skull stripping
    002_S_4447: Step 2/10: N4 bias field correction
    002_S_4473: Step 2/10: N4 bias field correction
    002_S_4654: Step 2/10: N4 bias field correction
    002_S_4746: Step 2/10: N4 bias field correction
    002_S_5018: Step 2/10: N4 bias field correction
    003_S_4288: Step 2/10: N4 bias field correction
    003_S_4350: Step 2/10: N4 bias field correction
    003_S_4441: Step 2/10: N4 bias field correction
    003_S_4872: Step 2/10: N4 bias field correction
    003_S_4900: Step 2/10: N4 bias field correction
    005_S_0221: Step 2/10: N4 bias field correction
    005_S_0222: Step 2/10: N4 bias field correction
    005_S_0546: Step 2/10: N4 bias field correction
    005_S_0610: Step 2/10: N4 bias field correction

[Live Progress] Done: 0 | Remaining: 630 | Failed: 0 | ETA: 0.0 min
  Active subjects:
    002_S_4171: Step 2/10: N4 bias field correction
    002_S_4213: Step 2/10: N4 bias field correction
    002_S_4225: Step 2/10: N4 bias field correction
    002_S_4229: Step 2/10: N4 bias field correction
    002_S_4270: Step 3/10: HD-BET skull stripping
    002_S_4447: Step 2/10: N4 bias field correction
    002_S_4473: Step 2/10: N4 bias field correction
    002_S_4654: Step 2/10: N4 bias field correction
    002_S_4746: Step 2/10: N4 bias field correction
    002_S_5018: Step 2/10: N4 bias field correction
    003_S_4288: Step 2/10: N4 bias field correction
    003_S_4350: Step 2/10: N4 bias field correction
    003_S_4441: Step 2/10: N4 bias field correction
    003_S_4872: Step 2/10: N4 bias field correction
    003_S_4900: Step 2/10: N4 bias field correction
    005_S_0221: Step 2/10: N4 bias field correction
    005_S_0222: Step 2/10: N4 bias field correction
    005_S_0546: Step 2/10: N4 bias field correction
    005_S_0610: Step 2/10: N4 bias field correction

[Live Progress] Done: 0 | Remaining: 630 | Failed: 0 | ETA: 0.0 min
  Active subjects:
    002_S_4171: Step 2/10: N4 bias field correction
    002_S_4213: Step 2/10: N4 bias field correction
    002_S_4225: Step 2/10: N4 bias field correction
    002_S_4229: Step 2/10: N4 bias field correction
    002_S_4270: Step 3/10: HD-BET skull stripping
    002_S_4447: Step 2/10: N4 bias field correction
    002_S_4473: Step 2/10: N4 bias field correction
    002_S_4654: Step 2/10: N4 bias field correction
    002_S_4746: Step 2/10: N4 bias field correction
    002_S_5018: Step 2/10: N4 bias field correction
    003_S_4288: Step 2/10: N4 bias field correction
    003_S_4350: Step 2/10: N4 bias field correction
    003_S_4441: Step 2/10: N4 bias field correction
    003_S_4872: Step 2/10: N4 bias field correction
    003_S_4900: Step 2/10: N4 bias field correction
    005_S_0221: Step 2/10: N4 bias field correction
    005_S_0222: Step 2/10: N4 bias field correction
    005_S_0546: Step 2/10: N4 bias field correction
    005_S_0610: Step 2/10: N4 bias field correction

[Live Progress] Done: 0 | Remaining: 630 | Failed: 0 | ETA: 0.0 min
  Active subjects:
    002_S_4171: Step 2/10: N4 bias field correction
    002_S_4213: Step 2/10: N4 bias field correction
    002_S_4225: Step 2/10: N4 bias field correction
    002_S_4229: Step 2/10: N4 bias field correction
    002_S_4270: Step 3/10: HD-BET skull stripping
    002_S_4447: Step 2/10: N4 bias field correction
    002_S_4473: Step 2/10: N4 bias field correction
    002_S_4654: Step 2/10: N4 bias field correction
    002_S_4746: Step 2/10: N4 bias field correction
    002_S_5018: Step 2/10: N4 bias field correction
    003_S_4288: Step 2/10: N4 bias field correction
    003_S_4350: Step 2/10: N4 bias field correction
    003_S_4441: Step 2/10: N4 bias field correction
    003_S_4872: Step 2/10: N4 bias field correction
    003_S_4900: Step 2/10: N4 bias field correction
    005_S_0221: Step 2/10: N4 bias field correction
    005_S_0222: Step 2/10: N4 bias field correction
    005_S_0546: Step 2/10: N4 bias field correction
    005_S_0610: Step 2/10: N4 bias field correction

[Live Progress] Done: 0 | Remaining: 630 | Failed: 0 | ETA: 0.0 min
  Active subjects:
    002_S_4171: Step 2/10: N4 bias field correction
    002_S_4213: Step 2/10: N4 bias field correction
    002_S_4225: Step 2/10: N4 bias field correction
    002_S_4229: Step 2/10: N4 bias field correction
    002_S_4270: Step 3/10: HD-BET skull stripping
    002_S_4447: Step 2/10: N4 bias field correction
    002_S_4473: Step 2/10: N4 bias field correction
    002_S_4654: Step 2/10: N4 bias field correction
    002_S_4746: Step 2/10: N4 bias field correction
    002_S_5018: Step 2/10: N4 bias field correction
    003_S_4288: Step 2/10: N4 bias field correction
    003_S_4350: Step 2/10: N4 bias field correction
    003_S_4441: Step 2/10: N4 bias field correction
    003_S_4872: Step 2/10: N4 bias field correction
    003_S_4900: Step 2/10: N4 bias field correction
    005_S_0221: Step 2/10: N4 bias field correction
    005_S_0222: Step 2/10: N4 bias field correction
    005_S_0546: Step 2/10: N4 bias field correction
    005_S_0610: Step 2/10: N4 bias field correction

[Live Progress] Done: 0 | Remaining: 630 | Failed: 0 | ETA: 0.0 min
  Active subjects:
    002_S_4171: Step 2/10: N4 bias field correction
    002_S_4213: Step 2/10: N4 bias field correction
    002_S_4225: Step 2/10: N4 bias field correction
    002_S_4229: Step 2/10: N4 bias field correction
    002_S_4270: Step 3/10: HD-BET skull stripping
    002_S_4447: Step 2/10: N4 bias field correction
    002_S_4473: Step 2/10: N4 bias field correction
    002_S_4654: Step 2/10: N4 bias field correction
    002_S_4746: Step 2/10: N4 bias field correction
    002_S_5018: Step 2/10: N4 bias field correction
    003_S_4288: Step 2/10: N4 bias field correction
    003_S_4350: Step 2/10: N4 bias field correction
    003_S_4441: Step 2/10: N4 bias field correction
    003_S_4872: Step 2/10: N4 bias field correction
    003_S_4900: Step 2/10: N4 bias field correction
    005_S_0221: Step 2/10: N4 bias field correction
    005_S_0222: Step 2/10: N4 bias field correction
    005_S_0546: Step 2/10: N4 bias field correction
    005_S_0610: Step 2/10: N4 bias field correction

[Live Progress] Done: 0 | Remaining: 630 | Failed: 0 | ETA: 0.0 min
  Active subjects:
    002_S_4171: Step 2/10: N4 bias field correction
    002_S_4213: Step 2/10: N4 bias field correction
    002_S_4225: Step 2/10: N4 bias field correction
    002_S_4229: Step 2/10: N4 bias field correction
    002_S_4270: Step 3/10: HD-BET skull stripping
    002_S_4447: Step 2/10: N4 bias field correction
    002_S_4473: Step 2/10: N4 bias field correction
    002_S_4654: Step 2/10: N4 bias field correction
    002_S_4746: Step 2/10: N4 bias field correction
    002_S_5018: Step 2/10: N4 bias field correction
    003_S_4288: Step 2/10: N4 bias field correction
    003_S_4350: Step 2/10: N4 bias field correction
    003_S_4441: Step 2/10: N4 bias field correction
    003_S_4872: Step 2/10: N4 bias field correction
    003_S_4900: Step 2/10: N4 bias field correction
    005_S_0221: Step 2/10: N4 bias field correction
    005_S_0222: Step 2/10: N4 bias field correction
    005_S_0546: Step 2/10: N4 bias field correction
    005_S_0610: Step 2/10: N4 bias field correction

[Live Progress] Done: 0 | Remaining: 630 | Failed: 0 | ETA: 0.0 min
  Active subjects:
    002_S_4171: Step 2/10: N4 bias field correction
    002_S_4213: Step 2/10: N4 bias field correction
    002_S_4225: Step 2/10: N4 bias field correction
    002_S_4229: Step 2/10: N4 bias field correction
    002_S_4270: Step 3/10: HD-BET skull stripping
    002_S_4447: Step 2/10: N4 bias field correction
    002_S_4473: Step 2/10: N4 bias field correction
    002_S_4654: Step 2/10: N4 bias field correction
    002_S_4746: Step 2/10: N4 bias field correction
    002_S_5018: Step 2/10: N4 bias field correction
    003_S_4288: Step 2/10: N4 bias field correction
    003_S_4350: Step 2/10: N4 bias field correction
    003_S_4441: Step 2/10: N4 bias field correction
    003_S_4872: Step 2/10: N4 bias field correction
    003_S_4900: Step 2/10: N4 bias field correction
    005_S_0221: Step 2/10: N4 bias field correction
    005_S_0222: Step 2/10: N4 bias field correction
    005_S_0546: Step 2/10: N4 bias field correction
    005_S_0610: Step 2/10: N4 bias field correction

[Live Progress] Done: 0 | Remaining: 630 | Failed: 0 | ETA: 0.0 min
  Active subjects:
    002_S_4171: Step 2/10: N4 bias field correction
    002_S_4213: Step 2/10: N4 bias field correction
    002_S_4225: Step 2/10: N4 bias field correction
    002_S_4229: Step 2/10: N4 bias field correction
    002_S_4270: Step 3/10: HD-BET skull stripping
    002_S_4447: Step 2/10: N4 bias field correction
    002_S_4473: Step 2/10: N4 bias field correction
    002_S_4654: Step 2/10: N4 bias field correction
    002_S_4746: Step 2/10: N4 bias field correction
    002_S_5018: Step 2/10: N4 bias field correction
    003_S_4288: Step 2/10: N4 bias field correction
    003_S_4350: Step 2/10: N4 bias field correction
    003_S_4441: Step 2/10: N4 bias field correction
    003_S_4872: Step 2/10: N4 bias field correction
    003_S_4900: Step 2/10: N4 bias field correction
    005_S_0221: Step 2/10: N4 bias field correction
    005_S_0222: Step 2/10: N4 bias field correction
    005_S_0546: Step 2/10: N4 bias field correction
    005_S_0610: Step 2/10: N4 bias field correction

[Live Progress] Done: 0 | Remaining: 630 | Failed: 0 | ETA: 0.0 min
  Active subjects:
    002_S_4171: Step 2/10: N4 bias field correction
    002_S_4213: Step 2/10: N4 bias field correction
    002_S_4225: Step 2/10: N4 bias field correction
    002_S_4229: Step 2/10: N4 bias field correction
    002_S_4270: Step 3/10: HD-BET skull stripping
    002_S_4447: Step 2/10: N4 bias field correction
    002_S_4473: Step 2/10: N4 bias field correction
    002_S_4654: Step 2/10: N4 bias field correction
    002_S_4746: Step 2/10: N4 bias field correction
    002_S_5018: Step 2/10: N4 bias field correction
    003_S_4288: Step 2/10: N4 bias field correction
    003_S_4350: Step 2/10: N4 bias field correction
    003_S_4441: Step 2/10: N4 bias field correction
    003_S_4872: Step 2/10: N4 bias field correction
    003_S_4900: Step 2/10: N4 bias field correction
    005_S_0221: Step 2/10: N4 bias field correction
    005_S_0222: Step 2/10: N4 bias field correction
    005_S_0546: Step 2/10: N4 bias field correction
    005_S_0610: Step 2/10: N4 bias field correction

[Live Progress] Done: 0 | Remaining: 630 | Failed: 0 | ETA: 0.0 min
  Active subjects:
    002_S_4171: Step 2/10: N4 bias field correction
    002_S_4213: Step 2/10: N4 bias field correction
    002_S_4225: Step 2/10: N4 bias field correction
    002_S_4229: Step 2/10: N4 bias field correction
    002_S_4270: Step 3/10: HD-BET skull stripping
    002_S_4447: Step 2/10: N4 bias field correction
    002_S_4473: Step 2/10: N4 bias field correction
    002_S_4654: Step 2/10: N4 bias field correction
    002_S_4746: Step 2/10: N4 bias field correction
    002_S_5018: Step 2/10: N4 bias field correction
    003_S_4288: Step 2/10: N4 bias field correction
    003_S_4350: Step 2/10: N4 bias field correction
    003_S_4441: Step 2/10: N4 bias field correction
    003_S_4872: Step 2/10: N4 bias field correction
    003_S_4900: Step 2/10: N4 bias field correction
    005_S_0221: Step 2/10: N4 bias field correction
    005_S_0222: Step 2/10: N4 bias field correction
    005_S_0546: Step 2/10: N4 bias field correction
    005_S_0610: Step 2/10: N4 bias field correction

[Live Progress] Done: 0 | Remaining: 630 | Failed: 0 | ETA: 0.0 min
  Active subjects:
    002_S_4171: Step 2/10: N4 bias field correction
    002_S_4213: Step 2/10: N4 bias field correction
    002_S_4225: Step 2/10: N4 bias field correction
    002_S_4229: Step 2/10: N4 bias field correction
    002_S_4270: Step 3/10: HD-BET skull stripping
    002_S_4447: Step 2/10: N4 bias field correction
    002_S_4473: Step 2/10: N4 bias field correction
    002_S_4654: Step 2/10: N4 bias field correction
    002_S_4746: Step 2/10: N4 bias field correction
    002_S_5018: Step 2/10: N4 bias field correction
    003_S_4288: Step 2/10: N4 bias field correction
    003_S_4350: Step 2/10: N4 bias field correction
    003_S_4441: Step 2/10: N4 bias field correction
    003_S_4872: Step 2/10: N4 bias field correction
    003_S_4900: Step 2/10: N4 bias field correction
    005_S_0221: Step 2/10: N4 bias field correction
    005_S_0222: Step 2/10: N4 bias field correction
    005_S_0546: Step 2/10: N4 bias field correction
    005_S_0610: Step 2/10: N4 bias field correction

[Live Progress] Done: 0 | Remaining: 630 | Failed: 0 | ETA: 0.0 min
  Active subjects:
    002_S_4171: Step 2/10: N4 bias field correction
    002_S_4213: Step 2/10: N4 bias field correction
    002_S_4225: Step 2/10: N4 bias field correction
    002_S_4229: Step 2/10: N4 bias field correction
    002_S_4270: Step 3/10: HD-BET skull stripping
    002_S_4447: Step 2/10: N4 bias field correction
    002_S_4473: Step 2/10: N4 bias field correction
    002_S_4654: Step 2/10: N4 bias field correction
    002_S_4746: Step 2/10: N4 bias field correction
    002_S_5018: Step 2/10: N4 bias field correction
    003_S_4288: Step 2/10: N4 bias field correction
    003_S_4350: Step 2/10: N4 bias field correction
    003_S_4441: Step 2/10: N4 bias field correction
    003_S_4872: Step 2/10: N4 bias field correction
    003_S_4900: Step 2/10: N4 bias field correction
    005_S_0221: Step 2/10: N4 bias field correction
    005_S_0222: Step 2/10: N4 bias field correction
    005_S_0546: Step 2/10: N4 bias field correction
    005_S_0610: Step 2/10: N4 bias field correction

[Live Progress] Done: 0 | Remaining: 630 | Failed: 0 | ETA: 0.0 min
  Active subjects:
    002_S_4171: Step 2/10: N4 bias field correction
    002_S_4213: Step 2/10: N4 bias field correction
    002_S_4225: Step 2/10: N4 bias field correction
    002_S_4229: Step 2/10: N4 bias field correction
    002_S_4270: Step 3/10: HD-BET skull stripping
    002_S_4447: Step 2/10: N4 bias field correction
    002_S_4473: Step 2/10: N4 bias field correction
    002_S_4654: Step 2/10: N4 bias field correction
    002_S_4746: Step 2/10: N4 bias field correction
    002_S_5018: Step 2/10: N4 bias field correction
    003_S_4288: Step 2/10: N4 bias field correction
    003_S_4350: Step 2/10: N4 bias field correction
    003_S_4441: Step 2/10: N4 bias field correction
    003_S_4872: Step 2/10: N4 bias field correction
    003_S_4900: Step 2/10: N4 bias field correction
    005_S_0221: Step 2/10: N4 bias field correction
    005_S_0222: Step 2/10: N4 bias field correction
    005_S_0546: Step 2/10: N4 bias field correction
    005_S_0610: Step 2/10: N4 bias field correction

[Live Progress] Done: 0 | Remaining: 630 | Failed: 0 | ETA: 0.0 min
  Active subjects:
    002_S_4171: Step 2/10: N4 bias field correction
    002_S_4213: Step 2/10: N4 bias field correction
    002_S_4225: Step 2/10: N4 bias field correction
    002_S_4229: Step 2/10: N4 bias field correction
    002_S_4270: Step 3/10: HD-BET skull stripping
    002_S_4447: Step 2/10: N4 bias field correction
    002_S_4473: Step 2/10: N4 bias field correction
    002_S_4654: Step 2/10: N4 bias field correction
    002_S_4746: Step 2/10: N4 bias field correction
    002_S_5018: Step 2/10: N4 bias field correction
    003_S_4288: Step 2/10: N4 bias field correction
    003_S_4350: Step 2/10: N4 bias field correction
    003_S_4441: Step 2/10: N4 bias field correction
    003_S_4872: Step 2/10: N4 bias field correction
    003_S_4900: Step 2/10: N4 bias field correction
    005_S_0221: Step 2/10: N4 bias field correction
    005_S_0222: Step 2/10: N4 bias field correction
    005_S_0546: Step 2/10: N4 bias field correction
    005_S_0610: Step 2/10: N4 bias field correction

[Live Progress] Done: 0 | Remaining: 630 | Failed: 0 | ETA: 0.0 min
  Active subjects:
    002_S_4171: Step 2/10: N4 bias field correction
    002_S_4213: Step 2/10: N4 bias field correction
    002_S_4225: Step 2/10: N4 bias field correction
    002_S_4229: Step 2/10: N4 bias field correction
    002_S_4270: Step 3/10: HD-BET skull stripping
    002_S_4447: Step 2/10: N4 bias field correction
    002_S_4473: Step 2/10: N4 bias field correction
    002_S_4654: Step 2/10: N4 bias field correction
    002_S_4746: Step 2/10: N4 bias field correction
    002_S_5018: Step 2/10: N4 bias field correction
    003_S_4288: Step 2/10: N4 bias field correction
    003_S_4350: Step 2/10: N4 bias field correction
    003_S_4441: Step 2/10: N4 bias field correction
    003_S_4872: Step 2/10: N4 bias field correction
    003_S_4900: Step 2/10: N4 bias field correction
    005_S_0221: Step 2/10: N4 bias field correction
    005_S_0222: Step 2/10: N4 bias field correction
    005_S_0546: Step 2/10: N4 bias field correction
    005_S_0610: Step 2/10: N4 bias field correction

[Live Progress] Done: 0 | Remaining: 630 | Failed: 0 | ETA: 0.0 min
  Active subjects:
    002_S_4171: Step 2/10: N4 bias field correction
    002_S_4213: Step 2/10: N4 bias field correction
    002_S_4225: Step 2/10: N4 bias field correction
    002_S_4229: Step 2/10: N4 bias field correction
    002_S_4270: Step 3/10: HD-BET skull stripping
    002_S_4447: Step 2/10: N4 bias field correction
    002_S_4473: Step 2/10: N4 bias field correction
    002_S_4654: Step 2/10: N4 bias field correction
    002_S_4746: Step 2/10: N4 bias field correction
    002_S_5018: Step 2/10: N4 bias field correction
    003_S_4288: Step 2/10: N4 bias field correction
    003_S_4350: Step 2/10: N4 bias field correction
    003_S_4441: Step 2/10: N4 bias field correction
    003_S_4872: Step 2/10: N4 bias field correction
    003_S_4900: Step 2/10: N4 bias field correction
    005_S_0221: Step 2/10: N4 bias field correction
    005_S_0222: Step 2/10: N4 bias field correction
    005_S_0546: Step 2/10: N4 bias field correction
    005_S_0610: Step 2/10: N4 bias field correction

[Live Progress] Done: 0 | Remaining: 630 | Failed: 0 | ETA: 0.0 min
  Active subjects:
    002_S_4171: Step 2/10: N4 bias field correction
    002_S_4213: Step 2/10: N4 bias field correction
    002_S_4225: Step 2/10: N4 bias field correction
    002_S_4229: Step 2/10: N4 bias field correction
    002_S_4270: Step 3/10: HD-BET skull stripping
    002_S_4447: Step 2/10: N4 bias field correction
    002_S_4473: Step 2/10: N4 bias field correction
    002_S_4654: Step 2/10: N4 bias field correction
    002_S_4746: Step 2/10: N4 bias field correction
    002_S_5018: Step 2/10: N4 bias field correction
    003_S_4288: Step 2/10: N4 bias field correction
    003_S_4350: Step 2/10: N4 bias field correction
    003_S_4441: Step 2/10: N4 bias field correction
    003_S_4872: Step 2/10: N4 bias field correction
    003_S_4900: Step 2/10: N4 bias field correction
    005_S_0221: Step 2/10: N4 bias field correction
    005_S_0222: Step 2/10: N4 bias field correction
    005_S_0546: Step 2/10: N4 bias field correction
    005_S_0610: Step 2/10: N4 bias field correction

[Live Progress] Done: 0 | Remaining: 630 | Failed: 0 | ETA: 0.0 min
  Active subjects:
    002_S_4171: Step 2/10: N4 bias field correction
    002_S_4213: Step 2/10: N4 bias field correction
    002_S_4225: Step 2/10: N4 bias field correction
    002_S_4229: Step 2/10: N4 bias field correction
    002_S_4270: Step 3/10: HD-BET skull stripping
    002_S_4447: Step 2/10: N4 bias field correction
    002_S_4473: Step 2/10: N4 bias field correction
    002_S_4654: Step 2/10: N4 bias field correction
    002_S_4746: Step 2/10: N4 bias field correction
    002_S_5018: Step 2/10: N4 bias field correction
    003_S_4288: Step 2/10: N4 bias field correction
    003_S_4350: Step 2/10: N4 bias field correction
    003_S_4441: Step 2/10: N4 bias field correction
    003_S_4872: Step 2/10: N4 bias field correction
    003_S_4900: Step 2/10: N4 bias field correction
    005_S_0221: Step 2/10: N4 bias field correction
    005_S_0222: Step 2/10: N4 bias field correction
    005_S_0546: Step 2/10: N4 bias field correction
    005_S_0610: Step 2/10: N4 bias field correction

[Live Progress] Done: 0 | Remaining: 630 | Failed: 0 | ETA: 0.0 min
  Active subjects:
    002_S_4171: Step 2/10: N4 bias field correction
    002_S_4213: Step 2/10: N4 bias field correction
    002_S_4225: Step 2/10: N4 bias field correction
    002_S_4229: Step 2/10: N4 bias field correction
    002_S_4270: Step 3/10: HD-BET skull stripping
    002_S_4447: Step 2/10: N4 bias field correction
    002_S_4473: Step 2/10: N4 bias field correction
    002_S_4654: Step 2/10: N4 bias field correction
    002_S_4746: Step 2/10: N4 bias field correction
    002_S_5018: Step 2/10: N4 bias field correction
    003_S_4288: Step 2/10: N4 bias field correction
    003_S_4350: Step 2/10: N4 bias field correction
    003_S_4441: Step 2/10: N4 bias field correction
    003_S_4872: Step 2/10: N4 bias field correction
    003_S_4900: Step 2/10: N4 bias field correction
    005_S_0221: Step 2/10: N4 bias field correction
    005_S_0222: Step 2/10: N4 bias field correction
    005_S_0546: Step 2/10: N4 bias field correction
    005_S_0610: Step 2/10: N4 bias field correction

[Live Progress] Done: 0 | Remaining: 630 | Failed: 0 | ETA: 0.0 min
  Active subjects:
    002_S_4171: Step 2/10: N4 bias field correction
    002_S_4213: Step 2/10: N4 bias field correction
    002_S_4225: Step 2/10: N4 bias field correction
    002_S_4229: Step 2/10: N4 bias field correction
    002_S_4270: Step 3/10: HD-BET skull stripping
    002_S_4447: Step 2/10: N4 bias field correction
    002_S_4473: Step 2/10: N4 bias field correction
    002_S_4654: Step 2/10: N4 bias field correction
    002_S_4746: Step 2/10: N4 bias field correction
    002_S_5018: Step 2/10: N4 bias field correction
    003_S_4288: Step 2/10: N4 bias field correction
    003_S_4350: Step 2/10: N4 bias field correction
    003_S_4441: Step 2/10: N4 bias field correction
    003_S_4872: Step 2/10: N4 bias field correction
    003_S_4900: Step 2/10: N4 bias field correction
    005_S_0221: Step 2/10: N4 bias field correction
    005_S_0222: Step 2/10: N4 bias field correction
    005_S_0546: Step 2/10: N4 bias field correction
    005_S_0610: Step 2/10: N4 bias field correction

[Live Progress] Done: 0 | Remaining: 630 | Failed: 0 | ETA: 0.0 min
  Active subjects:
    002_S_4171: Step 2/10: N4 bias field correction
    002_S_4213: Step 2/10: N4 bias field correction
    002_S_4225: Step 2/10: N4 bias field correction
    002_S_4229: Step 2/10: N4 bias field correction
    002_S_4270: Step 3/10: HD-BET skull stripping
    002_S_4447: Step 2/10: N4 bias field correction
    002_S_4473: Step 2/10: N4 bias field correction
    002_S_4654: Step 2/10: N4 bias field correction
    002_S_4746: Step 2/10: N4 bias field correction
    002_S_5018: Step 2/10: N4 bias field correction
    003_S_4288: Step 2/10: N4 bias field correction
    003_S_4350: Step 2/10: N4 bias field correction
    003_S_4441: Step 2/10: N4 bias field correction
    003_S_4872: Step 2/10: N4 bias field correction
    003_S_4900: Step 2/10: N4 bias field correction
    005_S_0221: Step 2/10: N4 bias field correction
    005_S_0222: Step 2/10: N4 bias field correction
    005_S_0546: Step 2/10: N4 bias field correction
    005_S_0610: Step 2/10: N4 bias field correction

[Live Progress] Done: 0 | Remaining: 630 | Failed: 0 | ETA: 0.0 min
  Active subjects:
    002_S_4171: Step 2/10: N4 bias field correction
    002_S_4213: Step 2/10: N4 bias field correction
    002_S_4225: Step 2/10: N4 bias field correction
    002_S_4229: Step 2/10: N4 bias field correction
    002_S_4270: Step 3/10: HD-BET skull stripping
    002_S_4447: Step 2/10: N4 bias field correction
    002_S_4473: Step 2/10: N4 bias field correction
    002_S_4654: Step 2/10: N4 bias field correction
    002_S_4746: Step 2/10: N4 bias field correction
    002_S_5018: Step 2/10: N4 bias field correction
    003_S_4288: Step 2/10: N4 bias field correction
    003_S_4350: Step 2/10: N4 bias field correction
    003_S_4441: Step 2/10: N4 bias field correction
    003_S_4872: Step 2/10: N4 bias field correction
    003_S_4900: Step 2/10: N4 bias field correction
    005_S_0221: Step 2/10: N4 bias field correction
    005_S_0222: Step 2/10: N4 bias field correction
    005_S_0546: Step 2/10: N4 bias field correction
    005_S_0610: Step 2/10: N4 bias field correction

[Live Progress] Done: 0 | Remaining: 630 | Failed: 0 | ETA: 0.0 min
  Active subjects:
    002_S_4171: Step 2/10: N4 bias field correction
    002_S_4213: Step 2/10: N4 bias field correction
    002_S_4225: Step 2/10: N4 bias field correction
    002_S_4229: Step 2/10: N4 bias field correction
    002_S_4270: Step 3/10: HD-BET skull stripping
    002_S_4447: Step 2/10: N4 bias field correction
    002_S_4473: Step 2/10: N4 bias field correction
    002_S_4654: Step 2/10: N4 bias field correction
    002_S_4746: Step 2/10: N4 bias field correction
    002_S_5018: Step 2/10: N4 bias field correction
    003_S_4288: Step 2/10: N4 bias field correction
    003_S_4350: Step 2/10: N4 bias field correction
    003_S_4441: Step 2/10: N4 bias field correction
    003_S_4872: Step 2/10: N4 bias field correction
    003_S_4900: Step 2/10: N4 bias field correction
    005_S_0221: Step 2/10: N4 bias field correction
    005_S_0222: Step 2/10: N4 bias field correction
    005_S_0546: Step 2/10: N4 bias field correction
    005_S_0610: Step 2/10: N4 bias field correction

[Live Progress] Done: 0 | Remaining: 630 | Failed: 0 | ETA: 0.0 min
  Active subjects:
    002_S_4171: Step 2/10: N4 bias field correction
    002_S_4213: Step 2/10: N4 bias field correction
    002_S_4225: Step 2/10: N4 bias field correction
    002_S_4229: Step 2/10: N4 bias field correction
    002_S_4270: Step 3/10: HD-BET skull stripping
    002_S_4447: Step 2/10: N4 bias field correction
    002_S_4473: Step 2/10: N4 bias field correction
    002_S_4654: Step 2/10: N4 bias field correction
    002_S_4746: Step 2/10: N4 bias field correction
    002_S_5018: Step 2/10: N4 bias field correction
    003_S_4288: Step 2/10: N4 bias field correction
    003_S_4350: Step 2/10: N4 bias field correction
    003_S_4441: Step 2/10: N4 bias field correction
    003_S_4872: Step 2/10: N4 bias field correction
    003_S_4900: Step 2/10: N4 bias field correction
    005_S_0221: Step 2/10: N4 bias field correction
    005_S_0222: Step 2/10: N4 bias field correction
    005_S_0546: Step 2/10: N4 bias field correction
    005_S_0610: Step 2/10: N4 bias field correction

[Live Progress] Done: 0 | Remaining: 630 | Failed: 0 | ETA: 0.0 min
  Active subjects:
    002_S_4171: Step 2/10: N4 bias field correction
    002_S_4213: Step 2/10: N4 bias field correction
    002_S_4225: Step 2/10: N4 bias field correction
    002_S_4229: Step 2/10: N4 bias field correction
    002_S_4270: Step 3/10: HD-BET skull stripping
    002_S_4447: Step 2/10: N4 bias field correction
    002_S_4473: Step 2/10: N4 bias field correction
    002_S_4654: Step 2/10: N4 bias field correction
    002_S_4746: Step 2/10: N4 bias field correction
    002_S_5018: Step 2/10: N4 bias field correction
    003_S_4288: Step 2/10: N4 bias field correction
    003_S_4350: Step 2/10: N4 bias field correction
    003_S_4441: Step 2/10: N4 bias field correction
    003_S_4872: Step 2/10: N4 bias field correction
    003_S_4900: Step 2/10: N4 bias field correction
    005_S_0221: Step 2/10: N4 bias field correction
    005_S_0222: Step 2/10: N4 bias field correction
    005_S_0546: Step 2/10: N4 bias field correction
    005_S_0610: Step 2/10: N4 bias field correction

[Live Progress] Done: 0 | Remaining: 630 | Failed: 0 | ETA: 0.0 min
  Active subjects:
    002_S_4171: Step 2/10: N4 bias field correction
    002_S_4213: Step 2/10: N4 bias field correction
    002_S_4225: Step 2/10: N4 bias field correction
    002_S_4229: Step 2/10: N4 bias field correction
    002_S_4270: Step 3/10: HD-BET skull stripping
    002_S_4447: Step 2/10: N4 bias field correction
    002_S_4473: Step 2/10: N4 bias field correction
    002_S_4654: Step 2/10: N4 bias field correction
    002_S_4746: Step 2/10: N4 bias field correction
    002_S_5018: Step 2/10: N4 bias field correction
    003_S_4288: Step 2/10: N4 bias field correction
    003_S_4350: Step 2/10: N4 bias field correction
    003_S_4441: Step 2/10: N4 bias field correction
    003_S_4872: Step 2/10: N4 bias field correction
    003_S_4900: Step 2/10: N4 bias field correction
    005_S_0221: Step 2/10: N4 bias field correction
    005_S_0222: Step 2/10: N4 bias field correction
    005_S_0546: Step 2/10: N4 bias field correction
    005_S_0610: Step 2/10: N4 bias field correction

[Live Progress] Done: 0 | Remaining: 630 | Failed: 0 | ETA: 0.0 min
  Active subjects:
    002_S_4171: Step 2/10: N4 bias field correction
    002_S_4213: Step 2/10: N4 bias field correction
    002_S_4225: Step 2/10: N4 bias field correction
    002_S_4229: Step 2/10: N4 bias field correction
    002_S_4270: Step 3/10: HD-BET skull stripping
    002_S_4447: Step 2/10: N4 bias field correction
    002_S_4473: Step 2/10: N4 bias field correction
    002_S_4654: Step 2/10: N4 bias field correction
    002_S_4746: Step 2/10: N4 bias field correction
    002_S_5018: Step 2/10: N4 bias field correction
    003_S_4288: Step 2/10: N4 bias field correction
    003_S_4350: Step 2/10: N4 bias field correction
    003_S_4441: Step 2/10: N4 bias field correction
    003_S_4872: Step 2/10: N4 bias field correction
    003_S_4900: Step 2/10: N4 bias field correction
    005_S_0221: Step 2/10: N4 bias field correction
    005_S_0222: Step 2/10: N4 bias field correction
    005_S_0546: Step 2/10: N4 bias field correction
    005_S_0610: Step 2/10: N4 bias field correction

[Live Progress] Done: 0 | Remaining: 630 | Failed: 0 | ETA: 0.0 min
  Active subjects:
    002_S_4171: Step 2/10: N4 bias field correction
    002_S_4213: Step 2/10: N4 bias field correction
    002_S_4225: Step 2/10: N4 bias field correction
    002_S_4229: Step 2/10: N4 bias field correction
    002_S_4270: Step 3/10: HD-BET skull stripping
    002_S_4447: Step 2/10: N4 bias field correction
    002_S_4473: Step 2/10: N4 bias field correction
    002_S_4654: Step 2/10: N4 bias field correction
    002_S_4746: Step 2/10: N4 bias field correction
    002_S_5018: Step 2/10: N4 bias field correction
    003_S_4288: Step 2/10: N4 bias field correction
    003_S_4350: Step 2/10: N4 bias field correction
    003_S_4441: Step 2/10: N4 bias field correction
    003_S_4872: Step 2/10: N4 bias field correction
    003_S_4900: Step 2/10: N4 bias field correction
    005_S_0221: Step 2/10: N4 bias field correction
    005_S_0222: Step 2/10: N4 bias field correction
    005_S_0546: Step 2/10: N4 bias field correction
    005_S_0610: Step 2/10: N4 bias field correction

[Live Progress] Done: 0 | Remaining: 630 | Failed: 0 | ETA: 0.0 min
  Active subjects:
    002_S_4171: Step 2/10: N4 bias field correction
    002_S_4213: Step 2/10: N4 bias field correction
    002_S_4225: Step 2/10: N4 bias field correction
    002_S_4229: Step 2/10: N4 bias field correction
    002_S_4270: Step 3/10: HD-BET skull stripping
    002_S_4447: Step 2/10: N4 bias field correction
    002_S_4473: Step 2/10: N4 bias field correction
    002_S_4654: Step 2/10: N4 bias field correction
    002_S_4746: Step 2/10: N4 bias field correction
    002_S_5018: Step 2/10: N4 bias field correction
    003_S_4288: Step 2/10: N4 bias field correction
    003_S_4350: Step 2/10: N4 bias field correction
    003_S_4441: Step 2/10: N4 bias field correction
    003_S_4872: Step 2/10: N4 bias field correction
    003_S_4900: Step 2/10: N4 bias field correction
    005_S_0221: Step 2/10: N4 bias field correction
    005_S_0222: Step 2/10: N4 bias field correction
    005_S_0546: Step 2/10: N4 bias field correction
    005_S_0610: Step 2/10: N4 bias field correction

[Live Progress] Done: 0 | Remaining: 630 | Failed: 0 | ETA: 0.0 min
  Active subjects:
    002_S_4171: Step 2/10: N4 bias field correction
    002_S_4213: Step 2/10: N4 bias field correction
    002_S_4225: Step 2/10: N4 bias field correction
    002_S_4229: Step 2/10: N4 bias field correction
    002_S_4270: Step 3/10: HD-BET skull stripping
    002_S_4447: Step 2/10: N4 bias field correction
    002_S_4473: Step 2/10: N4 bias field correction
    002_S_4654: Step 2/10: N4 bias field correction
    002_S_4746: Step 2/10: N4 bias field correction
    002_S_5018: Step 2/10: N4 bias field correction
    003_S_4288: Step 2/10: N4 bias field correction
    003_S_4350: Step 2/10: N4 bias field correction
    003_S_4441: Step 2/10: N4 bias field correction
    003_S_4872: Step 2/10: N4 bias field correction
    003_S_4900: Step 2/10: N4 bias field correction
    005_S_0221: Step 2/10: N4 bias field correction
    005_S_0222: Step 2/10: N4 bias field correction
    005_S_0546: Step 2/10: N4 bias field correction
    005_S_0610: Step 2/10: N4 bias field correction

[Live Progress] Done: 0 | Remaining: 630 | Failed: 0 | ETA: 0.0 min
  Active subjects:
    002_S_4171: Step 2/10: N4 bias field correction
    002_S_4213: Step 2/10: N4 bias field correction
    002_S_4225: Step 2/10: N4 bias field correction
    002_S_4229: Step 2/10: N4 bias field correction
    002_S_4270: Step 3/10: HD-BET skull stripping
    002_S_4447: Step 2/10: N4 bias field correction
    002_S_4473: Step 2/10: N4 bias field correction
    002_S_4654: Step 2/10: N4 bias field correction
    002_S_4746: Step 2/10: N4 bias field correction
    002_S_5018: Step 2/10: N4 bias field correction
    003_S_4288: Step 2/10: N4 bias field correction
    003_S_4350: Step 2/10: N4 bias field correction
    003_S_4441: Step 2/10: N4 bias field correction
    003_S_4872: Step 2/10: N4 bias field correction
    003_S_4900: Step 2/10: N4 bias field correction
    005_S_0221: Step 2/10: N4 bias field correction
    005_S_0222: Step 2/10: N4 bias field correction
    005_S_0546: Step 2/10: N4 bias field correction
    005_S_0610: Step 2/10: N4 bias field correction

[Live Progress] Done: 0 | Remaining: 630 | Failed: 0 | ETA: 0.0 min
  Active subjects:
    002_S_4171: Step 2/10: N4 bias field correction
    002_S_4213: Step 2/10: N4 bias field correction
    002_S_4225: Step 2/10: N4 bias field correction
    002_S_4229: Step 2/10: N4 bias field correction
    002_S_4270: Step 3/10: HD-BET skull stripping
    002_S_4447: Step 2/10: N4 bias field correction
    002_S_4473: Step 2/10: N4 bias field correction
    002_S_4654: Step 2/10: N4 bias field correction
    002_S_4746: Step 2/10: N4 bias field correction
    002_S_5018: Step 2/10: N4 bias field correction
    003_S_4288: Step 2/10: N4 bias field correction
    003_S_4350: Step 2/10: N4 bias field correction
    003_S_4441: Step 2/10: N4 bias field correction
    003_S_4872: Step 2/10: N4 bias field correction
    003_S_4900: Step 2/10: N4 bias field correction
    005_S_0221: Step 2/10: N4 bias field correction
    005_S_0222: Step 2/10: N4 bias field correction
    005_S_0546: Step 2/10: N4 bias field correction
    005_S_0610: Step 2/10: N4 bias field correction

[Live Progress] Done: 0 | Remaining: 630 | Failed: 0 | ETA: 0.0 min
  Active subjects:
    002_S_4171: Step 2/10: N4 bias field correction
    002_S_4213: Step 2/10: N4 bias field correction
    002_S_4225: Step 2/10: N4 bias field correction
    002_S_4229: Step 2/10: N4 bias field correction
    002_S_4270: Step 3/10: HD-BET skull stripping
    002_S_4447: Step 2/10: N4 bias field correction
    002_S_4473: Step 2/10: N4 bias field correction
    002_S_4654: Step 2/10: N4 bias field correction
    002_S_4746: Step 2/10: N4 bias field correction
    002_S_5018: Step 2/10: N4 bias field correction
    003_S_4288: Step 2/10: N4 bias field correction
    003_S_4350: Step 2/10: N4 bias field correction
    003_S_4441: Step 2/10: N4 bias field correction
    003_S_4872: Step 2/10: N4 bias field correction
    003_S_4900: Step 2/10: N4 bias field correction
    005_S_0221: Step 2/10: N4 bias field correction
    005_S_0222: Step 2/10: N4 bias field correction
    005_S_0546: Step 2/10: N4 bias field correction
    005_S_0610: Step 2/10: N4 bias field correction

[Live Progress] Done: 0 | Remaining: 630 | Failed: 0 | ETA: 0.0 min
  Active subjects:
    002_S_4171: Step 3/10: HD-BET skull stripping
    002_S_4213: Step 2/10: N4 bias field correction
    002_S_4225: Step 2/10: N4 bias field correction
    002_S_4229: Step 2/10: N4 bias field correction
    002_S_4270: Step 3/10: HD-BET skull stripping
    002_S_4447: Step 2/10: N4 bias field correction
    002_S_4473: Step 2/10: N4 bias field correction
    002_S_4654: Step 2/10: N4 bias field correction
    002_S_4746: Step 2/10: N4 bias field correction
    002_S_5018: Step 2/10: N4 bias field correction
    003_S_4288: Step 2/10: N4 bias field correction
    003_S_4350: Step 2/10: N4 bias field correction
    003_S_4441: Step 2/10: N4 bias field correction
    003_S_4872: Step 2/10: N4 bias field correction
    003_S_4900: Step 2/10: N4 bias field correction
    005_S_0221: Step 2/10: N4 bias field correction
    005_S_0222: Step 2/10: N4 bias field correction
    005_S_0546: Step 2/10: N4 bias field correction
    005_S_0610: Step 2/10: N4 bias field correction

[Live Progress] Done: 0 | Remaining: 630 | Failed: 0 | ETA: 0.0 min
  Active subjects:
    002_S_4171: Step 3/10: HD-BET skull stripping
    002_S_4213: Step 2/10: N4 bias field correction
    002_S_4225: Step 2/10: N4 bias field correction
    002_S_4229: Step 2/10: N4 bias field correction
    002_S_4270: Step 3/10: HD-BET skull stripping
    002_S_4447: Step 2/10: N4 bias field correction
    002_S_4473: Step 2/10: N4 bias field correction
    002_S_4654: Step 2/10: N4 bias field correction
    002_S_4746: Step 2/10: N4 bias field correction
    002_S_5018: Step 2/10: N4 bias field correction
    003_S_4288: Step 2/10: N4 bias field correction
    003_S_4350: Step 2/10: N4 bias field correction
    003_S_4441: Step 2/10: N4 bias field correction
    003_S_4872: Step 2/10: N4 bias field correction
    003_S_4900: Step 2/10: N4 bias field correction
    005_S_0221: Step 2/10: N4 bias field correction
    005_S_0222: Step 2/10: N4 bias field correction
    005_S_0546: Step 2/10: N4 bias field correction
    005_S_0610: Step 2/10: N4 bias field correction

[Live Progress] Done: 0 | Remaining: 630 | Failed: 0 | ETA: 0.0 min
  Active subjects:
    002_S_4171: Step 3/10: HD-BET skull stripping
    002_S_4213: Step 2/10: N4 bias field correction
    002_S_4225: Step 2/10: N4 bias field correction
    002_S_4229: Step 2/10: N4 bias field correction
    002_S_4270: Step 3/10: HD-BET skull stripping
    002_S_4447: Step 2/10: N4 bias field correction
    002_S_4473: Step 2/10: N4 bias field correction
    002_S_4654: Step 2/10: N4 bias field correction
    002_S_4746: Step 2/10: N4 bias field correction
    002_S_5018: Step 2/10: N4 bias field correction
    003_S_4288: Step 2/10: N4 bias field correction
    003_S_4350: Step 2/10: N4 bias field correction
    003_S_4441: Step 2/10: N4 bias field correction
    003_S_4872: Step 2/10: N4 bias field correction
    003_S_4900: Step 2/10: N4 bias field correction
    005_S_0221: Step 2/10: N4 bias field correction
    005_S_0222: Step 3/10: HD-BET skull stripping
    005_S_0546: Step 2/10: N4 bias field correction
    005_S_0610: Step 2/10: N4 bias field correction

[Live Progress] Done: 0 | Remaining: 630 | Failed: 0 | ETA: 0.0 min
  Active subjects:
    002_S_4171: Step 3/10: HD-BET skull stripping
    002_S_4213: Step 2/10: N4 bias field correction
    002_S_4225: Step 2/10: N4 bias field correction
    002_S_4229: Step 2/10: N4 bias field correction
    002_S_4270: Step 3/10: HD-BET skull stripping
    002_S_4447: Step 2/10: N4 bias field correction
    002_S_4473: Step 2/10: N4 bias field correction
    002_S_4654: Step 2/10: N4 bias field correction
    002_S_4746: Step 2/10: N4 bias field correction
    002_S_5018: Step 2/10: N4 bias field correction
    003_S_4288: Step 2/10: N4 bias field correction
    003_S_4350: Step 2/10: N4 bias field correction
    003_S_4441: Step 2/10: N4 bias field correction
    003_S_4872: Step 2/10: N4 bias field correction
    003_S_4900: Step 2/10: N4 bias field correction
    005_S_0221: Step 2/10: N4 bias field correction
    005_S_0222: Step 3/10: HD-BET skull stripping
    005_S_0546: Step 2/10: N4 bias field correction
    005_S_0610: Step 2/10: N4 bias field correction

[Live Progress] Done: 0 | Remaining: 630 | Failed: 0 | ETA: 0.0 min
  Active subjects:
    002_S_4171: Step 3/10: HD-BET skull stripping
    002_S_4213: Step 2/10: N4 bias field correction
    002_S_4225: Step 2/10: N4 bias field correction
    002_S_4229: Step 2/10: N4 bias field correction
    002_S_4270: Step 3/10: HD-BET skull stripping
    002_S_4447: Step 2/10: N4 bias field correction
    002_S_4473: Step 2/10: N4 bias field correction
    002_S_4654: Step 2/10: N4 bias field correction
    002_S_4746: Step 2/10: N4 bias field correction
    002_S_5018: Step 2/10: N4 bias field correction
    003_S_4288: Step 2/10: N4 bias field correction
    003_S_4350: Step 2/10: N4 bias field correction
    003_S_4441: Step 2/10: N4 bias field correction
    003_S_4872: Step 2/10: N4 bias field correction
    003_S_4900: Step 2/10: N4 bias field correction
    005_S_0221: Step 2/10: N4 bias field correction
    005_S_0222: Step 3/10: HD-BET skull stripping
    005_S_0546: Step 2/10: N4 bias field correction
    005_S_0610: Step 2/10: N4 bias field correction

[Live Progress] Done: 0 | Remaining: 630 | Failed: 0 | ETA: 0.0 min
  Active subjects:
    002_S_4171: Step 3/10: HD-BET skull stripping
    002_S_4213: Step 2/10: N4 bias field correction
    002_S_4225: Step 2/10: N4 bias field correction
    002_S_4229: Step 2/10: N4 bias field correction
    002_S_4270: Step 3/10: HD-BET skull stripping
    002_S_4447: Step 2/10: N4 bias field correction
    002_S_4473: Step 2/10: N4 bias field correction
    002_S_4654: Step 2/10: N4 bias field correction
    002_S_4746: Step 2/10: N4 bias field correction
    002_S_5018: Step 2/10: N4 bias field correction
    003_S_4288: Step 2/10: N4 bias field correction
    003_S_4350: Step 2/10: N4 bias field correction
    003_S_4441: Step 2/10: N4 bias field correction
    003_S_4872: Step 2/10: N4 bias field correction
    003_S_4900: Step 2/10: N4 bias field correction
    005_S_0221: Step 2/10: N4 bias field correction
    005_S_0222: Step 3/10: HD-BET skull stripping
    005_S_0546: Step 2/10: N4 bias field correction
    005_S_0610: Step 2/10: N4 bias field correction

[Live Progress] Done: 0 | Remaining: 630 | Failed: 0 | ETA: 0.0 min
  Active subjects:
    002_S_4171: Step 3/10: HD-BET skull stripping
    002_S_4213: Step 2/10: N4 bias field correction
    002_S_4225: Step 2/10: N4 bias field correction
    002_S_4229: Step 2/10: N4 bias field correction
    002_S_4270: Step 3/10: HD-BET skull stripping
    002_S_4447: Step 2/10: N4 bias field correction
    002_S_4473: Step 2/10: N4 bias field correction
    002_S_4654: Step 2/10: N4 bias field correction
    002_S_4746: Step 2/10: N4 bias field correction
    002_S_5018: Step 2/10: N4 bias field correction
    003_S_4288: Step 2/10: N4 bias field correction
    003_S_4350: Step 2/10: N4 bias field correction
    003_S_4441: Step 2/10: N4 bias field correction
    003_S_4872: Step 2/10: N4 bias field correction
    003_S_4900: Step 2/10: N4 bias field correction
    005_S_0221: Step 2/10: N4 bias field correction
    005_S_0222: Step 3/10: HD-BET skull stripping
    005_S_0546: Step 2/10: N4 bias field correction
    005_S_0610: Step 2/10: N4 bias field correction

[Live Progress] Done: 0 | Remaining: 630 | Failed: 0 | ETA: 0.0 min
  Active subjects:
    002_S_4171: Step 3/10: HD-BET skull stripping
    002_S_4213: Step 2/10: N4 bias field correction
    002_S_4225: Step 2/10: N4 bias field correction
    002_S_4229: Step 2/10: N4 bias field correction
    002_S_4270: Step 3/10: HD-BET skull stripping
    002_S_4447: Step 2/10: N4 bias field correction
    002_S_4473: Step 2/10: N4 bias field correction
    002_S_4654: Step 2/10: N4 bias field correction
    002_S_4746: Step 2/10: N4 bias field correction
    002_S_5018: Step 2/10: N4 bias field correction
    003_S_4288: Step 2/10: N4 bias field correction
    003_S_4350: Step 2/10: N4 bias field correction
    003_S_4441: Step 2/10: N4 bias field correction
    003_S_4872: Step 2/10: N4 bias field correction
    003_S_4900: Step 2/10: N4 bias field correction
    005_S_0221: Step 2/10: N4 bias field correction
    005_S_0222: Step 3/10: HD-BET skull stripping
    005_S_0546: Step 2/10: N4 bias field correction
    005_S_0610: Step 3/10: HD-BET skull stripping

[Live Progress] Done: 0 | Remaining: 630 | Failed: 0 | ETA: 0.0 min
  Active subjects:
    002_S_4171: Step 3/10: HD-BET skull stripping
    002_S_4213: Step 2/10: N4 bias field correction
    002_S_4225: Step 2/10: N4 bias field correction
    002_S_4229: Step 2/10: N4 bias field correction
    002_S_4270: Step 3/10: HD-BET skull stripping
    002_S_4447: Step 2/10: N4 bias field correction
    002_S_4473: Step 2/10: N4 bias field correction
    002_S_4654: Step 2/10: N4 bias field correction
    002_S_4746: Step 2/10: N4 bias field correction
    002_S_5018: Step 2/10: N4 bias field correction
    003_S_4288: Step 2/10: N4 bias field correction
    003_S_4350: Step 2/10: N4 bias field correction
    003_S_4441: Step 2/10: N4 bias field correction
    003_S_4872: Step 2/10: N4 bias field correction
    003_S_4900: Step 2/10: N4 bias field correction
    005_S_0221: Step 2/10: N4 bias field correction
    005_S_0222: Step 3/10: HD-BET skull stripping
    005_S_0546: Step 2/10: N4 bias field correction
    005_S_0610: Step 3/10: HD-BET skull stripping

[Live Progress] Done: 0 | Remaining: 630 | Failed: 0 | ETA: 0.0 min
  Active subjects:
    002_S_4171: Step 3/10: HD-BET skull stripping
    002_S_4213: Step 2/10: N4 bias field correction
    002_S_4225: Step 2/10: N4 bias field correction
    002_S_4229: Step 2/10: N4 bias field correction
    002_S_4270: Step 3/10: HD-BET skull stripping
    002_S_4447: Step 2/10: N4 bias field correction
    002_S_4473: Step 2/10: N4 bias field correction
    002_S_4654: Step 2/10: N4 bias field correction
    002_S_4746: Step 2/10: N4 bias field correction
    002_S_5018: Step 2/10: N4 bias field correction
    003_S_4288: Step 2/10: N4 bias field correction
    003_S_4350: Step 2/10: N4 bias field correction
    003_S_4441: Step 2/10: N4 bias field correction
    003_S_4872: Step 2/10: N4 bias field correction
    003_S_4900: Step 2/10: N4 bias field correction
    005_S_0221: Step 2/10: N4 bias field correction
    005_S_0222: Step 3/10: HD-BET skull stripping
    005_S_0546: Step 2/10: N4 bias field correction
    005_S_0610: Step 3/10: HD-BET skull stripping

[Live Progress] Done: 0 | Remaining: 630 | Failed: 0 | ETA: 0.0 min
  Active subjects:
    002_S_4171: Step 3/10: HD-BET skull stripping
    002_S_4213: Step 2/10: N4 bias field correction
    002_S_4225: Step 2/10: N4 bias field correction
    002_S_4229: Step 2/10: N4 bias field correction
    002_S_4270: Step 3/10: HD-BET skull stripping
    002_S_4447: Step 2/10: N4 bias field correction
    002_S_4473: Step 2/10: N4 bias field correction
    002_S_4654: Step 2/10: N4 bias field correction
    002_S_4746: Step 2/10: N4 bias field correction
    002_S_5018: Step 2/10: N4 bias field correction
    003_S_4288: Step 2/10: N4 bias field correction
    003_S_4350: Step 2/10: N4 bias field correction
    003_S_4441: Step 2/10: N4 bias field correction
    003_S_4872: Step 2/10: N4 bias field correction
    003_S_4900: Step 2/10: N4 bias field correction
    005_S_0221: Step 2/10: N4 bias field correction
    005_S_0222: Step 3/10: HD-BET skull stripping
    005_S_0546: Step 2/10: N4 bias field correction
    005_S_0610: Step 3/10: HD-BET skull stripping

[Live Progress] Done: 0 | Remaining: 630 | Failed: 0 | ETA: 0.0 min
  Active subjects:
    002_S_4171: Step 3/10: HD-BET skull stripping
    002_S_4213: Step 2/10: N4 bias field correction
    002_S_4225: Step 2/10: N4 bias field correction
    002_S_4229: Step 2/10: N4 bias field correction
    002_S_4270: Step 3/10: HD-BET skull stripping
    002_S_4447: Step 2/10: N4 bias field correction
    002_S_4473: Step 2/10: N4 bias field correction
    002_S_4654: Step 2/10: N4 bias field correction
    002_S_4746: Step 2/10: N4 bias field correction
    002_S_5018: Step 2/10: N4 bias field correction
    003_S_4288: Step 2/10: N4 bias field correction
    003_S_4350: Step 2/10: N4 bias field correction
    003_S_4441: Step 2/10: N4 bias field correction
    003_S_4872: Step 2/10: N4 bias field correction
    003_S_4900: Step 2/10: N4 bias field correction
    005_S_0221: Step 2/10: N4 bias field correction
    005_S_0222: Step 3/10: HD-BET skull stripping
    005_S_0546: Step 2/10: N4 bias field correction
    005_S_0610: Step 3/10: HD-BET skull stripping

[Live Progress] Done: 0 | Remaining: 630 | Failed: 0 | ETA: 0.0 min
  Active subjects:
    002_S_4171: Step 3/10: HD-BET skull stripping
    002_S_4213: Step 2/10: N4 bias field correction
    002_S_4225: Step 2/10: N4 bias field correction
    002_S_4229: Step 2/10: N4 bias field correction
    002_S_4270: Step 3/10: HD-BET skull stripping
    002_S_4447: Step 2/10: N4 bias field correction
    002_S_4473: Step 2/10: N4 bias field correction
    002_S_4654: Step 2/10: N4 bias field correction
    002_S_4746: Step 2/10: N4 bias field correction
    002_S_5018: Step 2/10: N4 bias field correction
    003_S_4288: Step 2/10: N4 bias field correction
    003_S_4350: Step 2/10: N4 bias field correction
    003_S_4441: Step 2/10: N4 bias field correction
    003_S_4872: Step 2/10: N4 bias field correction
    003_S_4900: Step 2/10: N4 bias field correction
    005_S_0221: Step 2/10: N4 bias field correction
    005_S_0222: Step 3/10: HD-BET skull stripping
    005_S_0546: Step 2/10: N4 bias field correction
    005_S_0610: Step 3/10: HD-BET skull stripping

[Live Progress] Done: 0 | Remaining: 630 | Failed: 0 | ETA: 0.0 min
  Active subjects:
    002_S_4171: Step 3/10: HD-BET skull stripping
    002_S_4213: Step 2/10: N4 bias field correction
    002_S_4225: Step 2/10: N4 bias field correction
    002_S_4229: Step 2/10: N4 bias field correction
    002_S_4270: Step 3/10: HD-BET skull stripping
    002_S_4447: Step 2/10: N4 bias field correction
    002_S_4473: Step 2/10: N4 bias field correction
    002_S_4654: Step 2/10: N4 bias field correction
    002_S_4746: Step 2/10: N4 bias field correction
    002_S_5018: Step 2/10: N4 bias field correction
    003_S_4288: Step 2/10: N4 bias field correction
    003_S_4350: Step 2/10: N4 bias field correction
    003_S_4441: Step 2/10: N4 bias field correction
    003_S_4872: Step 2/10: N4 bias field correction
    003_S_4900: Step 2/10: N4 bias field correction
    005_S_0221: Step 2/10: N4 bias field correction
    005_S_0222: Step 3/10: HD-BET skull stripping
    005_S_0546: Step 2/10: N4 bias field correction
    005_S_0610: Step 3/10: HD-BET skull stripping

[Live Progress] Done: 0 | Remaining: 630 | Failed: 0 | ETA: 0.0 min
  Active subjects:
    002_S_4171: Step 3/10: HD-BET skull stripping
    002_S_4213: Step 2/10: N4 bias field correction
    002_S_4225: Step 2/10: N4 bias field correction
    002_S_4229: Step 2/10: N4 bias field correction
    002_S_4270: Step 3/10: HD-BET skull stripping
    002_S_4447: Step 2/10: N4 bias field correction
    002_S_4473: Step 2/10: N4 bias field correction
    002_S_4654: Step 2/10: N4 bias field correction
    002_S_4746: Step 2/10: N4 bias field correction
    002_S_5018: Step 2/10: N4 bias field correction
    003_S_4288: Step 2/10: N4 bias field correction
    003_S_4350: Step 2/10: N4 bias field correction
    003_S_4441: Step 2/10: N4 bias field correction
    003_S_4872: Step 2/10: N4 bias field correction
    003_S_4900: Step 2/10: N4 bias field correction
    005_S_0221: Step 2/10: N4 bias field correction
    005_S_0222: Step 3/10: HD-BET skull stripping
    005_S_0546: Step 2/10: N4 bias field correction
    005_S_0610: Step 3/10: HD-BET skull stripping

[Live Progress] Done: 0 | Remaining: 630 | Failed: 0 | ETA: 0.0 min
  Active subjects:
    002_S_4171: Step 3/10: HD-BET skull stripping
    002_S_4213: Step 2/10: N4 bias field correction
    002_S_4225: Step 2/10: N4 bias field correction
    002_S_4229: Step 2/10: N4 bias field correction
    002_S_4270: Step 3/10: HD-BET skull stripping
    002_S_4447: Step 2/10: N4 bias field correction
    002_S_4473: Step 2/10: N4 bias field correction
    002_S_4654: Step 2/10: N4 bias field correction
    002_S_4746: Step 2/10: N4 bias field correction
    002_S_5018: Step 2/10: N4 bias field correction
    003_S_4288: Step 2/10: N4 bias field correction
    003_S_4350: Step 2/10: N4 bias field correction
    003_S_4441: Step 2/10: N4 bias field correction
    003_S_4872: Step 2/10: N4 bias field correction
    003_S_4900: Step 2/10: N4 bias field correction
    005_S_0221: Step 2/10: N4 bias field correction
    005_S_0222: Step 3/10: HD-BET skull stripping
    005_S_0546: Step 2/10: N4 bias field correction
    005_S_0610: Step 3/10: HD-BET skull stripping

[Live Progress] Done: 0 | Remaining: 630 | Failed: 0 | ETA: 0.0 min
  Active subjects:
    002_S_4171: Step 3/10: HD-BET skull stripping
    002_S_4213: Step 2/10: N4 bias field correction
    002_S_4225: Step 2/10: N4 bias field correction
    002_S_4229: Step 2/10: N4 bias field correction
    002_S_4270: Step 3/10: HD-BET skull stripping
    002_S_4447: Step 2/10: N4 bias field correction
    002_S_4473: Step 2/10: N4 bias field correction
    002_S_4654: Step 2/10: N4 bias field correction
    002_S_4746: Step 2/10: N4 bias field correction
    002_S_5018: Step 2/10: N4 bias field correction
    003_S_4288: Step 2/10: N4 bias field correction
    003_S_4350: Step 2/10: N4 bias field correction
    003_S_4441: Step 2/10: N4 bias field correction
    003_S_4872: Step 2/10: N4 bias field correction
    003_S_4900: Step 2/10: N4 bias field correction
    005_S_0221: Step 2/10: N4 bias field correction
    005_S_0222: Step 3/10: HD-BET skull stripping
    005_S_0546: Step 2/10: N4 bias field correction
    005_S_0610: Step 3/10: HD-BET skull stripping

[Live Progress] Done: 0 | Remaining: 630 | Failed: 0 | ETA: 0.0 min
  Active subjects:
    002_S_4171: Step 3/10: HD-BET skull stripping
    002_S_4213: Step 2/10: N4 bias field correction
    002_S_4225: Step 2/10: N4 bias field correction
    002_S_4229: Step 2/10: N4 bias field correction
    002_S_4270: Step 3/10: HD-BET skull stripping
    002_S_4447: Step 2/10: N4 bias field correction
    002_S_4473: Step 2/10: N4 bias field correction
    002_S_4654: Step 2/10: N4 bias field correction
    002_S_4746: Step 2/10: N4 bias field correction
    002_S_5018: Step 2/10: N4 bias field correction
    003_S_4288: Step 2/10: N4 bias field correction
    003_S_4350: Step 2/10: N4 bias field correction
    003_S_4441: Step 2/10: N4 bias field correction
    003_S_4872: Step 2/10: N4 bias field correction
    003_S_4900: Step 2/10: N4 bias field correction
    005_S_0221: Step 2/10: N4 bias field correction
    005_S_0222: Step 3/10: HD-BET skull stripping
    005_S_0546: Step 2/10: N4 bias field correction
    005_S_0610: Step 3/10: HD-BET skull stripping

[Live Progress] Done: 0 | Remaining: 630 | Failed: 0 | ETA: 0.0 min
  Active subjects:
    002_S_4171: Step 3/10: HD-BET skull stripping
    002_S_4213: Step 2/10: N4 bias field correction
    002_S_4225: Step 2/10: N4 bias field correction
    002_S_4229: Step 2/10: N4 bias field correction
    002_S_4270: Step 3/10: HD-BET skull stripping
    002_S_4447: Step 2/10: N4 bias field correction
    002_S_4473: Step 2/10: N4 bias field correction
    002_S_4654: Step 2/10: N4 bias field correction
    002_S_4746: Step 2/10: N4 bias field correction
    002_S_5018: Step 2/10: N4 bias field correction
    003_S_4288: Step 2/10: N4 bias field correction
    003_S_4350: Step 2/10: N4 bias field correction
    003_S_4441: Step 2/10: N4 bias field correction
    003_S_4872: Step 2/10: N4 bias field correction
    003_S_4900: Step 2/10: N4 bias field correction
    005_S_0221: Step 2/10: N4 bias field correction
    005_S_0222: Step 3/10: HD-BET skull stripping
    005_S_0546: Step 2/10: N4 bias field correction
    005_S_0610: Step 3/10: HD-BET skull stripping

[Live Progress] Done: 0 | Remaining: 630 | Failed: 0 | ETA: 0.0 min
  Active subjects:
    002_S_4171: Step 3/10: HD-BET skull stripping
    002_S_4213: Step 2/10: N4 bias field correction
    002_S_4225: Step 2/10: N4 bias field correction
    002_S_4229: Step 2/10: N4 bias field correction
    002_S_4270: Step 3/10: HD-BET skull stripping
    002_S_4447: Step 2/10: N4 bias field correction
    002_S_4473: Step 2/10: N4 bias field correction
    002_S_4654: Step 2/10: N4 bias field correction
    002_S_4746: Step 2/10: N4 bias field correction
    002_S_5018: Step 2/10: N4 bias field correction
    003_S_4288: Step 2/10: N4 bias field correction
    003_S_4350: Step 2/10: N4 bias field correction
    003_S_4441: Step 2/10: N4 bias field correction
    003_S_4872: Step 2/10: N4 bias field correction
    003_S_4900: Step 2/10: N4 bias field correction
    005_S_0221: Step 2/10: N4 bias field correction
    005_S_0222: Step 3/10: HD-BET skull stripping
    005_S_0546: Step 2/10: N4 bias field correction
    005_S_0610: Step 3/10: HD-BET skull stripping

[Live Progress] Done: 0 | Remaining: 630 | Failed: 0 | ETA: 0.0 min
  Active subjects:
    002_S_4171: Step 3/10: HD-BET skull stripping
    002_S_4213: Step 2/10: N4 bias field correction
    002_S_4225: Step 2/10: N4 bias field correction
    002_S_4229: Step 2/10: N4 bias field correction
    002_S_4270: Step 3/10: HD-BET skull stripping
    002_S_4447: Step 2/10: N4 bias field correction
    002_S_4473: Step 2/10: N4 bias field correction
    002_S_4654: Step 2/10: N4 bias field correction
    002_S_4746: Step 2/10: N4 bias field correction
    002_S_5018: Step 2/10: N4 bias field correction
    003_S_4288: Step 2/10: N4 bias field correction
    003_S_4350: Step 2/10: N4 bias field correction
    003_S_4441: Step 2/10: N4 bias field correction
    003_S_4872: Step 2/10: N4 bias field correction
    003_S_4900: Step 2/10: N4 bias field correction
    005_S_0221: Step 2/10: N4 bias field correction
    005_S_0222: Step 3/10: HD-BET skull stripping
    005_S_0546: Step 2/10: N4 bias field correction
    005_S_0610: Step 3/10: HD-BET skull stripping

[Live Progress] Done: 0 | Remaining: 630 | Failed: 0 | ETA: 0.0 min
  Active subjects:
    002_S_4171: Step 3/10: HD-BET skull stripping
    002_S_4213: Step 2/10: N4 bias field correction
    002_S_4225: Step 2/10: N4 bias field correction
    002_S_4229: Step 2/10: N4 bias field correction
    002_S_4270: Step 3/10: HD-BET skull stripping
    002_S_4447: Step 2/10: N4 bias field correction
    002_S_4473: Step 2/10: N4 bias field correction
    002_S_4654: Step 2/10: N4 bias field correction
    002_S_4746: Step 2/10: N4 bias field correction
    002_S_5018: Step 2/10: N4 bias field correction
    003_S_4288: Step 2/10: N4 bias field correction
    003_S_4350: Step 2/10: N4 bias field correction
    003_S_4441: Step 2/10: N4 bias field correction
    003_S_4872: Step 2/10: N4 bias field correction
    003_S_4900: Step 2/10: N4 bias field correction
    005_S_0221: Step 2/10: N4 bias field correction
    005_S_0222: Step 3/10: HD-BET skull stripping
    005_S_0546: Step 2/10: N4 bias field correction
    005_S_0610: Step 3/10: HD-BET skull stripping

[Live Progress] Done: 0 | Remaining: 630 | Failed: 0 | ETA: 0.0 min
  Active subjects:
    002_S_4171: Step 3/10: HD-BET skull stripping
    002_S_4213: Step 2/10: N4 bias field correction
    002_S_4225: Step 2/10: N4 bias field correction
    002_S_4229: Step 2/10: N4 bias field correction
    002_S_4270: Step 3/10: HD-BET skull stripping
    002_S_4447: Step 2/10: N4 bias field correction
    002_S_4473: Step 2/10: N4 bias field correction
    002_S_4654: Step 2/10: N4 bias field correction
    002_S_4746: Step 2/10: N4 bias field correction
    002_S_5018: Step 2/10: N4 bias field correction
    003_S_4288: Step 2/10: N4 bias field correction
    003_S_4350: Step 2/10: N4 bias field correction
    003_S_4441: Step 2/10: N4 bias field correction
    003_S_4872: Step 2/10: N4 bias field correction
    003_S_4900: Step 2/10: N4 bias field correction
    005_S_0221: Step 2/10: N4 bias field correction
    005_S_0222: Step 3/10: HD-BET skull stripping
    005_S_0546: Step 2/10: N4 bias field correction
    005_S_0610: Step 3/10: HD-BET skull stripping

[Live Progress] Done: 0 | Remaining: 630 | Failed: 0 | ETA: 0.0 min
  Active subjects:
    002_S_4171: Step 3/10: HD-BET skull stripping
    002_S_4213: Step 2/10: N4 bias field correction
    002_S_4225: Step 2/10: N4 bias field correction
    002_S_4229: Step 2/10: N4 bias field correction
    002_S_4270: Step 3/10: HD-BET skull stripping
    002_S_4447: Step 2/10: N4 bias field correction
    002_S_4473: Step 2/10: N4 bias field correction
    002_S_4654: Step 2/10: N4 bias field correction
    002_S_4746: Step 2/10: N4 bias field correction
    002_S_5018: Step 2/10: N4 bias field correction
    003_S_4288: Step 2/10: N4 bias field correction
    003_S_4350: Step 2/10: N4 bias field correction
    003_S_4441: Step 2/10: N4 bias field correction
    003_S_4872: Step 2/10: N4 bias field correction
    003_S_4900: Step 2/10: N4 bias field correction
    005_S_0221: Step 2/10: N4 bias field correction
    005_S_0222: Step 3/10: HD-BET skull stripping
    005_S_0546: Step 2/10: N4 bias field correction
    005_S_0610: Step 3/10: HD-BET skull stripping

[Live Progress] Done: 0 | Remaining: 630 | Failed: 0 | ETA: 0.0 min
  Active subjects:
    002_S_4171: Step 3/10: HD-BET skull stripping
    002_S_4213: Step 2/10: N4 bias field correction
    002_S_4225: Step 2/10: N4 bias field correction
    002_S_4229: Step 2/10: N4 bias field correction
    002_S_4270: Step 3/10: HD-BET skull stripping
    002_S_4447: Step 2/10: N4 bias field correction
    002_S_4473: Step 2/10: N4 bias field correction
    002_S_4654: Step 2/10: N4 bias field correction
    002_S_4746: Step 2/10: N4 bias field correction
    002_S_5018: Step 2/10: N4 bias field correction
    003_S_4288: Step 2/10: N4 bias field correction
    003_S_4350: Step 2/10: N4 bias field correction
    003_S_4441: Step 2/10: N4 bias field correction
    003_S_4872: Step 2/10: N4 bias field correction
    003_S_4900: Step 2/10: N4 bias field correction
    005_S_0221: Step 2/10: N4 bias field correction
    005_S_0222: Step 3/10: HD-BET skull stripping
    005_S_0546: Step 2/10: N4 bias field correction
    005_S_0610: Step 3/10: HD-BET skull stripping

[Live Progress] Done: 0 | Remaining: 630 | Failed: 0 | ETA: 0.0 min
  Active subjects:
    002_S_4171: Step 3/10: HD-BET skull stripping
    002_S_4213: Step 2/10: N4 bias field correction
    002_S_4225: Step 2/10: N4 bias field correction
    002_S_4229: Step 2/10: N4 bias field correction
    002_S_4270: Step 3/10: HD-BET skull stripping
    002_S_4447: Step 2/10: N4 bias field correction
    002_S_4473: Step 2/10: N4 bias field correction
    002_S_4654: Step 2/10: N4 bias field correction
    002_S_4746: Step 2/10: N4 bias field correction
    002_S_5018: Step 2/10: N4 bias field correction
    003_S_4288: Step 2/10: N4 bias field correction
    003_S_4350: Step 2/10: N4 bias field correction
    003_S_4441: Step 2/10: N4 bias field correction
    003_S_4872: Step 2/10: N4 bias field correction
    003_S_4900: Step 2/10: N4 bias field correction
    005_S_0221: Step 3/10: HD-BET skull stripping
    005_S_0222: Step 3/10: HD-BET skull stripping
    005_S_0546: Step 2/10: N4 bias field correction
    005_S_0610: Step 3/10: HD-BET skull stripping

[Live Progress] Done: 0 | Remaining: 630 | Failed: 0 | ETA: 0.0 min
  Active subjects:
    002_S_4171: Step 3/10: HD-BET skull stripping
    002_S_4213: Step 2/10: N4 bias field correction
    002_S_4225: Step 2/10: N4 bias field correction
    002_S_4229: Step 2/10: N4 bias field correction
    002_S_4270: Step 3/10: HD-BET skull stripping
    002_S_4447: Step 2/10: N4 bias field correction
    002_S_4473: Step 2/10: N4 bias field correction
    002_S_4654: Step 2/10: N4 bias field correction
    002_S_4746: Step 2/10: N4 bias field correction
    002_S_5018: Step 2/10: N4 bias field correction
    003_S_4288: Step 2/10: N4 bias field correction
    003_S_4350: Step 2/10: N4 bias field correction
    003_S_4441: Step 2/10: N4 bias field correction
    003_S_4872: Step 2/10: N4 bias field correction
    003_S_4900: Step 2/10: N4 bias field correction
    005_S_0221: Step 3/10: HD-BET skull stripping
    005_S_0222: Step 3/10: HD-BET skull stripping
    005_S_0546: Step 2/10: N4 bias field correction
    005_S_0610: Step 3/10: HD-BET skull stripping

[Live Progress] Done: 0 | Remaining: 630 | Failed: 0 | ETA: 0.0 min
  Active subjects:
    002_S_4171: Step 3/10: HD-BET skull stripping
    002_S_4213: Step 2/10: N4 bias field correction
    002_S_4225: Step 2/10: N4 bias field correction
    002_S_4229: Step 2/10: N4 bias field correction
    002_S_4270: Step 3/10: HD-BET skull stripping
    002_S_4447: Step 2/10: N4 bias field correction
    002_S_4473: Step 2/10: N4 bias field correction
    002_S_4654: Step 2/10: N4 bias field correction
    002_S_4746: Step 2/10: N4 bias field correction
    002_S_5018: Step 2/10: N4 bias field correction
    003_S_4288: Step 2/10: N4 bias field correction
    003_S_4350: Step 2/10: N4 bias field correction
    003_S_4441: Step 2/10: N4 bias field correction
    003_S_4872: Step 2/10: N4 bias field correction
    003_S_4900: Step 2/10: N4 bias field correction
    005_S_0221: Step 3/10: HD-BET skull stripping
    005_S_0222: Step 3/10: HD-BET skull stripping
    005_S_0546: Step 2/10: N4 bias field correction
    005_S_0610: Step 3/10: HD-BET skull stripping

[Live Progress] Done: 0 | Remaining: 630 | Failed: 0 | ETA: 0.0 min
  Active subjects:
    002_S_4171: Step 3/10: HD-BET skull stripping
    002_S_4213: Step 2/10: N4 bias field correction
    002_S_4225: Step 2/10: N4 bias field correction
    002_S_4229: Step 2/10: N4 bias field correction
    002_S_4270: Step 3/10: HD-BET skull stripping
    002_S_4447: Step 2/10: N4 bias field correction
    002_S_4473: Step 2/10: N4 bias field correction
    002_S_4654: Step 2/10: N4 bias field correction
    002_S_4746: Step 2/10: N4 bias field correction
    002_S_5018: Step 2/10: N4 bias field correction
    003_S_4288: Step 2/10: N4 bias field correction
    003_S_4350: Step 2/10: N4 bias field correction
    003_S_4441: Step 2/10: N4 bias field correction
    003_S_4872: Step 2/10: N4 bias field correction
    003_S_4900: Step 2/10: N4 bias field correction
    005_S_0221: Step 3/10: HD-BET skull stripping
    005_S_0222: Step 3/10: HD-BET skull stripping
    005_S_0546: Step 2/10: N4 bias field correction
    005_S_0610: Step 3/10: HD-BET skull stripping

[Live Progress] Done: 0 | Remaining: 630 | Failed: 0 | ETA: 0.0 min
  Active subjects:
    002_S_4171: Step 3/10: HD-BET skull stripping
    002_S_4213: Step 3/10: HD-BET skull stripping
    002_S_4225: Step 2/10: N4 bias field correction
    002_S_4229: Step 2/10: N4 bias field correction
    002_S_4270: Step 3/10: HD-BET skull stripping
    002_S_4447: Step 2/10: N4 bias field correction
    002_S_4473: Step 2/10: N4 bias field correction
    002_S_4654: Step 2/10: N4 bias field correction
    002_S_4746: Step 2/10: N4 bias field correction
    002_S_5018: Step 2/10: N4 bias field correction
    003_S_4288: Step 2/10: N4 bias field correction
    003_S_4350: Step 2/10: N4 bias field correction
    003_S_4441: Step 2/10: N4 bias field correction
    003_S_4872: Step 2/10: N4 bias field correction
    003_S_4900: Step 2/10: N4 bias field correction
    005_S_0221: Step 3/10: HD-BET skull stripping
    005_S_0222: Step 3/10: HD-BET skull stripping
    005_S_0546: Step 2/10: N4 bias field correction
    005_S_0610: Step 3/10: HD-BET skull stripping

[Live Progress] Done: 0 | Remaining: 630 | Failed: 0 | ETA: 0.0 min
  Active subjects:
    002_S_4171: Step 3/10: HD-BET skull stripping
    002_S_4213: Step 3/10: HD-BET skull stripping
    002_S_4225: Step 2/10: N4 bias field correction
    002_S_4229: Step 2/10: N4 bias field correction
    002_S_4270: Step 3/10: HD-BET skull stripping
    002_S_4447: Step 2/10: N4 bias field correction
    002_S_4473: Step 2/10: N4 bias field correction
    002_S_4654: Step 2/10: N4 bias field correction
    002_S_4746: Step 2/10: N4 bias field correction
    002_S_5018: Step 2/10: N4 bias field correction
    003_S_4288: Step 2/10: N4 bias field correction
    003_S_4350: Step 2/10: N4 bias field correction
    003_S_4441: Step 2/10: N4 bias field correction
    003_S_4872: Step 2/10: N4 bias field correction
    003_S_4900: Step 2/10: N4 bias field correction
    005_S_0221: Step 3/10: HD-BET skull stripping
    005_S_0222: Step 3/10: HD-BET skull stripping
    005_S_0546: Step 2/10: N4 bias field correction
    005_S_0610: Step 3/10: HD-BET skull stripping

[Live Progress] Done: 0 | Remaining: 630 | Failed: 0 | ETA: 0.0 min
  Active subjects:
    002_S_4171: Step 3/10: HD-BET skull stripping
    002_S_4213: Step 3/10: HD-BET skull stripping
    002_S_4225: Step 2/10: N4 bias field correction
    002_S_4229: Step 2/10: N4 bias field correction
    002_S_4270: Step 3/10: HD-BET skull stripping
    002_S_4447: Step 2/10: N4 bias field correction
    002_S_4473: Step 2/10: N4 bias field correction
    002_S_4654: Step 2/10: N4 bias field correction
    002_S_4746: Step 2/10: N4 bias field correction
    002_S_5018: Step 2/10: N4 bias field correction
    003_S_4288: Step 2/10: N4 bias field correction
    003_S_4350: Step 2/10: N4 bias field correction
    003_S_4441: Step 2/10: N4 bias field correction
    003_S_4872: Step 2/10: N4 bias field correction
    003_S_4900: Step 2/10: N4 bias field correction
    005_S_0221: Step 3/10: HD-BET skull stripping
    005_S_0222: Step 3/10: HD-BET skull stripping
    005_S_0546: Step 2/10: N4 bias field correction
    005_S_0610: Step 3/10: HD-BET skull stripping

[Live Progress] Done: 0 | Remaining: 630 | Failed: 0 | ETA: 0.0 min
  Active subjects:
    002_S_4171: Step 3/10: HD-BET skull stripping
    002_S_4213: Step 3/10: HD-BET skull stripping
    002_S_4225: Step 2/10: N4 bias field correction
    002_S_4229: Step 2/10: N4 bias field correction
    002_S_4270: Step 3/10: HD-BET skull stripping
    002_S_4447: Step 2/10: N4 bias field correction
    002_S_4473: Step 2/10: N4 bias field correction
    002_S_4654: Step 2/10: N4 bias field correction
    002_S_4746: Step 2/10: N4 bias field correction
    002_S_5018: Step 2/10: N4 bias field correction
    003_S_4288: Step 2/10: N4 bias field correction
    003_S_4350: Step 2/10: N4 bias field correction
    003_S_4441: Step 2/10: N4 bias field correction
    003_S_4872: Step 2/10: N4 bias field correction
    003_S_4900: Step 2/10: N4 bias field correction
    005_S_0221: Step 3/10: HD-BET skull stripping
    005_S_0222: Step 3/10: HD-BET skull stripping
    005_S_0546: Step 2/10: N4 bias field correction
    005_S_0610: Step 3/10: HD-BET skull stripping

[Live Progress] Done: 0 | Remaining: 630 | Failed: 0 | ETA: 0.0 min
  Active subjects:
    002_S_4171: Step 3/10: HD-BET skull stripping
    002_S_4213: Step 3/10: HD-BET skull stripping
    002_S_4225: Step 2/10: N4 bias field correction
    002_S_4229: Step 2/10: N4 bias field correction
    002_S_4270: Step 3/10: HD-BET skull stripping
    002_S_4447: Step 2/10: N4 bias field correction
    002_S_4473: Step 2/10: N4 bias field correction
    002_S_4654: Step 2/10: N4 bias field correction
    002_S_4746: Step 2/10: N4 bias field correction
    002_S_5018: Step 2/10: N4 bias field correction
    003_S_4288: Step 2/10: N4 bias field correction
    003_S_4350: Step 2/10: N4 bias field correction
    003_S_4441: Step 2/10: N4 bias field correction
    003_S_4872: Step 2/10: N4 bias field correction
    003_S_4900: Step 2/10: N4 bias field correction
    005_S_0221: Step 3/10: HD-BET skull stripping
    005_S_0222: Step 3/10: HD-BET skull stripping
    005_S_0546: Step 2/10: N4 bias field correction
    005_S_0610: Step 3/10: HD-BET skull stripping

[Live Progress] Done: 0 | Remaining: 630 | Failed: 0 | ETA: 0.0 min
  Active subjects:
    002_S_4171: Step 3/10: HD-BET skull stripping
    002_S_4213: Step 3/10: HD-BET skull stripping
    002_S_4225: Step 2/10: N4 bias field correction
    002_S_4229: Step 2/10: N4 bias field correction
    002_S_4270: Step 3/10: HD-BET skull stripping
    002_S_4447: Step 2/10: N4 bias field correction
    002_S_4473: Step 2/10: N4 bias field correction
    002_S_4654: Step 2/10: N4 bias field correction
    002_S_4746: Step 2/10: N4 bias field correction
    002_S_5018: Step 2/10: N4 bias field correction
    003_S_4288: Step 2/10: N4 bias field correction
    003_S_4350: Step 2/10: N4 bias field correction
    003_S_4441: Step 2/10: N4 bias field correction
    003_S_4872: Step 2/10: N4 bias field correction
    003_S_4900: Step 2/10: N4 bias field correction
    005_S_0221: Step 3/10: HD-BET skull stripping
    005_S_0222: Step 3/10: HD-BET skull stripping
    005_S_0546: Step 2/10: N4 bias field correction
    005_S_0610: Step 3/10: HD-BET skull stripping

[Live Progress] Done: 0 | Remaining: 630 | Failed: 0 | ETA: 0.0 min
  Active subjects:
    002_S_4171: Step 3/10: HD-BET skull stripping
    002_S_4213: Step 3/10: HD-BET skull stripping
    002_S_4225: Step 2/10: N4 bias field correction
    002_S_4229: Step 2/10: N4 bias field correction
    002_S_4270: Step 3/10: HD-BET skull stripping
    002_S_4447: Step 2/10: N4 bias field correction
    002_S_4473: Step 2/10: N4 bias field correction
    002_S_4654: Step 2/10: N4 bias field correction
    002_S_4746: Step 2/10: N4 bias field correction
    002_S_5018: Step 2/10: N4 bias field correction
    003_S_4288: Step 2/10: N4 bias field correction
    003_S_4350: Step 2/10: N4 bias field correction
    003_S_4441: Step 2/10: N4 bias field correction
    003_S_4872: Step 2/10: N4 bias field correction
    003_S_4900: Step 2/10: N4 bias field correction
    005_S_0221: Step 3/10: HD-BET skull stripping
    005_S_0222: Step 3/10: HD-BET skull stripping
    005_S_0546: Step 2/10: N4 bias field correction
    005_S_0610: Step 3/10: HD-BET skull stripping

[Live Progress] Done: 0 | Remaining: 630 | Failed: 0 | ETA: 0.0 min
  Active subjects:
    002_S_4171: Step 3/10: HD-BET skull stripping
    002_S_4213: Step 3/10: HD-BET skull stripping
    002_S_4225: Step 2/10: N4 bias field correction
    002_S_4229: Step 2/10: N4 bias field correction
    002_S_4270: Step 3/10: HD-BET skull stripping
    002_S_4447: Step 2/10: N4 bias field correction
    002_S_4473: Step 2/10: N4 bias field correction
    002_S_4654: Step 2/10: N4 bias field correction
    002_S_4746: Step 2/10: N4 bias field correction
    002_S_5018: Step 2/10: N4 bias field correction
    003_S_4288: Step 2/10: N4 bias field correction
    003_S_4350: Step 2/10: N4 bias field correction
    003_S_4441: Step 2/10: N4 bias field correction
    003_S_4872: Step 2/10: N4 bias field correction
    003_S_4900: Step 2/10: N4 bias field correction
    005_S_0221: Step 3/10: HD-BET skull stripping
    005_S_0222: Step 3/10: HD-BET skull stripping
    005_S_0546: Step 2/10: N4 bias field correction
    005_S_0610: Step 3/10: HD-BET skull stripping

[Live Progress] Done: 0 | Remaining: 630 | Failed: 0 | ETA: 0.0 min
  Active subjects:
    002_S_4171: Step 3/10: HD-BET skull stripping
    002_S_4213: Step 3/10: HD-BET skull stripping
    002_S_4225: Step 2/10: N4 bias field correction
    002_S_4229: Step 2/10: N4 bias field correction
    002_S_4270: Step 3/10: HD-BET skull stripping
    002_S_4447: Step 2/10: N4 bias field correction
    002_S_4473: Step 2/10: N4 bias field correction
    002_S_4654: Step 2/10: N4 bias field correction
    002_S_4746: Step 2/10: N4 bias field correction
    002_S_5018: Step 2/10: N4 bias field correction
    003_S_4288: Step 2/10: N4 bias field correction
    003_S_4350: Step 2/10: N4 bias field correction
    003_S_4441: Step 2/10: N4 bias field correction
    003_S_4872: Step 2/10: N4 bias field correction
    003_S_4900: Step 2/10: N4 bias field correction
    005_S_0221: Step 3/10: HD-BET skull stripping
    005_S_0222: Step 3/10: HD-BET skull stripping
    005_S_0546: Step 2/10: N4 bias field correction
    005_S_0610: Step 3/10: HD-BET skull stripping

[Live Progress] Done: 0 | Remaining: 630 | Failed: 0 | ETA: 0.0 min
  Active subjects:
    002_S_4171: Step 3/10: HD-BET skull stripping
    002_S_4213: Step 3/10: HD-BET skull stripping
    002_S_4225: Step 2/10: N4 bias field correction
    002_S_4229: Step 2/10: N4 bias field correction
    002_S_4270: Step 3/10: HD-BET skull stripping
    002_S_4447: Step 2/10: N4 bias field correction
    002_S_4473: Step 2/10: N4 bias field correction
    002_S_4654: Step 2/10: N4 bias field correction
    002_S_4746: Step 2/10: N4 bias field correction
    002_S_5018: Step 2/10: N4 bias field correction
    003_S_4288: Step 2/10: N4 bias field correction
    003_S_4350: Step 2/10: N4 bias field correction
    003_S_4441: Step 2/10: N4 bias field correction
    003_S_4872: Step 2/10: N4 bias field correction
    003_S_4900: Step 2/10: N4 bias field correction
    005_S_0221: Step 3/10: HD-BET skull stripping
    005_S_0222: Step 3/10: HD-BET skull stripping
    005_S_0546: Step 2/10: N4 bias field correction
    005_S_0610: Step 3/10: HD-BET skull stripping

[Live Progress] Done: 0 | Remaining: 630 | Failed: 0 | ETA: 0.0 min
  Active subjects:
    002_S_4171: Step 3/10: HD-BET skull stripping
    002_S_4213: Step 3/10: HD-BET skull stripping
    002_S_4225: Step 2/10: N4 bias field correction
    002_S_4229: Step 2/10: N4 bias field correction
    002_S_4270: Step 3/10: HD-BET skull stripping
    002_S_4447: Step 2/10: N4 bias field correction
    002_S_4473: Step 2/10: N4 bias field correction
    002_S_4654: Step 2/10: N4 bias field correction
    002_S_4746: Step 2/10: N4 bias field correction
    002_S_5018: Step 2/10: N4 bias field correction
    003_S_4288: Step 2/10: N4 bias field correction
    003_S_4350: Step 2/10: N4 bias field correction
    003_S_4441: Step 2/10: N4 bias field correction
    003_S_4872: Step 2/10: N4 bias field correction
    003_S_4900: Step 2/10: N4 bias field correction
    005_S_0221: Step 3/10: HD-BET skull stripping
    005_S_0222: Step 3/10: HD-BET skull stripping
    005_S_0546: Step 2/10: N4 bias field correction
    005_S_0610: Step 3/10: HD-BET skull stripping

[Live Progress] Done: 0 | Remaining: 630 | Failed: 0 | ETA: 0.0 min
  Active subjects:
    002_S_4171: Step 3/10: HD-BET skull stripping
    002_S_4213: Step 3/10: HD-BET skull stripping
    002_S_4225: Step 2/10: N4 bias field correction
    002_S_4229: Step 2/10: N4 bias field correction
    002_S_4270: Step 3/10: HD-BET skull stripping
    002_S_4447: Step 2/10: N4 bias field correction
    002_S_4473: Step 2/10: N4 bias field correction
    002_S_4654: Step 2/10: N4 bias field correction
    002_S_4746: Step 2/10: N4 bias field correction
    002_S_5018: Step 2/10: N4 bias field correction
    003_S_4288: Step 2/10: N4 bias field correction
    003_S_4350: Step 2/10: N4 bias field correction
    003_S_4441: Step 2/10: N4 bias field correction
    003_S_4872: Step 2/10: N4 bias field correction
    003_S_4900: Step 2/10: N4 bias field correction
    005_S_0221: Step 3/10: HD-BET skull stripping
    005_S_0222: Step 3/10: HD-BET skull stripping
    005_S_0546: Step 2/10: N4 bias field correction
    005_S_0610: Step 3/10: HD-BET skull stripping

[Live Progress] Done: 0 | Remaining: 630 | Failed: 0 | ETA: 0.0 min
  Active subjects:
    002_S_4171: Step 3/10: HD-BET skull stripping
    002_S_4213: Step 3/10: HD-BET skull stripping
    002_S_4225: Step 2/10: N4 bias field correction
    002_S_4229: Step 2/10: N4 bias field correction
    002_S_4270: Step 3/10: HD-BET skull stripping
    002_S_4447: Step 2/10: N4 bias field correction
    002_S_4473: Step 2/10: N4 bias field correction
    002_S_4654: Step 2/10: N4 bias field correction
    002_S_4746: Step 2/10: N4 bias field correction
    002_S_5018: Step 2/10: N4 bias field correction
    003_S_4288: Step 2/10: N4 bias field correction
    003_S_4350: Step 2/10: N4 bias field correction
    003_S_4441: Step 2/10: N4 bias field correction
    003_S_4872: Step 2/10: N4 bias field correction
    003_S_4900: Step 2/10: N4 bias field correction
    005_S_0221: Step 3/10: HD-BET skull stripping
    005_S_0222: Step 3/10: HD-BET skull stripping
    005_S_0546: Step 2/10: N4 bias field correction
    005_S_0610: Step 3/10: HD-BET skull stripping

[Live Progress] Done: 0 | Remaining: 630 | Failed: 0 | ETA: 0.0 min
  Active subjects:
    002_S_4171: Step 3/10: HD-BET skull stripping
    002_S_4213: Step 3/10: HD-BET skull stripping
    002_S_4225: Step 2/10: N4 bias field correction
    002_S_4229: Step 2/10: N4 bias field correction
    002_S_4270: Step 3/10: HD-BET skull stripping
    002_S_4447: Step 2/10: N4 bias field correction
    002_S_4473: Step 2/10: N4 bias field correction
    002_S_4654: Step 2/10: N4 bias field correction
    002_S_4746: Step 2/10: N4 bias field correction
    002_S_5018: Step 2/10: N4 bias field correction
    003_S_4288: Step 2/10: N4 bias field correction
    003_S_4350: Step 2/10: N4 bias field correction
    003_S_4441: Step 2/10: N4 bias field correction
    003_S_4872: Step 2/10: N4 bias field correction
    003_S_4900: Step 2/10: N4 bias field correction
    005_S_0221: Step 3/10: HD-BET skull stripping
    005_S_0222: Step 3/10: HD-BET skull stripping
    005_S_0546: Step 2/10: N4 bias field correction
    005_S_0610: Step 3/10: HD-BET skull stripping

[Live Progress] Done: 0 | Remaining: 630 | Failed: 0 | ETA: 0.0 min
  Active subjects:
    002_S_4171: Step 3/10: HD-BET skull stripping
    002_S_4213: Step 3/10: HD-BET skull stripping
    002_S_4225: Step 2/10: N4 bias field correction
    002_S_4229: Step 2/10: N4 bias field correction
    002_S_4270: Step 3/10: HD-BET skull stripping
    002_S_4447: Step 2/10: N4 bias field correction
    002_S_4473: Step 2/10: N4 bias field correction
    002_S_4654: Step 2/10: N4 bias field correction
    002_S_4746: Step 2/10: N4 bias field correction
    002_S_5018: Step 2/10: N4 bias field correction
    003_S_4288: Step 2/10: N4 bias field correction
    003_S_4350: Step 2/10: N4 bias field correction
    003_S_4441: Step 2/10: N4 bias field correction
    003_S_4872: Step 2/10: N4 bias field correction
    003_S_4900: Step 2/10: N4 bias field correction
    005_S_0221: Step 3/10: HD-BET skull stripping
    005_S_0222: Step 3/10: HD-BET skull stripping
    005_S_0546: Step 2/10: N4 bias field correction
    005_S_0610: Step 3/10: HD-BET skull stripping

[Live Progress] Done: 0 | Remaining: 630 | Failed: 0 | ETA: 0.0 min
  Active subjects:
    002_S_4171: Step 3/10: HD-BET skull stripping
    002_S_4213: Step 3/10: HD-BET skull stripping
    002_S_4225: Step 2/10: N4 bias field correction
    002_S_4229: Step 2/10: N4 bias field correction
    002_S_4270: Step 3/10: HD-BET skull stripping
    002_S_4447: Step 2/10: N4 bias field correction
    002_S_4473: Step 2/10: N4 bias field correction
    002_S_4654: Step 2/10: N4 bias field correction
    002_S_4746: Step 2/10: N4 bias field correction
    002_S_5018: Step 2/10: N4 bias field correction
    003_S_4288: Step 2/10: N4 bias field correction
    003_S_4350: Step 2/10: N4 bias field correction
    003_S_4441: Step 2/10: N4 bias field correction
    003_S_4872: Step 2/10: N4 bias field correction
    003_S_4900: Step 2/10: N4 bias field correction
    005_S_0221: Step 3/10: HD-BET skull stripping
    005_S_0222: Step 3/10: HD-BET skull stripping
    005_S_0546: Step 2/10: N4 bias field correction
    005_S_0610: Step 3/10: HD-BET skull stripping

[Live Progress] Done: 0 | Remaining: 630 | Failed: 0 | ETA: 0.0 min
  Active subjects:
    002_S_4171: Step 3/10: HD-BET skull stripping
    002_S_4213: Step 3/10: HD-BET skull stripping
    002_S_4225: Step 2/10: N4 bias field correction
    002_S_4229: Step 2/10: N4 bias field correction
    002_S_4270: Step 3/10: HD-BET skull stripping
    002_S_4447: Step 2/10: N4 bias field correction
    002_S_4473: Step 2/10: N4 bias field correction
    002_S_4654: Step 2/10: N4 bias field correction
    002_S_4746: Step 2/10: N4 bias field correction
    002_S_5018: Step 2/10: N4 bias field correction
    003_S_4288: Step 2/10: N4 bias field correction
    003_S_4350: Step 2/10: N4 bias field correction
    003_S_4441: Step 2/10: N4 bias field correction
    003_S_4872: Step 2/10: N4 bias field correction
    003_S_4900: Step 2/10: N4 bias field correction
    005_S_0221: Step 3/10: HD-BET skull stripping
    005_S_0222: Step 3/10: HD-BET skull stripping
    005_S_0546: Step 2/10: N4 bias field correction
    005_S_0610: Step 3/10: HD-BET skull stripping

[Live Progress] Done: 0 | Remaining: 630 | Failed: 0 | ETA: 0.0 min
  Active subjects:
    002_S_4171: Step 3/10: HD-BET skull stripping
    002_S_4213: Step 3/10: HD-BET skull stripping
    002_S_4225: Step 2/10: N4 bias field correction
    002_S_4229: Step 2/10: N4 bias field correction
    002_S_4270: Step 3/10: HD-BET skull stripping
    002_S_4447: Step 2/10: N4 bias field correction
    002_S_4473: Step 2/10: N4 bias field correction
    002_S_4654: Step 2/10: N4 bias field correction
    002_S_4746: Step 2/10: N4 bias field correction
    002_S_5018: Step 2/10: N4 bias field correction
    003_S_4288: Step 2/10: N4 bias field correction
    003_S_4350: Step 2/10: N4 bias field correction
    003_S_4441: Step 2/10: N4 bias field correction
    003_S_4872: Step 2/10: N4 bias field correction
    003_S_4900: Step 2/10: N4 bias field correction
    005_S_0221: Step 3/10: HD-BET skull stripping
    005_S_0222: Step 3/10: HD-BET skull stripping
    005_S_0546: Step 2/10: N4 bias field correction
    005_S_0610: Step 3/10: HD-BET skull stripping

[Live Progress] Done: 0 | Remaining: 630 | Failed: 0 | ETA: 0.0 min
  Active subjects:
    002_S_4171: Step 3/10: HD-BET skull stripping
    002_S_4213: Step 3/10: HD-BET skull stripping
    002_S_4225: Step 2/10: N4 bias field correction
    002_S_4229: Step 2/10: N4 bias field correction
    002_S_4270: Step 3/10: HD-BET skull stripping
    002_S_4447: Step 2/10: N4 bias field correction
    002_S_4473: Step 2/10: N4 bias field correction
    002_S_4654: Step 2/10: N4 bias field correction
    002_S_4746: Step 2/10: N4 bias field correction
    002_S_5018: Step 2/10: N4 bias field correction
    003_S_4288: Step 2/10: N4 bias field correction
    003_S_4350: Step 2/10: N4 bias field correction
    003_S_4441: Step 2/10: N4 bias field correction
    003_S_4872: Step 2/10: N4 bias field correction
    003_S_4900: Step 2/10: N4 bias field correction
    005_S_0221: Step 3/10: HD-BET skull stripping
    005_S_0222: Step 3/10: HD-BET skull stripping
    005_S_0546: Step 2/10: N4 bias field correction
    005_S_0610: Step 3/10: HD-BET skull stripping

[Live Progress] Done: 0 | Remaining: 630 | Failed: 0 | ETA: 0.0 min
  Active subjects:
    002_S_4171: Step 3/10: HD-BET skull stripping
    002_S_4213: Step 3/10: HD-BET skull stripping
    002_S_4225: Step 2/10: N4 bias field correction
    002_S_4229: Step 2/10: N4 bias field correction
    002_S_4270: Step 3/10: HD-BET skull stripping
    002_S_4447: Step 2/10: N4 bias field correction
    002_S_4473: Step 2/10: N4 bias field correction
    002_S_4654: Step 2/10: N4 bias field correction
    002_S_4746: Step 2/10: N4 bias field correction
    002_S_5018: Step 2/10: N4 bias field correction
    003_S_4288: Step 2/10: N4 bias field correction
    003_S_4350: Step 2/10: N4 bias field correction
    003_S_4441: Step 2/10: N4 bias field correction
    003_S_4872: Step 2/10: N4 bias field correction
    003_S_4900: Step 2/10: N4 bias field correction
    005_S_0221: Step 3/10: HD-BET skull stripping
    005_S_0222: Step 3/10: HD-BET skull stripping
    005_S_0546: Step 2/10: N4 bias field correction
    005_S_0610: Step 3/10: HD-BET skull stripping

[Live Progress] Done: 0 | Remaining: 630 | Failed: 0 | ETA: 0.0 min
  Active subjects:
    002_S_4171: Step 3/10: HD-BET skull stripping
    002_S_4213: Step 3/10: HD-BET skull stripping
    002_S_4225: Step 2/10: N4 bias field correction
    002_S_4229: Step 2/10: N4 bias field correction
    002_S_4270: Step 3/10: HD-BET skull stripping
    002_S_4447: Step 2/10: N4 bias field correction
    002_S_4473: Step 2/10: N4 bias field correction
    002_S_4654: Step 2/10: N4 bias field correction
    002_S_4746: Step 2/10: N4 bias field correction
    002_S_5018: Step 2/10: N4 bias field correction
    003_S_4288: Step 2/10: N4 bias field correction
    003_S_4350: Step 2/10: N4 bias field correction
    003_S_4441: Step 2/10: N4 bias field correction
    003_S_4872: Step 2/10: N4 bias field correction
    003_S_4900: Step 2/10: N4 bias field correction
    005_S_0221: Step 3/10: HD-BET skull stripping
    005_S_0222: Step 3/10: HD-BET skull stripping
    005_S_0546: Step 2/10: N4 bias field correction
    005_S_0610: Step 3/10: HD-BET skull stripping

[Live Progress] Done: 0 | Remaining: 630 | Failed: 0 | ETA: 0.0 min
  Active subjects:
    002_S_4171: Step 3/10: HD-BET skull stripping
    002_S_4213: Step 3/10: HD-BET skull stripping
    002_S_4225: Step 2/10: N4 bias field correction
    002_S_4229: Step 2/10: N4 bias field correction
    002_S_4270: Step 3/10: HD-BET skull stripping
    002_S_4447: Step 2/10: N4 bias field correction
    002_S_4473: Step 2/10: N4 bias field correction
    002_S_4654: Step 2/10: N4 bias field correction
    002_S_4746: Step 2/10: N4 bias field correction
    002_S_5018: Step 2/10: N4 bias field correction
    003_S_4288: Step 2/10: N4 bias field correction
    003_S_4350: Step 2/10: N4 bias field correction
    003_S_4441: Step 2/10: N4 bias field correction
    003_S_4872: Step 2/10: N4 bias field correction
    003_S_4900: Step 2/10: N4 bias field correction
    005_S_0221: Step 3/10: HD-BET skull stripping
    005_S_0222: Step 3/10: HD-BET skull stripping
    005_S_0546: Step 2/10: N4 bias field correction
    005_S_0610: Step 3/10: HD-BET skull stripping

[Live Progress] Done: 0 | Remaining: 630 | Failed: 0 | ETA: 0.0 min
  Active subjects:
    002_S_4171: Step 3/10: HD-BET skull stripping
    002_S_4213: Step 3/10: HD-BET skull stripping
    002_S_4225: Step 2/10: N4 bias field correction
    002_S_4229: Step 2/10: N4 bias field correction
    002_S_4270: Step 3/10: HD-BET skull stripping
    002_S_4447: Step 2/10: N4 bias field correction
    002_S_4473: Step 2/10: N4 bias field correction
    002_S_4654: Step 2/10: N4 bias field correction
    002_S_4746: Step 2/10: N4 bias field correction
    002_S_5018: Step 2/10: N4 bias field correction
    003_S_4288: Step 2/10: N4 bias field correction
    003_S_4350: Step 2/10: N4 bias field correction
    003_S_4441: Step 2/10: N4 bias field correction
    003_S_4872: Step 2/10: N4 bias field correction
    003_S_4900: Step 2/10: N4 bias field correction
    005_S_0221: Step 3/10: HD-BET skull stripping
    005_S_0222: Step 3/10: HD-BET skull stripping
    005_S_0546: Step 2/10: N4 bias field correction
    005_S_0610: Step 3/10: HD-BET skull stripping

[Live Progress] Done: 0 | Remaining: 630 | Failed: 0 | ETA: 0.0 min
  Active subjects:
    002_S_4171: Step 3/10: HD-BET skull stripping
    002_S_4213: Step 3/10: HD-BET skull stripping
    002_S_4225: Step 2/10: N4 bias field correction
    002_S_4229: Step 2/10: N4 bias field correction
    002_S_4270: Step 3/10: HD-BET skull stripping
    002_S_4447: Step 2/10: N4 bias field correction
    002_S_4473: Step 2/10: N4 bias field correction
    002_S_4654: Step 2/10: N4 bias field correction
    002_S_4746: Step 2/10: N4 bias field correction
    002_S_5018: Step 2/10: N4 bias field correction
    003_S_4288: Step 2/10: N4 bias field correction
    003_S_4350: Step 2/10: N4 bias field correction
    003_S_4441: Step 2/10: N4 bias field correction
    003_S_4872: Step 2/10: N4 bias field correction
    003_S_4900: Step 2/10: N4 bias field correction
    005_S_0221: Step 3/10: HD-BET skull stripping
    005_S_0222: Step 3/10: HD-BET skull stripping
    005_S_0546: Step 2/10: N4 bias field correction
    005_S_0610: Step 3/10: HD-BET skull stripping

[Live Progress] Done: 0 | Remaining: 630 | Failed: 0 | ETA: 0.0 min
  Active subjects:
    002_S_4171: Step 3/10: HD-BET skull stripping
    002_S_4213: Step 3/10: HD-BET skull stripping
    002_S_4225: Step 2/10: N4 bias field correction
    002_S_4229: Step 2/10: N4 bias field correction
    002_S_4270: Step 3/10: HD-BET skull stripping
    002_S_4447: Step 2/10: N4 bias field correction
    002_S_4473: Step 2/10: N4 bias field correction
    002_S_4654: Step 2/10: N4 bias field correction
    002_S_4746: Step 2/10: N4 bias field correction
    002_S_5018: Step 2/10: N4 bias field correction
    003_S_4288: Step 2/10: N4 bias field correction
    003_S_4350: Step 2/10: N4 bias field correction
    003_S_4441: Step 2/10: N4 bias field correction
    003_S_4872: Step 2/10: N4 bias field correction
    003_S_4900: Step 2/10: N4 bias field correction
    005_S_0221: Step 3/10: HD-BET skull stripping
    005_S_0222: Step 3/10: HD-BET skull stripping
    005_S_0546: Step 2/10: N4 bias field correction
    005_S_0610: Step 3/10: HD-BET skull stripping

[Live Progress] Done: 0 | Remaining: 630 | Failed: 0 | ETA: 0.0 min
  Active subjects:
    002_S_4171: Step 3/10: HD-BET skull stripping
    002_S_4213: Step 3/10: HD-BET skull stripping
    002_S_4225: Step 2/10: N4 bias field correction
    002_S_4229: Step 2/10: N4 bias field correction
    002_S_4270: Step 3/10: HD-BET skull stripping
    002_S_4447: Step 2/10: N4 bias field correction
    002_S_4473: Step 2/10: N4 bias field correction
    002_S_4654: Step 2/10: N4 bias field correction
    002_S_4746: Step 2/10: N4 bias field correction
    002_S_5018: Step 2/10: N4 bias field correction
    003_S_4288: Step 2/10: N4 bias field correction
    003_S_4350: Step 2/10: N4 bias field correction
    003_S_4441: Step 2/10: N4 bias field correction
    003_S_4872: Step 2/10: N4 bias field correction
    003_S_4900: Step 2/10: N4 bias field correction
    005_S_0221: Step 3/10: HD-BET skull stripping
    005_S_0222: Step 3/10: HD-BET skull stripping
    005_S_0546: Step 2/10: N4 bias field correction
    005_S_0610: Step 3/10: HD-BET skull stripping

[Live Progress] Done: 0 | Remaining: 630 | Failed: 0 | ETA: 0.0 min
  Active subjects:
    002_S_4171: Step 3/10: HD-BET skull stripping
    002_S_4213: Step 3/10: HD-BET skull stripping
    002_S_4225: Step 2/10: N4 bias field correction
    002_S_4229: Step 2/10: N4 bias field correction
    002_S_4270: Step 3/10: HD-BET skull stripping
    002_S_4447: Step 2/10: N4 bias field correction
    002_S_4473: Step 2/10: N4 bias field correction
    002_S_4654: Step 2/10: N4 bias field correction
    002_S_4746: Step 2/10: N4 bias field correction
    002_S_5018: Step 2/10: N4 bias field correction
    003_S_4288: Step 2/10: N4 bias field correction
    003_S_4350: Step 2/10: N4 bias field correction
    003_S_4441: Step 2/10: N4 bias field correction
    003_S_4872: Step 2/10: N4 bias field correction
    003_S_4900: Step 2/10: N4 bias field correction
    005_S_0221: Step 3/10: HD-BET skull stripping
    005_S_0222: Step 3/10: HD-BET skull stripping
    005_S_0546: Step 2/10: N4 bias field correction
    005_S_0610: Step 3/10: HD-BET skull stripping

[Live Progress] Done: 0 | Remaining: 630 | Failed: 0 | ETA: 0.0 min
  Active subjects:
    002_S_4171: Step 3/10: HD-BET skull stripping
    002_S_4213: Step 3/10: HD-BET skull stripping
    002_S_4225: Step 2/10: N4 bias field correction
    002_S_4229: Step 2/10: N4 bias field correction
    002_S_4270: Step 3/10: HD-BET skull stripping
    002_S_4447: Step 2/10: N4 bias field correction
    002_S_4473: Step 2/10: N4 bias field correction
    002_S_4654: Step 2/10: N4 bias field correction
    002_S_4746: Step 2/10: N4 bias field correction
    002_S_5018: Step 2/10: N4 bias field correction
    003_S_4288: Step 2/10: N4 bias field correction
    003_S_4350: Step 2/10: N4 bias field correction
    003_S_4441: Step 2/10: N4 bias field correction
    003_S_4872: Step 2/10: N4 bias field correction
    003_S_4900: Step 2/10: N4 bias field correction
    005_S_0221: Step 3/10: HD-BET skull stripping
    005_S_0222: Step 3/10: HD-BET skull stripping
    005_S_0546: Step 2/10: N4 bias field correction
    005_S_0610: Step 3/10: HD-BET skull stripping

[Live Progress] Done: 0 | Remaining: 630 | Failed: 0 | ETA: 0.0 min
  Active subjects:
    002_S_4171: Step 3/10: HD-BET skull stripping
    002_S_4213: Step 3/10: HD-BET skull stripping
    002_S_4225: Step 2/10: N4 bias field correction
    002_S_4229: Step 2/10: N4 bias field correction
    002_S_4270: Step 3/10: HD-BET skull stripping
    002_S_4447: Step 2/10: N4 bias field correction
    002_S_4473: Step 2/10: N4 bias field correction
    002_S_4654: Step 2/10: N4 bias field correction
    002_S_4746: Step 2/10: N4 bias field correction
    002_S_5018: Step 2/10: N4 bias field correction
    003_S_4288: Step 2/10: N4 bias field correction
    003_S_4350: Step 2/10: N4 bias field correction
    003_S_4441: Step 2/10: N4 bias field correction
    003_S_4872: Step 2/10: N4 bias field correction
    003_S_4900: Step 2/10: N4 bias field correction
    005_S_0221: Step 3/10: HD-BET skull stripping
    005_S_0222: Step 3/10: HD-BET skull stripping
    005_S_0546: Step 2/10: N4 bias field correction
    005_S_0610: Step 3/10: HD-BET skull stripping

[Live Progress] Done: 0 | Remaining: 630 | Failed: 0 | ETA: 0.0 min
  Active subjects:
    002_S_4171: Step 3/10: HD-BET skull stripping
    002_S_4213: Step 3/10: HD-BET skull stripping
    002_S_4225: Step 2/10: N4 bias field correction
    002_S_4229: Step 2/10: N4 bias field correction
    002_S_4270: Step 3/10: HD-BET skull stripping
    002_S_4447: Step 2/10: N4 bias field correction
    002_S_4473: Step 2/10: N4 bias field correction
    002_S_4654: Step 2/10: N4 bias field correction
    002_S_4746: Step 2/10: N4 bias field correction
    002_S_5018: Step 2/10: N4 bias field correction
    003_S_4288: Step 2/10: N4 bias field correction
    003_S_4350: Step 2/10: N4 bias field correction
    003_S_4441: Step 2/10: N4 bias field correction
    003_S_4872: Step 2/10: N4 bias field correction
    003_S_4900: Step 2/10: N4 bias field correction
    005_S_0221: Step 3/10: HD-BET skull stripping
    005_S_0222: Step 3/10: HD-BET skull stripping
    005_S_0546: Step 2/10: N4 bias field correction
    005_S_0610: Step 3/10: HD-BET skull stripping

[Live Progress] Done: 0 | Remaining: 630 | Failed: 0 | ETA: 0.0 min
  Active subjects:
    002_S_4171: Step 3/10: HD-BET skull stripping
    002_S_4213: Step 3/10: HD-BET skull stripping
    002_S_4225: Step 2/10: N4 bias field correction
    002_S_4229: Step 2/10: N4 bias field correction
    002_S_4270: Step 3/10: HD-BET skull stripping
    002_S_4447: Step 2/10: N4 bias field correction
    002_S_4473: Step 2/10: N4 bias field correction
    002_S_4654: Step 2/10: N4 bias field correction
    002_S_4746: Step 2/10: N4 bias field correction
    002_S_5018: Step 2/10: N4 bias field correction
    003_S_4288: Step 2/10: N4 bias field correction
    003_S_4350: Step 2/10: N4 bias field correction
    003_S_4441: Step 2/10: N4 bias field correction
    003_S_4872: Step 2/10: N4 bias field correction
    003_S_4900: Step 2/10: N4 bias field correction
    005_S_0221: Step 3/10: HD-BET skull stripping
    005_S_0222: Step 3/10: HD-BET skull stripping
    005_S_0546: Step 2/10: N4 bias field correction
    005_S_0610: Step 3/10: HD-BET skull stripping

[Live Progress] Done: 0 | Remaining: 630 | Failed: 0 | ETA: 0.0 min
  Active subjects:
    002_S_4171: Step 3/10: HD-BET skull stripping
    002_S_4213: Step 3/10: HD-BET skull stripping
    002_S_4225: Step 2/10: N4 bias field correction
    002_S_4229: Step 2/10: N4 bias field correction
    002_S_4270: Step 3/10: HD-BET skull stripping
    002_S_4447: Step 2/10: N4 bias field correction
    002_S_4473: Step 2/10: N4 bias field correction
    002_S_4654: Step 2/10: N4 bias field correction
    002_S_4746: Step 2/10: N4 bias field correction
    002_S_5018: Step 2/10: N4 bias field correction
    003_S_4288: Step 2/10: N4 bias field correction
    003_S_4350: Step 2/10: N4 bias field correction
    003_S_4441: Step 2/10: N4 bias field correction
    003_S_4872: Step 2/10: N4 bias field correction
    003_S_4900: Step 2/10: N4 bias field correction
    005_S_0221: Step 3/10: HD-BET skull stripping
    005_S_0222: Step 3/10: HD-BET skull stripping
    005_S_0546: Step 2/10: N4 bias field correction
    005_S_0610: Step 3/10: HD-BET skull stripping

[Live Progress] Done: 0 | Remaining: 630 | Failed: 0 | ETA: 0.0 min
  Active subjects:
    002_S_4171: Step 3/10: HD-BET skull stripping
    002_S_4213: Step 3/10: HD-BET skull stripping
    002_S_4225: Step 2/10: N4 bias field correction
    002_S_4229: Step 2/10: N4 bias field correction
    002_S_4270: Step 3/10: HD-BET skull stripping
    002_S_4447: Step 2/10: N4 bias field correction
    002_S_4473: Step 2/10: N4 bias field correction
    002_S_4654: Step 2/10: N4 bias field correction
    002_S_4746: Step 2/10: N4 bias field correction
    002_S_5018: Step 2/10: N4 bias field correction
    003_S_4288: Step 2/10: N4 bias field correction
    003_S_4350: Step 2/10: N4 bias field correction
    003_S_4441: Step 2/10: N4 bias field correction
    003_S_4872: Step 2/10: N4 bias field correction
    003_S_4900: Step 2/10: N4 bias field correction
    005_S_0221: Step 3/10: HD-BET skull stripping
    005_S_0222: Step 3/10: HD-BET skull stripping
    005_S_0546: Step 2/10: N4 bias field correction
    005_S_0610: Step 3/10: HD-BET skull stripping

[Live Progress] Done: 0 | Remaining: 630 | Failed: 0 | ETA: 0.0 min
  Active subjects:
    002_S_4171: Step 3/10: HD-BET skull stripping
    002_S_4213: Step 3/10: HD-BET skull stripping
    002_S_4225: Step 2/10: N4 bias field correction
    002_S_4229: Step 2/10: N4 bias field correction
    002_S_4270: Step 3/10: HD-BET skull stripping
    002_S_4447: Step 2/10: N4 bias field correction
    002_S_4473: Step 2/10: N4 bias field correction
    002_S_4654: Step 2/10: N4 bias field correction
    002_S_4746: Step 2/10: N4 bias field correction
    002_S_5018: Step 2/10: N4 bias field correction
    003_S_4288: Step 2/10: N4 bias field correction
    003_S_4350: Step 2/10: N4 bias field correction
    003_S_4441: Step 2/10: N4 bias field correction
    003_S_4872: Step 2/10: N4 bias field correction
    003_S_4900: Step 2/10: N4 bias field correction
    005_S_0221: Step 3/10: HD-BET skull stripping
    005_S_0222: Step 3/10: HD-BET skull stripping
    005_S_0546: Step 2/10: N4 bias field correction
    005_S_0610: Step 3/10: HD-BET skull stripping

[Live Progress] Done: 0 | Remaining: 630 | Failed: 0 | ETA: 0.0 min
  Active subjects:
    002_S_4171: Step 3/10: HD-BET skull stripping
    002_S_4213: Step 3/10: HD-BET skull stripping
    002_S_4225: Step 2/10: N4 bias field correction
    002_S_4229: Step 2/10: N4 bias field correction
    002_S_4270: Step 3/10: HD-BET skull stripping
    002_S_4447: Step 2/10: N4 bias field correction
    002_S_4473: Step 2/10: N4 bias field correction
    002_S_4654: Step 2/10: N4 bias field correction
    002_S_4746: Step 2/10: N4 bias field correction
    002_S_5018: Step 2/10: N4 bias field correction
    003_S_4288: Step 2/10: N4 bias field correction
    003_S_4350: Step 2/10: N4 bias field correction
    003_S_4441: Step 2/10: N4 bias field correction
    003_S_4872: Step 2/10: N4 bias field correction
    003_S_4900: Step 2/10: N4 bias field correction
    005_S_0221: Step 3/10: HD-BET skull stripping
    005_S_0222: Step 3/10: HD-BET skull stripping
    005_S_0546: Step 2/10: N4 bias field correction
    005_S_0610: Step 3/10: HD-BET skull stripping

[Live Progress] Done: 0 | Remaining: 630 | Failed: 0 | ETA: 0.0 min
  Active subjects:
    002_S_4171: Step 3/10: HD-BET skull stripping
    002_S_4213: Step 3/10: HD-BET skull stripping
    002_S_4225: Step 2/10: N4 bias field correction
    002_S_4229: Step 2/10: N4 bias field correction
    002_S_4270: Step 3/10: HD-BET skull stripping
    002_S_4447: Step 2/10: N4 bias field correction
    002_S_4473: Step 2/10: N4 bias field correction
    002_S_4654: Step 2/10: N4 bias field correction
    002_S_4746: Step 2/10: N4 bias field correction
    002_S_5018: Step 2/10: N4 bias field correction
    003_S_4288: Step 2/10: N4 bias field correction
    003_S_4350: Step 2/10: N4 bias field correction
    003_S_4441: Step 2/10: N4 bias field correction
    003_S_4872: Step 2/10: N4 bias field correction
    003_S_4900: Step 2/10: N4 bias field correction
    005_S_0221: Step 3/10: HD-BET skull stripping
    005_S_0222: Step 3/10: HD-BET skull stripping
    005_S_0546: Step 2/10: N4 bias field correction
    005_S_0610: Step 3/10: HD-BET skull stripping

[Live Progress] Done: 0 | Remaining: 630 | Failed: 0 | ETA: 0.0 min
  Active subjects:
    002_S_4171: Step 3/10: HD-BET skull stripping
    002_S_4213: Step 3/10: HD-BET skull stripping
    002_S_4225: Step 2/10: N4 bias field correction
    002_S_4229: Step 2/10: N4 bias field correction
    002_S_4270: Step 3/10: HD-BET skull stripping
    002_S_4447: Step 2/10: N4 bias field correction
    002_S_4473: Step 2/10: N4 bias field correction
    002_S_4654: Step 2/10: N4 bias field correction
    002_S_4746: Step 2/10: N4 bias field correction
    002_S_5018: Step 2/10: N4 bias field correction
    003_S_4288: Step 2/10: N4 bias field correction
    003_S_4350: Step 2/10: N4 bias field correction
    003_S_4441: Step 2/10: N4 bias field correction
    003_S_4872: Step 2/10: N4 bias field correction
    003_S_4900: Step 2/10: N4 bias field correction
    005_S_0221: Step 3/10: HD-BET skull stripping
    005_S_0222: Step 3/10: HD-BET skull stripping
    005_S_0546: Step 2/10: N4 bias field correction
    005_S_0610: Step 3/10: HD-BET skull stripping

[Live Progress] Done: 0 | Remaining: 630 | Failed: 0 | ETA: 0.0 min
  Active subjects:
    002_S_4171: Step 3/10: HD-BET skull stripping
    002_S_4213: Step 3/10: HD-BET skull stripping
    002_S_4225: Step 2/10: N4 bias field correction
    002_S_4229: Step 2/10: N4 bias field correction
    002_S_4270: Step 3/10: HD-BET skull stripping
    002_S_4447: Step 2/10: N4 bias field correction
    002_S_4473: Step 2/10: N4 bias field correction
    002_S_4654: Step 2/10: N4 bias field correction
    002_S_4746: Step 2/10: N4 bias field correction
    002_S_5018: Step 2/10: N4 bias field correction
    003_S_4288: Step 2/10: N4 bias field correction
    003_S_4350: Step 2/10: N4 bias field correction
    003_S_4441: Step 2/10: N4 bias field correction
    003_S_4872: Step 2/10: N4 bias field correction
    003_S_4900: Step 2/10: N4 bias field correction
    005_S_0221: Step 3/10: HD-BET skull stripping
    005_S_0222: Step 3/10: HD-BET skull stripping
    005_S_0546: Step 2/10: N4 bias field correction
    005_S_0610: Step 3/10: HD-BET skull stripping

[Live Progress] Done: 0 | Remaining: 630 | Failed: 0 | ETA: 0.0 min
  Active subjects:
    002_S_4171: Step 3/10: HD-BET skull stripping
    002_S_4213: Step 3/10: HD-BET skull stripping
    002_S_4225: Step 2/10: N4 bias field correction
    002_S_4229: Step 2/10: N4 bias field correction
    002_S_4270: Step 3/10: HD-BET skull stripping
    002_S_4447: Step 2/10: N4 bias field correction
    002_S_4473: Step 2/10: N4 bias field correction
    002_S_4654: Step 2/10: N4 bias field correction
    002_S_4746: Step 2/10: N4 bias field correction
    002_S_5018: Step 2/10: N4 bias field correction
    003_S_4288: Step 2/10: N4 bias field correction
    003_S_4350: Step 2/10: N4 bias field correction
    003_S_4441: Step 2/10: N4 bias field correction
    003_S_4872: Step 2/10: N4 bias field correction
    003_S_4900: Step 2/10: N4 bias field correction
    005_S_0221: Step 3/10: HD-BET skull stripping
    005_S_0222: Step 3/10: HD-BET skull stripping
    005_S_0546: Step 2/10: N4 bias field correction
    005_S_0610: Step 3/10: HD-BET skull stripping

[Live Progress] Done: 0 | Remaining: 630 | Failed: 0 | ETA: 0.0 min
  Active subjects:
    002_S_4171: Step 3/10: HD-BET skull stripping
    002_S_4213: Step 3/10: HD-BET skull stripping
    002_S_4225: Step 2/10: N4 bias field correction
    002_S_4229: Step 2/10: N4 bias field correction
    002_S_4270: Step 3/10: HD-BET skull stripping
    002_S_4447: Step 2/10: N4 bias field correction
    002_S_4473: Step 2/10: N4 bias field correction
    002_S_4654: Step 2/10: N4 bias field correction
    002_S_4746: Step 2/10: N4 bias field correction
    002_S_5018: Step 2/10: N4 bias field correction
    003_S_4288: Step 2/10: N4 bias field correction
    003_S_4350: Step 2/10: N4 bias field correction
    003_S_4441: Step 2/10: N4 bias field correction
    003_S_4872: Step 2/10: N4 bias field correction
    003_S_4900: Step 2/10: N4 bias field correction
    005_S_0221: Step 3/10: HD-BET skull stripping
    005_S_0222: Step 3/10: HD-BET skull stripping
    005_S_0546: Step 2/10: N4 bias field correction
    005_S_0610: Step 3/10: HD-BET skull stripping

[Live Progress] Done: 0 | Remaining: 630 | Failed: 0 | ETA: 0.0 min
  Active subjects:
    002_S_4171: Step 3/10: HD-BET skull stripping
    002_S_4213: Step 3/10: HD-BET skull stripping
    002_S_4225: Step 2/10: N4 bias field correction
    002_S_4229: Step 2/10: N4 bias field correction
    002_S_4270: Step 3/10: HD-BET skull stripping
    002_S_4447: Step 2/10: N4 bias field correction
    002_S_4473: Step 2/10: N4 bias field correction
    002_S_4654: Step 2/10: N4 bias field correction
    002_S_4746: Step 2/10: N4 bias field correction
    002_S_5018: Step 2/10: N4 bias field correction
    003_S_4288: Step 2/10: N4 bias field correction
    003_S_4350: Step 2/10: N4 bias field correction
    003_S_4441: Step 2/10: N4 bias field correction
    003_S_4872: Step 2/10: N4 bias field correction
    003_S_4900: Step 2/10: N4 bias field correction
    005_S_0221: Step 3/10: HD-BET skull stripping
    005_S_0222: Step 3/10: HD-BET skull stripping
    005_S_0546: Step 2/10: N4 bias field correction
    005_S_0610: Step 3/10: HD-BET skull stripping

[Live Progress] Done: 0 | Remaining: 630 | Failed: 0 | ETA: 0.0 min
  Active subjects:
    002_S_4171: Step 3/10: HD-BET skull stripping
    002_S_4213: Step 3/10: HD-BET skull stripping
    002_S_4225: Step 2/10: N4 bias field correction
    002_S_4229: Step 2/10: N4 bias field correction
    002_S_4270: Step 3/10: HD-BET skull stripping
    002_S_4447: Step 2/10: N4 bias field correction
    002_S_4473: Step 2/10: N4 bias field correction
    002_S_4654: Step 2/10: N4 bias field correction
    002_S_4746: Step 2/10: N4 bias field correction
    002_S_5018: Step 2/10: N4 bias field correction
    003_S_4288: Step 2/10: N4 bias field correction
    003_S_4350: Step 2/10: N4 bias field correction
    003_S_4441: Step 2/10: N4 bias field correction
    003_S_4872: Step 2/10: N4 bias field correction
    003_S_4900: Step 2/10: N4 bias field correction
    005_S_0221: Step 3/10: HD-BET skull stripping
    005_S_0222: Step 3/10: HD-BET skull stripping
    005_S_0546: Step 2/10: N4 bias field correction
    005_S_0610: Step 3/10: HD-BET skull stripping

[Live Progress] Done: 0 | Remaining: 630 | Failed: 0 | ETA: 0.0 min
  Active subjects:
    002_S_4171: Step 3/10: HD-BET skull stripping
    002_S_4213: Step 3/10: HD-BET skull stripping
    002_S_4225: Step 2/10: N4 bias field correction
    002_S_4229: Step 2/10: N4 bias field correction
    002_S_4270: Step 3/10: HD-BET skull stripping
    002_S_4447: Step 2/10: N4 bias field correction
    002_S_4473: Step 2/10: N4 bias field correction
    002_S_4654: Step 2/10: N4 bias field correction
    002_S_4746: Step 2/10: N4 bias field correction
    002_S_5018: Step 2/10: N4 bias field correction
    003_S_4288: Step 2/10: N4 bias field correction
    003_S_4350: Step 2/10: N4 bias field correction
    003_S_4441: Step 2/10: N4 bias field correction
    003_S_4872: Step 2/10: N4 bias field correction
    003_S_4900: Step 2/10: N4 bias field correction
    005_S_0221: Step 3/10: HD-BET skull stripping
    005_S_0222: Step 3/10: HD-BET skull stripping
    005_S_0546: Step 2/10: N4 bias field correction
    005_S_0610: Step 3/10: HD-BET skull stripping

[Live Progress] Done: 0 | Remaining: 630 | Failed: 0 | ETA: 0.0 min
  Active subjects:
    002_S_4171: Step 3/10: HD-BET skull stripping
    002_S_4213: Step 3/10: HD-BET skull stripping
    002_S_4225: Step 2/10: N4 bias field correction
    002_S_4229: Step 2/10: N4 bias field correction
    002_S_4270: Step 3/10: HD-BET skull stripping
    002_S_4447: Step 2/10: N4 bias field correction
    002_S_4473: Step 2/10: N4 bias field correction
    002_S_4654: Step 2/10: N4 bias field correction
    002_S_4746: Step 2/10: N4 bias field correction
    002_S_5018: Step 2/10: N4 bias field correction
    003_S_4288: Step 2/10: N4 bias field correction
    003_S_4350: Step 2/10: N4 bias field correction
    003_S_4441: Step 2/10: N4 bias field correction
    003_S_4872: Step 2/10: N4 bias field correction
    003_S_4900: Step 2/10: N4 bias field correction
    005_S_0221: Step 3/10: HD-BET skull stripping
    005_S_0222: Step 3/10: HD-BET skull stripping
    005_S_0546: Step 2/10: N4 bias field correction
    005_S_0610: Step 3/10: HD-BET skull stripping

[Live Progress] Done: 0 | Remaining: 630 | Failed: 0 | ETA: 0.0 min
  Active subjects:
    002_S_4171: Step 3/10: HD-BET skull stripping
    002_S_4213: Step 3/10: HD-BET skull stripping
    002_S_4225: Step 2/10: N4 bias field correction
    002_S_4229: Step 2/10: N4 bias field correction
    002_S_4270: Step 3/10: HD-BET skull stripping
    002_S_4447: Step 2/10: N4 bias field correction
    002_S_4473: Step 2/10: N4 bias field correction
    002_S_4654: Step 2/10: N4 bias field correction
    002_S_4746: Step 2/10: N4 bias field correction
    002_S_5018: Step 2/10: N4 bias field correction
    003_S_4288: Step 2/10: N4 bias field correction
    003_S_4350: Step 2/10: N4 bias field correction
    003_S_4441: Step 2/10: N4 bias field correction
    003_S_4872: Step 2/10: N4 bias field correction
    003_S_4900: Step 2/10: N4 bias field correction
    005_S_0221: Step 3/10: HD-BET skull stripping
    005_S_0222: Step 3/10: HD-BET skull stripping
    005_S_0546: Step 2/10: N4 bias field correction
    005_S_0610: Step 3/10: HD-BET skull stripping

[Live Progress] Done: 0 | Remaining: 630 | Failed: 0 | ETA: 0.0 min
  Active subjects:
    002_S_4171: Step 3/10: HD-BET skull stripping
    002_S_4213: Step 3/10: HD-BET skull stripping
    002_S_4225: Step 2/10: N4 bias field correction
    002_S_4229: Step 2/10: N4 bias field correction
    002_S_4270: Step 3/10: HD-BET skull stripping
    002_S_4447: Step 2/10: N4 bias field correction
    002_S_4473: Step 2/10: N4 bias field correction
    002_S_4654: Step 2/10: N4 bias field correction
    002_S_4746: Step 2/10: N4 bias field correction
    002_S_5018: Step 2/10: N4 bias field correction
    003_S_4288: Step 2/10: N4 bias field correction
    003_S_4350: Step 2/10: N4 bias field correction
    003_S_4441: Step 2/10: N4 bias field correction
    003_S_4872: Step 2/10: N4 bias field correction
    003_S_4900: Step 2/10: N4 bias field correction
    005_S_0221: Step 3/10: HD-BET skull stripping
    005_S_0222: Step 3/10: HD-BET skull stripping
    005_S_0546: Step 2/10: N4 bias field correction
    005_S_0610: Step 3/10: HD-BET skull stripping

[Live Progress] Done: 0 | Remaining: 630 | Failed: 0 | ETA: 0.0 min
  Active subjects:
    002_S_4171: Step 3/10: HD-BET skull stripping
    002_S_4213: Step 3/10: HD-BET skull stripping
    002_S_4225: Step 2/10: N4 bias field correction
    002_S_4229: Step 2/10: N4 bias field correction
    002_S_4270: Step 3/10: HD-BET skull stripping
    002_S_4447: Step 2/10: N4 bias field correction
    002_S_4473: Step 2/10: N4 bias field correction
    002_S_4654: Step 2/10: N4 bias field correction
    002_S_4746: Step 2/10: N4 bias field correction
    002_S_5018: Step 2/10: N4 bias field correction
    003_S_4288: Step 2/10: N4 bias field correction
    003_S_4350: Step 2/10: N4 bias field correction
    003_S_4441: Step 2/10: N4 bias field correction
    003_S_4872: Step 2/10: N4 bias field correction
    003_S_4900: Step 2/10: N4 bias field correction
    005_S_0221: Step 3/10: HD-BET skull stripping
    005_S_0222: Step 3/10: HD-BET skull stripping
    005_S_0546: Step 2/10: N4 bias field correction
    005_S_0610: Step 3/10: HD-BET skull stripping

[Live Progress] Done: 0 | Remaining: 630 | Failed: 0 | ETA: 0.0 min
  Active subjects:
    002_S_4171: Step 3/10: HD-BET skull stripping
    002_S_4213: Step 3/10: HD-BET skull stripping
    002_S_4225: Step 2/10: N4 bias field correction
    002_S_4229: Step 2/10: N4 bias field correction
    002_S_4270: Step 3/10: HD-BET skull stripping
    002_S_4447: Step 2/10: N4 bias field correction
    002_S_4473: Step 2/10: N4 bias field correction
    002_S_4654: Step 2/10: N4 bias field correction
    002_S_4746: Step 2/10: N4 bias field correction
    002_S_5018: Step 2/10: N4 bias field correction
    003_S_4288: Step 2/10: N4 bias field correction
    003_S_4350: Step 2/10: N4 bias field correction
    003_S_4441: Step 2/10: N4 bias field correction
    003_S_4872: Step 2/10: N4 bias field correction
    003_S_4900: Step 2/10: N4 bias field correction
    005_S_0221: Step 3/10: HD-BET skull stripping
    005_S_0222: Step 3/10: HD-BET skull stripping
    005_S_0546: Step 2/10: N4 bias field correction
    005_S_0610: Step 3/10: HD-BET skull stripping

[Live Progress] Done: 0 | Remaining: 630 | Failed: 0 | ETA: 0.0 min
  Active subjects:
    002_S_4171: Step 3/10: HD-BET skull stripping
    002_S_4213: Step 3/10: HD-BET skull stripping
    002_S_4225: Step 2/10: N4 bias field correction
    002_S_4229: Step 2/10: N4 bias field correction
    002_S_4270: Step 3/10: HD-BET skull stripping
    002_S_4447: Step 2/10: N4 bias field correction
    002_S_4473: Step 2/10: N4 bias field correction
    002_S_4654: Step 2/10: N4 bias field correction
    002_S_4746: Step 2/10: N4 bias field correction
    002_S_5018: Step 2/10: N4 bias field correction
    003_S_4288: Step 2/10: N4 bias field correction
    003_S_4350: Step 2/10: N4 bias field correction
    003_S_4441: Step 2/10: N4 bias field correction
    003_S_4872: Step 2/10: N4 bias field correction
    003_S_4900: Step 2/10: N4 bias field correction
    005_S_0221: Step 3/10: HD-BET skull stripping
    005_S_0222: Step 3/10: HD-BET skull stripping
    005_S_0546: Step 2/10: N4 bias field correction
    005_S_0610: Step 3/10: HD-BET skull stripping

[Live Progress] Done: 0 | Remaining: 630 | Failed: 0 | ETA: 0.0 min
  Active subjects:
    002_S_4171: Step 3/10: HD-BET skull stripping
    002_S_4213: Step 3/10: HD-BET skull stripping
    002_S_4225: Step 2/10: N4 bias field correction
    002_S_4229: Step 2/10: N4 bias field correction
    002_S_4270: Step 3/10: HD-BET skull stripping
    002_S_4447: Step 2/10: N4 bias field correction
    002_S_4473: Step 2/10: N4 bias field correction
    002_S_4654: Step 2/10: N4 bias field correction
    002_S_4746: Step 2/10: N4 bias field correction
    002_S_5018: Step 2/10: N4 bias field correction
    003_S_4288: Step 2/10: N4 bias field correction
    003_S_4350: Step 2/10: N4 bias field correction
    003_S_4441: Step 2/10: N4 bias field correction
    003_S_4872: Step 2/10: N4 bias field correction
    003_S_4900: Step 2/10: N4 bias field correction
    005_S_0221: Step 3/10: HD-BET skull stripping
    005_S_0222: Step 3/10: HD-BET skull stripping
    005_S_0546: Step 2/10: N4 bias field correction
    005_S_0610: Step 3/10: HD-BET skull stripping

[Live Progress] Done: 0 | Remaining: 630 | Failed: 0 | ETA: 0.0 min
  Active subjects:
    002_S_4171: Step 3/10: HD-BET skull stripping
    002_S_4213: Step 3/10: HD-BET skull stripping
    002_S_4225: Step 2/10: N4 bias field correction
    002_S_4229: Step 2/10: N4 bias field correction
    002_S_4270: Step 3/10: HD-BET skull stripping
    002_S_4447: Step 2/10: N4 bias field correction
    002_S_4473: Step 2/10: N4 bias field correction
    002_S_4654: Step 2/10: N4 bias field correction
    002_S_4746: Step 2/10: N4 bias field correction
    002_S_5018: Step 2/10: N4 bias field correction
    003_S_4288: Step 2/10: N4 bias field correction
    003_S_4350: Step 2/10: N4 bias field correction
    003_S_4441: Step 2/10: N4 bias field correction
    003_S_4872: Step 2/10: N4 bias field correction
    003_S_4900: Step 2/10: N4 bias field correction
    005_S_0221: Step 3/10: HD-BET skull stripping
    005_S_0222: Step 3/10: HD-BET skull stripping
    005_S_0546: Step 2/10: N4 bias field correction
    005_S_0610: Step 3/10: HD-BET skull stripping

[Live Progress] Done: 0 | Remaining: 630 | Failed: 0 | ETA: 0.0 min
  Active subjects:
    002_S_4171: Step 3/10: HD-BET skull stripping
    002_S_4213: Step 3/10: HD-BET skull stripping
    002_S_4225: Step 2/10: N4 bias field correction
    002_S_4229: Step 2/10: N4 bias field correction
    002_S_4270: Step 3/10: HD-BET skull stripping
    002_S_4447: Step 2/10: N4 bias field correction
    002_S_4473: Step 2/10: N4 bias field correction
    002_S_4654: Step 2/10: N4 bias field correction
    002_S_4746: Step 2/10: N4 bias field correction
    002_S_5018: Step 2/10: N4 bias field correction
    003_S_4288: Step 2/10: N4 bias field correction
    003_S_4350: Step 2/10: N4 bias field correction
    003_S_4441: Step 2/10: N4 bias field correction
    003_S_4872: Step 2/10: N4 bias field correction
    003_S_4900: Step 2/10: N4 bias field correction
    005_S_0221: Step 3/10: HD-BET skull stripping
    005_S_0222: Step 3/10: HD-BET skull stripping
    005_S_0546: Step 2/10: N4 bias field correction
    005_S_0610: Step 3/10: HD-BET skull stripping

[Live Progress] Done: 0 | Remaining: 630 | Failed: 0 | ETA: 0.0 min
  Active subjects:
    002_S_4171: Step 3/10: HD-BET skull stripping
    002_S_4213: Step 3/10: HD-BET skull stripping
    002_S_4225: Step 2/10: N4 bias field correction
    002_S_4229: Step 2/10: N4 bias field correction
    002_S_4270: Step 3/10: HD-BET skull stripping
    002_S_4447: Step 2/10: N4 bias field correction
    002_S_4473: Step 2/10: N4 bias field correction
    002_S_4654: Step 2/10: N4 bias field correction
    002_S_4746: Step 2/10: N4 bias field correction
    002_S_5018: Step 2/10: N4 bias field correction
    003_S_4288: Step 2/10: N4 bias field correction
    003_S_4350: Step 2/10: N4 bias field correction
    003_S_4441: Step 2/10: N4 bias field correction
    003_S_4872: Step 2/10: N4 bias field correction
    003_S_4900: Step 2/10: N4 bias field correction
    005_S_0221: Step 3/10: HD-BET skull stripping
    005_S_0222: Step 3/10: HD-BET skull stripping
    005_S_0546: Step 2/10: N4 bias field correction
    005_S_0610: Step 3/10: HD-BET skull stripping

[Live Progress] Done: 0 | Remaining: 630 | Failed: 0 | ETA: 0.0 min
  Active subjects:
    002_S_4171: Step 3/10: HD-BET skull stripping
    002_S_4213: Step 3/10: HD-BET skull stripping
    002_S_4225: Step 2/10: N4 bias field correction
    002_S_4229: Step 2/10: N4 bias field correction
    002_S_4270: Step 3/10: HD-BET skull stripping
    002_S_4447: Step 2/10: N4 bias field correction
    002_S_4473: Step 2/10: N4 bias field correction
    002_S_4654: Step 2/10: N4 bias field correction
    002_S_4746: Step 2/10: N4 bias field correction
    002_S_5018: Step 2/10: N4 bias field correction
    003_S_4288: Step 2/10: N4 bias field correction
    003_S_4350: Step 2/10: N4 bias field correction
    003_S_4441: Step 2/10: N4 bias field correction
    003_S_4872: Step 2/10: N4 bias field correction
    003_S_4900: Step 2/10: N4 bias field correction
    005_S_0221: Step 3/10: HD-BET skull stripping
    005_S_0222: Step 3/10: HD-BET skull stripping
    005_S_0546: Step 2/10: N4 bias field correction
    005_S_0610: Step 3/10: HD-BET skull stripping

[Live Progress] Done: 0 | Remaining: 630 | Failed: 0 | ETA: 0.0 min
  Active subjects:
    002_S_4171: Step 3/10: HD-BET skull stripping
    002_S_4213: Step 3/10: HD-BET skull stripping
    002_S_4225: Step 2/10: N4 bias field correction
    002_S_4229: Step 2/10: N4 bias field correction
    002_S_4270: Step 3/10: HD-BET skull stripping
    002_S_4447: Step 2/10: N4 bias field correction
    002_S_4473: Step 2/10: N4 bias field correction
    002_S_4654: Step 2/10: N4 bias field correction
    002_S_4746: Step 2/10: N4 bias field correction
    002_S_5018: Step 2/10: N4 bias field correction
    003_S_4288: Step 3/10: HD-BET skull stripping
    003_S_4350: Step 2/10: N4 bias field correction
    003_S_4441: Step 2/10: N4 bias field correction
    003_S_4872: Step 2/10: N4 bias field correction
    003_S_4900: Step 2/10: N4 bias field correction
    005_S_0221: Step 3/10: HD-BET skull stripping
    005_S_0222: Step 3/10: HD-BET skull stripping
    005_S_0546: Step 2/10: N4 bias field correction
    005_S_0610: Step 3/10: HD-BET skull stripping

[Live Progress] Done: 0 | Remaining: 630 | Failed: 0 | ETA: 0.0 min
  Active subjects:
    002_S_4171: Step 3/10: HD-BET skull stripping
    002_S_4213: Step 3/10: HD-BET skull stripping
    002_S_4225: Step 2/10: N4 bias field correction
    002_S_4229: Step 2/10: N4 bias field correction
    002_S_4270: Step 3/10: HD-BET skull stripping
    002_S_4447: Step 2/10: N4 bias field correction
    002_S_4473: Step 2/10: N4 bias field correction
    002_S_4654: Step 2/10: N4 bias field correction
    002_S_4746: Step 2/10: N4 bias field correction
    002_S_5018: Step 2/10: N4 bias field correction
    003_S_4288: Step 3/10: HD-BET skull stripping
    003_S_4350: Step 2/10: N4 bias field correction
    003_S_4441: Step 2/10: N4 bias field correction
    003_S_4872: Step 2/10: N4 bias field correction
    003_S_4900: Step 2/10: N4 bias field correction
    005_S_0221: Step 3/10: HD-BET skull stripping
    005_S_0222: Step 3/10: HD-BET skull stripping
    005_S_0546: Step 2/10: N4 bias field correction
    005_S_0610: Step 3/10: HD-BET skull stripping

[Live Progress] Done: 1 | Remaining: 629 | Failed: 1 | ETA: 14838.1 min
  Active subjects:
    002_S_4171: Step 3/10: HD-BET skull stripping
    002_S_4225: Step 2/10: N4 bias field correction
    002_S_4229: Step 2/10: N4 bias field correction
    002_S_4270: Step 3/10: HD-BET skull stripping
    002_S_4447: Step 2/10: N4 bias field correction
    002_S_4473: Step 2/10: N4 bias field correction
    002_S_4654: Step 2/10: N4 bias field correction
    002_S_4746: Step 2/10: N4 bias field correction
    002_S_5018: Step 2/10: N4 bias field correction
    003_S_4288: Step 3/10: HD-BET skull stripping
    003_S_4350: Step 2/10: N4 bias field correction
    003_S_4441: Step 2/10: N4 bias field correction
    003_S_4872: Step 2/10: N4 bias field correction
    003_S_4900: Step 2/10: N4 bias field correction
    005_S_0221: Step 3/10: HD-BET skull stripping
    005_S_0222: Step 3/10: HD-BET skull stripping
    005_S_0546: Step 2/10: N4 bias field correction
    005_S_0610: Step 3/10: HD-BET skull stripping

[Live Progress] Done: 1 | Remaining: 629 | Failed: 1 | ETA: 14849.0 min
  Active subjects:
    002_S_4171: Step 3/10: HD-BET skull stripping
    002_S_4225: Step 2/10: N4 bias field correction
    002_S_4229: Step 2/10: N4 bias field correction
    002_S_4270: Step 3/10: HD-BET skull stripping
    002_S_4447: Step 2/10: N4 bias field correction
    002_S_4473: Step 2/10: N4 bias field correction
    002_S_4654: Step 2/10: N4 bias field correction
    002_S_4746: Step 2/10: N4 bias field correction
    002_S_5018: Step 2/10: N4 bias field correction
    003_S_4288: Step 3/10: HD-BET skull stripping
    003_S_4350: Step 2/10: N4 bias field correction
    003_S_4441: Step 2/10: N4 bias field correction
    003_S_4872: Step 2/10: N4 bias field correction
    003_S_4900: Step 2/10: N4 bias field correction
    005_S_0221: Step 3/10: HD-BET skull stripping
    005_S_0222: Step 3/10: HD-BET skull stripping
    005_S_0546: Step 2/10: N4 bias field correction
    005_S_0610: Step 3/10: HD-BET skull stripping
    005_S_0929: Step 1/10: DICOM -> NIfTI (dcm2niix)

[Live Progress] Done: 1 | Remaining: 629 | Failed: 1 | ETA: 14859.6 min
  Active subjects:
    002_S_4171: Step 3/10: HD-BET skull stripping
    002_S_4225: Step 2/10: N4 bias field correction
    002_S_4229: Step 2/10: N4 bias field correction
    002_S_4270: Step 3/10: HD-BET skull stripping
    002_S_4447: Step 2/10: N4 bias field correction
    002_S_4473: Step 2/10: N4 bias field correction
    002_S_4654: Step 2/10: N4 bias field correction
    002_S_4746: Step 2/10: N4 bias field correction
    002_S_5018: Step 2/10: N4 bias field correction
    003_S_4288: Step 3/10: HD-BET skull stripping
    003_S_4350: Step 2/10: N4 bias field correction
    003_S_4441: Step 2/10: N4 bias field correction
    003_S_4872: Step 2/10: N4 bias field correction
    003_S_4900: Step 2/10: N4 bias field correction
    005_S_0221: Step 3/10: HD-BET skull stripping
    005_S_0222: Step 3/10: HD-BET skull stripping
    005_S_0546: Step 2/10: N4 bias field correction
    005_S_0610: Step 3/10: HD-BET skull stripping
    005_S_0929: Step 1/10: DICOM -> NIfTI (dcm2niix)

[Live Progress] Done: 1 | Remaining: 629 | Failed: 1 | ETA: 14870.2 min
  Active subjects:
    002_S_4171: Step 3/10: HD-BET skull stripping
    002_S_4225: Step 2/10: N4 bias field correction
    002_S_4229: Step 2/10: N4 bias field correction
    002_S_4270: Step 3/10: HD-BET skull stripping
    002_S_4447: Step 2/10: N4 bias field correction
    002_S_4473: Step 2/10: N4 bias field correction
    002_S_4654: Step 2/10: N4 bias field correction
    002_S_4746: Step 2/10: N4 bias field correction
    002_S_5018: Step 2/10: N4 bias field correction
    003_S_4288: Step 3/10: HD-BET skull stripping
    003_S_4350: Step 2/10: N4 bias field correction
    003_S_4441: Step 2/10: N4 bias field correction
    003_S_4872: Step 2/10: N4 bias field correction
    003_S_4900: Step 2/10: N4 bias field correction
    005_S_0221: Step 3/10: HD-BET skull stripping
    005_S_0222: Step 3/10: HD-BET skull stripping
    005_S_0546: Step 2/10: N4 bias field correction
    005_S_0610: Step 3/10: HD-BET skull stripping
    005_S_0929: Step 1/10: DICOM -> NIfTI (dcm2niix)

[Live Progress] Done: 1 | Remaining: 629 | Failed: 1 | ETA: 14881.0 min
  Active subjects:
    002_S_4171: Step 3/10: HD-BET skull stripping
    002_S_4225: Step 2/10: N4 bias field correction
    002_S_4229: Step 2/10: N4 bias field correction
    002_S_4270: Step 3/10: HD-BET skull stripping
    002_S_4447: Step 2/10: N4 bias field correction
    002_S_4473: Step 2/10: N4 bias field correction
    002_S_4654: Step 2/10: N4 bias field correction
    002_S_4746: Step 2/10: N4 bias field correction
    002_S_5018: Step 2/10: N4 bias field correction
    003_S_4288: Step 3/10: HD-BET skull stripping
    003_S_4350: Step 2/10: N4 bias field correction
    003_S_4441: Step 2/10: N4 bias field correction
    003_S_4872: Step 2/10: N4 bias field correction
    003_S_4900: Step 2/10: N4 bias field correction
    005_S_0221: Step 3/10: HD-BET skull stripping
    005_S_0222: Step 3/10: HD-BET skull stripping
    005_S_0546: Step 2/10: N4 bias field correction
    005_S_0610: Step 3/10: HD-BET skull stripping
    005_S_0929: Step 1/10: DICOM -> NIfTI (dcm2niix)

[Live Progress] Done: 1 | Remaining: 629 | Failed: 1 | ETA: 14891.7 min
  Active subjects:
    002_S_4171: Step 3/10: HD-BET skull stripping
    002_S_4225: Step 2/10: N4 bias field correction
    002_S_4229: Step 2/10: N4 bias field correction
    002_S_4270: Step 3/10: HD-BET skull stripping
    002_S_4447: Step 2/10: N4 bias field correction
    002_S_4473: Step 2/10: N4 bias field correction
    002_S_4654: Step 2/10: N4 bias field correction
    002_S_4746: Step 2/10: N4 bias field correction
    002_S_5018: Step 2/10: N4 bias field correction
    003_S_4288: Step 3/10: HD-BET skull stripping
    003_S_4350: Step 2/10: N4 bias field correction
    003_S_4441: Step 2/10: N4 bias field correction
    003_S_4872: Step 2/10: N4 bias field correction
    003_S_4900: Step 2/10: N4 bias field correction
    005_S_0221: Step 3/10: HD-BET skull stripping
    005_S_0222: Step 3/10: HD-BET skull stripping
    005_S_0546: Step 2/10: N4 bias field correction
    005_S_0610: Step 3/10: HD-BET skull stripping
    005_S_0929: Step 1/10: DICOM -> NIfTI (dcm2niix)

[Live Progress] Done: 1 | Remaining: 629 | Failed: 1 | ETA: 14902.2 min
  Active subjects:
    002_S_4171: Step 3/10: HD-BET skull stripping
    002_S_4225: Step 2/10: N4 bias field correction
    002_S_4229: Step 2/10: N4 bias field correction
    002_S_4270: Step 3/10: HD-BET skull stripping
    002_S_4447: Step 3/10: HD-BET skull stripping
    002_S_4473: Step 2/10: N4 bias field correction
    002_S_4654: Step 2/10: N4 bias field correction
    002_S_4746: Step 2/10: N4 bias field correction
    002_S_5018: Step 2/10: N4 bias field correction
    003_S_4288: Step 3/10: HD-BET skull stripping
    003_S_4350: Step 2/10: N4 bias field correction
    003_S_4441: Step 2/10: N4 bias field correction
    003_S_4872: Step 2/10: N4 bias field correction
    003_S_4900: Step 2/10: N4 bias field correction
    005_S_0221: Step 3/10: HD-BET skull stripping
    005_S_0222: Step 3/10: HD-BET skull stripping
    005_S_0546: Step 2/10: N4 bias field correction
    005_S_0610: Step 3/10: HD-BET skull stripping
    005_S_0929: Step 1/10: DICOM -> NIfTI (dcm2niix)

[Live Progress] Done: 1 | Remaining: 629 | Failed: 1 | ETA: 14912.7 min
  Active subjects:
    002_S_4171: Step 3/10: HD-BET skull stripping
    002_S_4225: Step 2/10: N4 bias field correction
    002_S_4229: Step 2/10: N4 bias field correction
    002_S_4270: Step 3/10: HD-BET skull stripping
    002_S_4447: Step 3/10: HD-BET skull stripping
    002_S_4473: Step 2/10: N4 bias field correction
    002_S_4654: Step 2/10: N4 bias field correction
    002_S_4746: Step 2/10: N4 bias field correction
    002_S_5018: Step 2/10: N4 bias field correction
    003_S_4288: Step 3/10: HD-BET skull stripping
    003_S_4350: Step 2/10: N4 bias field correction
    003_S_4441: Step 2/10: N4 bias field correction
    003_S_4872: Step 2/10: N4 bias field correction
    003_S_4900: Step 2/10: N4 bias field correction
    005_S_0221: Step 3/10: HD-BET skull stripping
    005_S_0222: Step 3/10: HD-BET skull stripping
    005_S_0546: Step 2/10: N4 bias field correction
    005_S_0610: Step 3/10: HD-BET skull stripping
    005_S_0929: Step 1/10: DICOM -> NIfTI (dcm2niix)

[Live Progress] Done: 1 | Remaining: 629 | Failed: 1 | ETA: 14923.2 min
  Active subjects:
    002_S_4171: Step 3/10: HD-BET skull stripping
    002_S_4225: Step 2/10: N4 bias field correction
    002_S_4229: Step 2/10: N4 bias field correction
    002_S_4270: Step 3/10: HD-BET skull stripping
    002_S_4447: Step 3/10: HD-BET skull stripping
    002_S_4473: Step 2/10: N4 bias field correction
    002_S_4654: Step 2/10: N4 bias field correction
    002_S_4746: Step 2/10: N4 bias field correction
    002_S_5018: Step 2/10: N4 bias field correction
    003_S_4288: Step 3/10: HD-BET skull stripping
    003_S_4350: Step 2/10: N4 bias field correction
    003_S_4441: Step 2/10: N4 bias field correction
    003_S_4872: Step 2/10: N4 bias field correction
    003_S_4900: Step 2/10: N4 bias field correction
    005_S_0221: Step 3/10: HD-BET skull stripping
    005_S_0222: Step 3/10: HD-BET skull stripping
    005_S_0546: Step 2/10: N4 bias field correction
    005_S_0610: Step 3/10: HD-BET skull stripping
    005_S_0929: Step 1/10: DICOM -> NIfTI (dcm2niix)

[Live Progress] Done: 1 | Remaining: 629 | Failed: 1 | ETA: 14933.7 min
  Active subjects:
    002_S_4171: Step 3/10: HD-BET skull stripping
    002_S_4225: Step 3/10: HD-BET skull stripping
    002_S_4229: Step 2/10: N4 bias field correction
    002_S_4270: Step 3/10: HD-BET skull stripping
    002_S_4447: Step 3/10: HD-BET skull stripping
    002_S_4473: Step 2/10: N4 bias field correction
    002_S_4654: Step 2/10: N4 bias field correction
    002_S_4746: Step 2/10: N4 bias field correction
    002_S_5018: Step 2/10: N4 bias field correction
    003_S_4288: Step 3/10: HD-BET skull stripping
    003_S_4350: Step 2/10: N4 bias field correction
    003_S_4441: Step 2/10: N4 bias field correction
    003_S_4872: Step 2/10: N4 bias field correction
    003_S_4900: Step 2/10: N4 bias field correction
    005_S_0221: Step 3/10: HD-BET skull stripping
    005_S_0222: Step 3/10: HD-BET skull stripping
    005_S_0546: Step 2/10: N4 bias field correction
    005_S_0610: Step 3/10: HD-BET skull stripping
    005_S_0929: Step 1/10: DICOM -> NIfTI (dcm2niix)

[Live Progress] Done: 1 | Remaining: 629 | Failed: 1 | ETA: 14944.2 min
  Active subjects:
    002_S_4171: Step 3/10: HD-BET skull stripping
    002_S_4225: Step 3/10: HD-BET skull stripping
    002_S_4229: Step 2/10: N4 bias field correction
    002_S_4270: Step 3/10: HD-BET skull stripping
    002_S_4447: Step 3/10: HD-BET skull stripping
    002_S_4473: Step 2/10: N4 bias field correction
    002_S_4654: Step 2/10: N4 bias field correction
    002_S_4746: Step 2/10: N4 bias field correction
    002_S_5018: Step 2/10: N4 bias field correction
    003_S_4288: Step 3/10: HD-BET skull stripping
    003_S_4350: Step 2/10: N4 bias field correction
    003_S_4441: Step 2/10: N4 bias field correction
    003_S_4872: Step 2/10: N4 bias field correction
    003_S_4900: Step 2/10: N4 bias field correction
    005_S_0221: Step 3/10: HD-BET skull stripping
    005_S_0222: Step 3/10: HD-BET skull stripping
    005_S_0546: Step 2/10: N4 bias field correction
    005_S_0610: Step 3/10: HD-BET skull stripping
    005_S_0929: Step 1/10: DICOM -> NIfTI (dcm2niix)

[Live Progress] Done: 1 | Remaining: 629 | Failed: 1 | ETA: 14954.8 min
  Active subjects:
    002_S_4171: Step 3/10: HD-BET skull stripping
    002_S_4225: Step 3/10: HD-BET skull stripping
    002_S_4229: Step 2/10: N4 bias field correction
    002_S_4270: Step 3/10: HD-BET skull stripping
    002_S_4447: Step 3/10: HD-BET skull stripping
    002_S_4473: Step 2/10: N4 bias field correction
    002_S_4654: Step 2/10: N4 bias field correction
    002_S_4746: Step 2/10: N4 bias field correction
    002_S_5018: Step 2/10: N4 bias field correction
    003_S_4288: Step 3/10: HD-BET skull stripping
    003_S_4350: Step 2/10: N4 bias field correction
    003_S_4441: Step 2/10: N4 bias field correction
    003_S_4872: Step 2/10: N4 bias field correction
    003_S_4900: Step 2/10: N4 bias field correction
    005_S_0221: Step 3/10: HD-BET skull stripping
    005_S_0222: Step 3/10: HD-BET skull stripping
    005_S_0546: Step 2/10: N4 bias field correction
    005_S_0610: Step 3/10: HD-BET skull stripping
    005_S_0929: Step 1/10: DICOM -> NIfTI (dcm2niix)

[Live Progress] Done: 1 | Remaining: 629 | Failed: 1 | ETA: 14966.0 min
  Active subjects:
    002_S_4171: Step 3/10: HD-BET skull stripping
    002_S_4225: Step 3/10: HD-BET skull stripping
    002_S_4229: Step 2/10: N4 bias field correction
    002_S_4270: Step 3/10: HD-BET skull stripping
    002_S_4447: Step 3/10: HD-BET skull stripping
    002_S_4473: Step 2/10: N4 bias field correction
    002_S_4654: Step 2/10: N4 bias field correction
    002_S_4746: Step 2/10: N4 bias field correction
    002_S_5018: Step 2/10: N4 bias field correction
    003_S_4288: Step 3/10: HD-BET skull stripping
    003_S_4350: Step 2/10: N4 bias field correction
    003_S_4441: Step 2/10: N4 bias field correction
    003_S_4872: Step 2/10: N4 bias field correction
    003_S_4900: Step 2/10: N4 bias field correction
    005_S_0221: Step 3/10: HD-BET skull stripping
    005_S_0222: Step 3/10: HD-BET skull stripping
    005_S_0546: Step 2/10: N4 bias field correction
    005_S_0610: Step 3/10: HD-BET skull stripping
    005_S_0929: Step 1/10: DICOM -> NIfTI (dcm2niix)

[Live Progress] Done: 1 | Remaining: 629 | Failed: 1 | ETA: 14999.1 min
  Active subjects:
    002_S_4171: Step 3/10: HD-BET skull stripping
    002_S_4225: Step 3/10: HD-BET skull stripping
    002_S_4229: Step 2/10: N4 bias field correction
    002_S_4270: Step 3/10: HD-BET skull stripping
    002_S_4447: Step 3/10: HD-BET skull stripping
    002_S_4473: Step 2/10: N4 bias field correction
    002_S_4654: Step 2/10: N4 bias field correction
    002_S_4746: Step 2/10: N4 bias field correction
    002_S_5018: Step 2/10: N4 bias field correction
    003_S_4288: Step 3/10: HD-BET skull stripping
    003_S_4350: Step 2/10: N4 bias field correction
    003_S_4441: Step 2/10: N4 bias field correction
    003_S_4872: Step 2/10: N4 bias field correction
    003_S_4900: Step 2/10: N4 bias field correction
    005_S_0221: Step 3/10: HD-BET skull stripping
    005_S_0222: Step 3/10: HD-BET skull stripping
    005_S_0546: Step 2/10: N4 bias field correction
    005_S_0610: Step 3/10: HD-BET skull stripping
    005_S_0929: Step 1/10: DICOM -> NIfTI (dcm2niix)

[Live Progress] Done: 1 | Remaining: 629 | Failed: 1 | ETA: 15039.5 min
  Active subjects:
    002_S_4171: Step 3/10: HD-BET skull stripping
    002_S_4225: Step 3/10: HD-BET skull stripping
    002_S_4229: Step 2/10: N4 bias field correction
    002_S_4270: Step 3/10: HD-BET skull stripping
    002_S_4447: Step 3/10: HD-BET skull stripping
    002_S_4473: Step 2/10: N4 bias field correction
    002_S_4654: Step 2/10: N4 bias field correction
    002_S_4746: Step 2/10: N4 bias field correction
    002_S_5018: Step 2/10: N4 bias field correction
    003_S_4288: Step 3/10: HD-BET skull stripping
    003_S_4350: Step 2/10: N4 bias field correction
    003_S_4441: Step 2/10: N4 bias field correction
    003_S_4872: Step 2/10: N4 bias field correction
    003_S_4900: Step 2/10: N4 bias field correction
    005_S_0221: Step 3/10: HD-BET skull stripping
    005_S_0222: Step 3/10: HD-BET skull stripping
    005_S_0546: Step 2/10: N4 bias field correction
    005_S_0610: Step 3/10: HD-BET skull stripping
    005_S_0929: Step 1/10: DICOM -> NIfTI (dcm2niix)

[Live Progress] Done: 1 | Remaining: 629 | Failed: 1 | ETA: 15101.8 min
  Active subjects:
    002_S_4171: Step 3/10: HD-BET skull stripping
    002_S_4225: Step 3/10: HD-BET skull stripping
    002_S_4229: Step 2/10: N4 bias field correction
    002_S_4270: Step 3/10: HD-BET skull stripping
    002_S_4447: Step 3/10: HD-BET skull stripping
    002_S_4473: Step 2/10: N4 bias field correction
    002_S_4654: Step 2/10: N4 bias field correction
    002_S_4746: Step 2/10: N4 bias field correction
    002_S_5018: Step 2/10: N4 bias field correction
    003_S_4288: Step 3/10: HD-BET skull stripping
    003_S_4350: Step 2/10: N4 bias field correction
    003_S_4441: Step 2/10: N4 bias field correction
    003_S_4872: Step 2/10: N4 bias field correction
    003_S_4900: Step 2/10: N4 bias field correction
    005_S_0221: Step 3/10: HD-BET skull stripping
    005_S_0222: Step 3/10: HD-BET skull stripping
    005_S_0546: Step 2/10: N4 bias field correction
    005_S_0610: Step 3/10: HD-BET skull stripping
    005_S_0929: Step 1/10: DICOM -> NIfTI (dcm2niix)

[Live Progress] Done: 1 | Remaining: 629 | Failed: 1 | ETA: 15137.7 min
  Active subjects:
    002_S_4171: Step 3/10: HD-BET skull stripping
    002_S_4225: Step 3/10: HD-BET skull stripping
    002_S_4229: Step 2/10: N4 bias field correction
    002_S_4270: Step 3/10: HD-BET skull stripping
    002_S_4447: Step 3/10: HD-BET skull stripping
    002_S_4473: Step 2/10: N4 bias field correction
    002_S_4654: Step 2/10: N4 bias field correction
    002_S_4746: Step 2/10: N4 bias field correction
    002_S_5018: Step 2/10: N4 bias field correction
    003_S_4288: Step 3/10: HD-BET skull stripping
    003_S_4350: Step 2/10: N4 bias field correction
    003_S_4441: Step 2/10: N4 bias field correction
    003_S_4872: Step 2/10: N4 bias field correction
    003_S_4900: Step 2/10: N4 bias field correction
    005_S_0221: Step 3/10: HD-BET skull stripping
    005_S_0222: Step 3/10: HD-BET skull stripping
    005_S_0546: Step 2/10: N4 bias field correction
    005_S_0610: Step 3/10: HD-BET skull stripping
    005_S_0929: Step 1/10: DICOM -> NIfTI (dcm2niix)

[Live Progress] Done: 1 | Remaining: 629 | Failed: 1 | ETA: 15230.1 min
  Active subjects:
    002_S_4171: Step 3/10: HD-BET skull stripping
    002_S_4225: Step 3/10: HD-BET skull stripping
    002_S_4229: Step 2/10: N4 bias field correction
    002_S_4270: Step 3/10: HD-BET skull stripping
    002_S_4447: Step 3/10: HD-BET skull stripping
    002_S_4473: Step 2/10: N4 bias field correction
    002_S_4654: Step 2/10: N4 bias field correction
    002_S_4746: Step 2/10: N4 bias field correction
    002_S_5018: Step 2/10: N4 bias field correction
    003_S_4288: Step 3/10: HD-BET skull stripping
    003_S_4350: Step 2/10: N4 bias field correction
    003_S_4441: Step 2/10: N4 bias field correction
    003_S_4872: Step 2/10: N4 bias field correction
    003_S_4900: Step 2/10: N4 bias field correction
    005_S_0221: Step 3/10: HD-BET skull stripping
    005_S_0222: Step 3/10: HD-BET skull stripping
    005_S_0546: Step 2/10: N4 bias field correction
    005_S_0610: Step 3/10: HD-BET skull stripping
    005_S_0929: Step 1/10: DICOM -> NIfTI (dcm2niix)

[Live Progress] Done: 1 | Remaining: 629 | Failed: 1 | ETA: 15355.1 min
  Active subjects:
    002_S_4171: Step 3/10: HD-BET skull stripping
    002_S_4225: Step 3/10: HD-BET skull stripping
    002_S_4229: Step 2/10: N4 bias field correction
    002_S_4270: Step 3/10: HD-BET skull stripping
    002_S_4447: Step 3/10: HD-BET skull stripping
    002_S_4473: Step 2/10: N4 bias field correction
    002_S_4654: Step 2/10: N4 bias field correction
    002_S_4746: Step 2/10: N4 bias field correction
    002_S_5018: Step 2/10: N4 bias field correction
    003_S_4288: Step 3/10: HD-BET skull stripping
    003_S_4350: Step 2/10: N4 bias field correction
    003_S_4441: Step 2/10: N4 bias field correction
    003_S_4872: Step 2/10: N4 bias field correction
    003_S_4900: Step 2/10: N4 bias field correction
    005_S_0221: Step 3/10: HD-BET skull stripping
    005_S_0222: Step 3/10: HD-BET skull stripping
    005_S_0546: Step 2/10: N4 bias field correction
    005_S_0610: Step 3/10: HD-BET skull stripping
    005_S_0929: Step 1/10: DICOM -> NIfTI (dcm2niix)

[Live Progress] Done: 1 | Remaining: 629 | Failed: 1 | ETA: 16317.3 min
  Active subjects:
    002_S_4171: Step 3/10: HD-BET skull stripping
    002_S_4225: Step 3/10: HD-BET skull stripping
    002_S_4229: Step 2/10: N4 bias field correction
    002_S_4270: Step 3/10: HD-BET skull stripping
    002_S_4447: Step 3/10: HD-BET skull stripping
    002_S_4473: Step 2/10: N4 bias field correction
    002_S_4654: Step 2/10: N4 bias field correction
    002_S_4746: Step 2/10: N4 bias field correction
    002_S_5018: Step 2/10: N4 bias field correction
    003_S_4288: Step 3/10: HD-BET skull stripping
    003_S_4350: Step 2/10: N4 bias field correction
    003_S_4441: Step 2/10: N4 bias field correction
    003_S_4872: Step 2/10: N4 bias field correction
    003_S_4900: Step 2/10: N4 bias field correction
    005_S_0221: Step 3/10: HD-BET skull stripping
    005_S_0222: Step 3/10: HD-BET skull stripping
    005_S_0546: Step 2/10: N4 bias field correction
    005_S_0610: Step 3/10: HD-BET skull stripping
    005_S_0929: Step 1/10: DICOM -> NIfTI (dcm2niix)

[Live Progress] Done: 1 | Remaining: 629 | Failed: 1 | ETA: 16328.1 min
  Active subjects:
    002_S_4171: Step 3/10: HD-BET skull stripping
    002_S_4225: Step 3/10: HD-BET skull stripping
    002_S_4229: Step 2/10: N4 bias field correction
    002_S_4270: Step 3/10: HD-BET skull stripping
    002_S_4447: Step 3/10: HD-BET skull stripping
    002_S_4473: Step 2/10: N4 bias field correction
    002_S_4654: Step 2/10: N4 bias field correction
    002_S_4746: Step 2/10: N4 bias field correction
    002_S_5018: Step 2/10: N4 bias field correction
    003_S_4288: Step 3/10: HD-BET skull stripping
    003_S_4350: Step 2/10: N4 bias field correction
    003_S_4441: Step 2/10: N4 bias field correction
    003_S_4872: Step 2/10: N4 bias field correction
    003_S_4900: Step 2/10: N4 bias field correction
    005_S_0221: Step 3/10: HD-BET skull stripping
    005_S_0222: Step 3/10: HD-BET skull stripping
    005_S_0546: Step 2/10: N4 bias field correction
    005_S_0610: Step 3/10: HD-BET skull stripping
    005_S_0929: Step 1/10: DICOM -> NIfTI (dcm2niix)

[Live Progress] Done: 1 | Remaining: 629 | Failed: 1 | ETA: 16339.0 min
  Active subjects:
    002_S_4171: Step 3/10: HD-BET skull stripping
    002_S_4225: Step 3/10: HD-BET skull stripping
    002_S_4229: Step 2/10: N4 bias field correction
    002_S_4270: Step 3/10: HD-BET skull stripping
    002_S_4447: Step 3/10: HD-BET skull stripping
    002_S_4473: Step 2/10: N4 bias field correction
    002_S_4654: Step 2/10: N4 bias field correction
    002_S_4746: Step 2/10: N4 bias field correction
    002_S_5018: Step 2/10: N4 bias field correction
    003_S_4288: Step 3/10: HD-BET skull stripping
    003_S_4350: Step 2/10: N4 bias field correction
    003_S_4441: Step 2/10: N4 bias field correction
    003_S_4872: Step 2/10: N4 bias field correction
    003_S_4900: Step 2/10: N4 bias field correction
    005_S_0221: Step 3/10: HD-BET skull stripping
    005_S_0222: Step 3/10: HD-BET skull stripping
    005_S_0546: Step 2/10: N4 bias field correction
    005_S_0610: Step 3/10: HD-BET skull stripping
    005_S_0929: Step 1/10: DICOM -> NIfTI (dcm2niix)

[Live Progress] Done: 1 | Remaining: 629 | Failed: 1 | ETA: 16349.6 min
  Active subjects:
    002_S_4171: Step 3/10: HD-BET skull stripping
    002_S_4225: Step 3/10: HD-BET skull stripping
    002_S_4229: Step 2/10: N4 bias field correction
    002_S_4270: Step 3/10: HD-BET skull stripping
    002_S_4447: Step 3/10: HD-BET skull stripping
    002_S_4473: Step 2/10: N4 bias field correction
    002_S_4654: Step 2/10: N4 bias field correction
    002_S_4746: Step 2/10: N4 bias field correction
    002_S_5018: Step 2/10: N4 bias field correction
    003_S_4288: Step 3/10: HD-BET skull stripping
    003_S_4350: Step 2/10: N4 bias field correction
    003_S_4441: Step 2/10: N4 bias field correction
    003_S_4872: Step 2/10: N4 bias field correction
    003_S_4900: Step 2/10: N4 bias field correction
    005_S_0221: Step 3/10: HD-BET skull stripping
    005_S_0222: Step 3/10: HD-BET skull stripping
    005_S_0546: Step 2/10: N4 bias field correction
    005_S_0610: Step 3/10: HD-BET skull stripping
    005_S_0929: Step 1/10: DICOM -> NIfTI (dcm2niix)

[Live Progress] Done: 1 | Remaining: 629 | Failed: 1 | ETA: 16360.2 min
  Active subjects:
    002_S_4171: Step 3/10: HD-BET skull stripping
    002_S_4225: Step 3/10: HD-BET skull stripping
    002_S_4229: Step 2/10: N4 bias field correction
    002_S_4270: Step 3/10: HD-BET skull stripping
    002_S_4447: Step 3/10: HD-BET skull stripping
    002_S_4473: Step 2/10: N4 bias field correction
    002_S_4654: Step 2/10: N4 bias field correction
    002_S_4746: Step 2/10: N4 bias field correction
    002_S_5018: Step 2/10: N4 bias field correction
    003_S_4288: Step 3/10: HD-BET skull stripping
    003_S_4350: Step 2/10: N4 bias field correction
    003_S_4441: Step 2/10: N4 bias field correction
    003_S_4872: Step 2/10: N4 bias field correction
    003_S_4900: Step 2/10: N4 bias field correction
    005_S_0221: Step 3/10: HD-BET skull stripping
    005_S_0222: Step 3/10: HD-BET skull stripping
    005_S_0546: Step 2/10: N4 bias field correction
    005_S_0610: Step 3/10: HD-BET skull stripping
    005_S_0929: Step 1/10: DICOM -> NIfTI (dcm2niix)

[Live Progress] Done: 1 | Remaining: 629 | Failed: 1 | ETA: 16370.7 min
  Active subjects:
    002_S_4171: Step 3/10: HD-BET skull stripping
    002_S_4225: Step 3/10: HD-BET skull stripping
    002_S_4229: Step 2/10: N4 bias field correction
    002_S_4270: Step 3/10: HD-BET skull stripping
    002_S_4447: Step 3/10: HD-BET skull stripping
    002_S_4473: Step 2/10: N4 bias field correction
    002_S_4654: Step 2/10: N4 bias field correction
    002_S_4746: Step 2/10: N4 bias field correction
    002_S_5018: Step 2/10: N4 bias field correction
    003_S_4288: Step 3/10: HD-BET skull stripping
    003_S_4350: Step 2/10: N4 bias field correction
    003_S_4441: Step 2/10: N4 bias field correction
    003_S_4872: Step 2/10: N4 bias field correction
    003_S_4900: Step 2/10: N4 bias field correction
    005_S_0221: Step 3/10: HD-BET skull stripping
    005_S_0222: Step 3/10: HD-BET skull stripping
    005_S_0546: Step 2/10: N4 bias field correction
    005_S_0610: Step 3/10: HD-BET skull stripping
    005_S_0929: Step 1/10: DICOM -> NIfTI (dcm2niix)

[Live Progress] Done: 1 | Remaining: 629 | Failed: 1 | ETA: 16381.2 min
  Active subjects:
    002_S_4171: Step 3/10: HD-BET skull stripping
    002_S_4225: Step 3/10: HD-BET skull stripping
    002_S_4229: Step 2/10: N4 bias field correction
    002_S_4270: Step 3/10: HD-BET skull stripping
    002_S_4447: Step 3/10: HD-BET skull stripping
    002_S_4473: Step 2/10: N4 bias field correction
    002_S_4654: Step 2/10: N4 bias field correction
    002_S_4746: Step 2/10: N4 bias field correction
    002_S_5018: Step 2/10: N4 bias field correction
    003_S_4288: Step 3/10: HD-BET skull stripping
    003_S_4350: Step 2/10: N4 bias field correction
    003_S_4441: Step 2/10: N4 bias field correction
    003_S_4872: Step 2/10: N4 bias field correction
    003_S_4900: Step 2/10: N4 bias field correction
    005_S_0221: Step 3/10: HD-BET skull stripping
    005_S_0222: Step 3/10: HD-BET skull stripping
    005_S_0546: Step 2/10: N4 bias field correction
    005_S_0610: Step 3/10: HD-BET skull stripping
    005_S_0929: Step 1/10: DICOM -> NIfTI (dcm2niix)

[Live Progress] Done: 1 | Remaining: 629 | Failed: 1 | ETA: 16391.7 min
  Active subjects:
    002_S_4171: Step 3/10: HD-BET skull stripping
    002_S_4225: Step 3/10: HD-BET skull stripping
    002_S_4229: Step 2/10: N4 bias field correction
    002_S_4270: Step 3/10: HD-BET skull stripping
    002_S_4447: Step 3/10: HD-BET skull stripping
    002_S_4473: Step 2/10: N4 bias field correction
    002_S_4654: Step 2/10: N4 bias field correction
    002_S_4746: Step 2/10: N4 bias field correction
    002_S_5018: Step 2/10: N4 bias field correction
    003_S_4288: Step 3/10: HD-BET skull stripping
    003_S_4350: Step 2/10: N4 bias field correction
    003_S_4441: Step 2/10: N4 bias field correction
    003_S_4872: Step 2/10: N4 bias field correction
    003_S_4900: Step 2/10: N4 bias field correction
    005_S_0221: Step 3/10: HD-BET skull stripping
    005_S_0222: Step 3/10: HD-BET skull stripping
    005_S_0546: Step 2/10: N4 bias field correction
    005_S_0610: Step 3/10: HD-BET skull stripping
    005_S_0929: Step 1/10: DICOM -> NIfTI (dcm2niix)

[Live Progress] Done: 1 | Remaining: 629 | Failed: 1 | ETA: 16402.3 min
  Active subjects:
    002_S_4171: Step 3/10: HD-BET skull stripping
    002_S_4225: Step 3/10: HD-BET skull stripping
    002_S_4229: Step 2/10: N4 bias field correction
    002_S_4270: Step 3/10: HD-BET skull stripping
    002_S_4447: Step 3/10: HD-BET skull stripping
    002_S_4473: Step 2/10: N4 bias field correction
    002_S_4654: Step 2/10: N4 bias field correction
    002_S_4746: Step 2/10: N4 bias field correction
    002_S_5018: Step 2/10: N4 bias field correction
    003_S_4288: Step 3/10: HD-BET skull stripping
    003_S_4350: Step 2/10: N4 bias field correction
    003_S_4441: Step 2/10: N4 bias field correction
    003_S_4872: Step 2/10: N4 bias field correction
    003_S_4900: Step 2/10: N4 bias field correction
    005_S_0221: Step 3/10: HD-BET skull stripping
    005_S_0222: Step 3/10: HD-BET skull stripping
    005_S_0546: Step 2/10: N4 bias field correction
    005_S_0610: Step 3/10: HD-BET skull stripping
    005_S_0929: Step 1/10: DICOM -> NIfTI (dcm2niix)

[Live Progress] Done: 1 | Remaining: 629 | Failed: 1 | ETA: 16412.8 min
  Active subjects:
    002_S_4171: Step 3/10: HD-BET skull stripping
    002_S_4225: Step 3/10: HD-BET skull stripping
    002_S_4229: Step 2/10: N4 bias field correction
    002_S_4270: Step 3/10: HD-BET skull stripping
    002_S_4447: Step 3/10: HD-BET skull stripping
    002_S_4473: Step 2/10: N4 bias field correction
    002_S_4654: Step 2/10: N4 bias field correction
    002_S_4746: Step 2/10: N4 bias field correction
    002_S_5018: Step 2/10: N4 bias field correction
    003_S_4288: Step 3/10: HD-BET skull stripping
    003_S_4350: Step 2/10: N4 bias field correction
    003_S_4441: Step 2/10: N4 bias field correction
    003_S_4872: Step 2/10: N4 bias field correction
    003_S_4900: Step 2/10: N4 bias field correction
    005_S_0221: Step 3/10: HD-BET skull stripping
    005_S_0222: Step 3/10: HD-BET skull stripping
    005_S_0546: Step 2/10: N4 bias field correction
    005_S_0610: Step 3/10: HD-BET skull stripping
    005_S_0929: Step 1/10: DICOM -> NIfTI (dcm2niix)

[Live Progress] Done: 1 | Remaining: 629 | Failed: 1 | ETA: 16423.4 min
  Active subjects:
    002_S_4171: Step 3/10: HD-BET skull stripping
    002_S_4225: Step 3/10: HD-BET skull stripping
    002_S_4229: Step 2/10: N4 bias field correction
    002_S_4270: Step 3/10: HD-BET skull stripping
    002_S_4447: Step 3/10: HD-BET skull stripping
    002_S_4473: Step 2/10: N4 bias field correction
    002_S_4654: Step 2/10: N4 bias field correction
    002_S_4746: Step 2/10: N4 bias field correction
    002_S_5018: Step 2/10: N4 bias field correction
    003_S_4288: Step 3/10: HD-BET skull stripping
    003_S_4350: Step 2/10: N4 bias field correction
    003_S_4441: Step 2/10: N4 bias field correction
    003_S_4872: Step 2/10: N4 bias field correction
    003_S_4900: Step 2/10: N4 bias field correction
    005_S_0221: Step 3/10: HD-BET skull stripping
    005_S_0222: Step 3/10: HD-BET skull stripping
    005_S_0546: Step 2/10: N4 bias field correction
    005_S_0610: Step 3/10: HD-BET skull stripping
    005_S_0929: Step 1/10: DICOM -> NIfTI (dcm2niix)

[Live Progress] Done: 1 | Remaining: 629 | Failed: 1 | ETA: 16434.0 min
  Active subjects:
    002_S_4171: Step 3/10: HD-BET skull stripping
    002_S_4225: Step 3/10: HD-BET skull stripping
    002_S_4229: Step 2/10: N4 bias field correction
    002_S_4270: Step 3/10: HD-BET skull stripping
    002_S_4447: Step 3/10: HD-BET skull stripping
    002_S_4473: Step 2/10: N4 bias field correction
    002_S_4654: Step 2/10: N4 bias field correction
    002_S_4746: Step 2/10: N4 bias field correction
    002_S_5018: Step 2/10: N4 bias field correction
    003_S_4288: Step 3/10: HD-BET skull stripping
    003_S_4350: Step 2/10: N4 bias field correction
    003_S_4441: Step 2/10: N4 bias field correction
    003_S_4872: Step 2/10: N4 bias field correction
    003_S_4900: Step 2/10: N4 bias field correction
    005_S_0221: Step 3/10: HD-BET skull stripping
    005_S_0222: Step 3/10: HD-BET skull stripping
    005_S_0546: Step 2/10: N4 bias field correction
    005_S_0610: Step 3/10: HD-BET skull stripping
    005_S_0929: Step 1/10: DICOM -> NIfTI (dcm2niix)

[Live Progress] Done: 1 | Remaining: 629 | Failed: 1 | ETA: 16444.6 min
  Active subjects:
    002_S_4171: Step 3/10: HD-BET skull stripping
    002_S_4225: Step 3/10: HD-BET skull stripping
    002_S_4229: Step 2/10: N4 bias field correction
    002_S_4270: Step 3/10: HD-BET skull stripping
    002_S_4447: Step 3/10: HD-BET skull stripping
    002_S_4473: Step 2/10: N4 bias field correction
    002_S_4654: Step 2/10: N4 bias field correction
    002_S_4746: Step 2/10: N4 bias field correction
    002_S_5018: Step 2/10: N4 bias field correction
    003_S_4288: Step 3/10: HD-BET skull stripping
    003_S_4350: Step 2/10: N4 bias field correction
    003_S_4441: Step 2/10: N4 bias field correction
    003_S_4872: Step 2/10: N4 bias field correction
    003_S_4900: Step 2/10: N4 bias field correction
    005_S_0221: Step 3/10: HD-BET skull stripping
    005_S_0222: Step 3/10: HD-BET skull stripping
    005_S_0546: Step 2/10: N4 bias field correction
    005_S_0610: Step 3/10: HD-BET skull stripping
    005_S_0929: Step 1/10: DICOM -> NIfTI (dcm2niix)

[Live Progress] Done: 1 | Remaining: 629 | Failed: 1 | ETA: 16455.2 min
  Active subjects:
    002_S_4171: Step 3/10: HD-BET skull stripping
    002_S_4225: Step 3/10: HD-BET skull stripping
    002_S_4229: Step 2/10: N4 bias field correction
    002_S_4270: Step 3/10: HD-BET skull stripping
    002_S_4447: Step 3/10: HD-BET skull stripping
    002_S_4473: Step 2/10: N4 bias field correction
    002_S_4654: Step 2/10: N4 bias field correction
    002_S_4746: Step 2/10: N4 bias field correction
    002_S_5018: Step 2/10: N4 bias field correction
    003_S_4288: Step 3/10: HD-BET skull stripping
    003_S_4350: Step 2/10: N4 bias field correction
    003_S_4441: Step 2/10: N4 bias field correction
    003_S_4872: Step 2/10: N4 bias field correction
    003_S_4900: Step 2/10: N4 bias field correction
    005_S_0221: Step 3/10: HD-BET skull stripping
    005_S_0222: Step 3/10: HD-BET skull stripping
    005_S_0546: Step 2/10: N4 bias field correction
    005_S_0610: Step 3/10: HD-BET skull stripping
    005_S_0929: Step 1/10: DICOM -> NIfTI (dcm2niix)

[Live Progress] Done: 1 | Remaining: 629 | Failed: 1 | ETA: 16465.9 min
  Active subjects:
    002_S_4171: Step 3/10: HD-BET skull stripping
    002_S_4225: Step 3/10: HD-BET skull stripping
    002_S_4229: Step 2/10: N4 bias field correction
    002_S_4270: Step 3/10: HD-BET skull stripping
    002_S_4447: Step 3/10: HD-BET skull stripping
    002_S_4473: Step 2/10: N4 bias field correction
    002_S_4654: Step 2/10: N4 bias field correction
    002_S_4746: Step 2/10: N4 bias field correction
    002_S_5018: Step 2/10: N4 bias field correction
    003_S_4288: Step 3/10: HD-BET skull stripping
    003_S_4350: Step 2/10: N4 bias field correction
    003_S_4441: Step 2/10: N4 bias field correction
    003_S_4872: Step 2/10: N4 bias field correction
    003_S_4900: Step 2/10: N4 bias field correction
    005_S_0221: Step 3/10: HD-BET skull stripping
    005_S_0222: Step 3/10: HD-BET skull stripping
    005_S_0546: Step 2/10: N4 bias field correction
    005_S_0610: Step 3/10: HD-BET skull stripping
    005_S_0929: Step 1/10: DICOM -> NIfTI (dcm2niix)

[Live Progress] Done: 1 | Remaining: 629 | Failed: 1 | ETA: 16476.5 min
  Active subjects:
    002_S_4171: Step 3/10: HD-BET skull stripping
    002_S_4225: Step 3/10: HD-BET skull stripping
    002_S_4229: Step 2/10: N4 bias field correction
    002_S_4270: Step 3/10: HD-BET skull stripping
    002_S_4447: Step 3/10: HD-BET skull stripping
    002_S_4473: Step 2/10: N4 bias field correction
    002_S_4654: Step 2/10: N4 bias field correction
    002_S_4746: Step 2/10: N4 bias field correction
    002_S_5018: Step 2/10: N4 bias field correction
    003_S_4288: Step 3/10: HD-BET skull stripping
    003_S_4350: Step 2/10: N4 bias field correction
    003_S_4441: Step 2/10: N4 bias field correction
    003_S_4872: Step 2/10: N4 bias field correction
    003_S_4900: Step 2/10: N4 bias field correction
    005_S_0221: Step 3/10: HD-BET skull stripping
    005_S_0222: Step 3/10: HD-BET skull stripping
    005_S_0546: Step 2/10: N4 bias field correction
    005_S_0610: Step 3/10: HD-BET skull stripping
    005_S_0929: Step 1/10: DICOM -> NIfTI (dcm2niix)

[Live Progress] Done: 1 | Remaining: 629 | Failed: 1 | ETA: 16487.1 min
  Active subjects:
    002_S_4171: Step 3/10: HD-BET skull stripping
    002_S_4225: Step 3/10: HD-BET skull stripping
    002_S_4229: Step 2/10: N4 bias field correction
    002_S_4270: Step 3/10: HD-BET skull stripping
    002_S_4447: Step 3/10: HD-BET skull stripping
    002_S_4473: Step 2/10: N4 bias field correction
    002_S_4654: Step 2/10: N4 bias field correction
    002_S_4746: Step 2/10: N4 bias field correction
    002_S_5018: Step 2/10: N4 bias field correction
    003_S_4288: Step 3/10: HD-BET skull stripping
    003_S_4350: Step 2/10: N4 bias field correction
    003_S_4441: Step 2/10: N4 bias field correction
    003_S_4872: Step 2/10: N4 bias field correction
    003_S_4900: Step 2/10: N4 bias field correction
    005_S_0221: Step 3/10: HD-BET skull stripping
    005_S_0222: Step 3/10: HD-BET skull stripping
    005_S_0546: Step 2/10: N4 bias field correction
    005_S_0610: Step 3/10: HD-BET skull stripping
    005_S_0929: Step 1/10: DICOM -> NIfTI (dcm2niix)

[Live Progress] Done: 1 | Remaining: 629 | Failed: 1 | ETA: 16497.8 min
  Active subjects:
    002_S_4171: Step 3/10: HD-BET skull stripping
    002_S_4225: Step 3/10: HD-BET skull stripping
    002_S_4229: Step 2/10: N4 bias field correction
    002_S_4270: Step 3/10: HD-BET skull stripping
    002_S_4447: Step 3/10: HD-BET skull stripping
    002_S_4473: Step 2/10: N4 bias field correction
    002_S_4654: Step 2/10: N4 bias field correction
    002_S_4746: Step 2/10: N4 bias field correction
    002_S_5018: Step 2/10: N4 bias field correction
    003_S_4288: Step 3/10: HD-BET skull stripping
    003_S_4350: Step 2/10: N4 bias field correction
    003_S_4441: Step 2/10: N4 bias field correction
    003_S_4872: Step 2/10: N4 bias field correction
    003_S_4900: Step 2/10: N4 bias field correction
    005_S_0221: Step 3/10: HD-BET skull stripping
    005_S_0222: Step 3/10: HD-BET skull stripping
    005_S_0546: Step 2/10: N4 bias field correction
    005_S_0610: Step 3/10: HD-BET skull stripping
    005_S_0929: Step 1/10: DICOM -> NIfTI (dcm2niix)

[Live Progress] Done: 1 | Remaining: 629 | Failed: 1 | ETA: 16508.5 min
  Active subjects:
    002_S_4171: Step 3/10: HD-BET skull stripping
    002_S_4225: Step 3/10: HD-BET skull stripping
    002_S_4229: Step 2/10: N4 bias field correction
    002_S_4270: Step 3/10: HD-BET skull stripping
    002_S_4447: Step 3/10: HD-BET skull stripping
    002_S_4473: Step 2/10: N4 bias field correction
    002_S_4654: Step 2/10: N4 bias field correction
    002_S_4746: Step 2/10: N4 bias field correction
    002_S_5018: Step 2/10: N4 bias field correction
    003_S_4288: Step 3/10: HD-BET skull stripping
    003_S_4350: Step 2/10: N4 bias field correction
    003_S_4441: Step 2/10: N4 bias field correction
    003_S_4872: Step 2/10: N4 bias field correction
    003_S_4900: Step 2/10: N4 bias field correction
    005_S_0221: Step 3/10: HD-BET skull stripping
    005_S_0222: Step 3/10: HD-BET skull stripping
    005_S_0546: Step 2/10: N4 bias field correction
    005_S_0610: Step 3/10: HD-BET skull stripping
    005_S_0929: Step 1/10: DICOM -> NIfTI (dcm2niix)

[Live Progress] Done: 1 | Remaining: 629 | Failed: 1 | ETA: 16519.1 min
  Active subjects:
    002_S_4171: Step 3/10: HD-BET skull stripping
    002_S_4225: Step 3/10: HD-BET skull stripping
    002_S_4229: Step 2/10: N4 bias field correction
    002_S_4270: Step 3/10: HD-BET skull stripping
    002_S_4447: Step 3/10: HD-BET skull stripping
    002_S_4473: Step 2/10: N4 bias field correction
    002_S_4654: Step 2/10: N4 bias field correction
    002_S_4746: Step 2/10: N4 bias field correction
    002_S_5018: Step 2/10: N4 bias field correction
    003_S_4288: Step 3/10: HD-BET skull stripping
    003_S_4350: Step 2/10: N4 bias field correction
    003_S_4441: Step 2/10: N4 bias field correction
    003_S_4872: Step 2/10: N4 bias field correction
    003_S_4900: Step 2/10: N4 bias field correction
    005_S_0221: Step 3/10: HD-BET skull stripping
    005_S_0222: Step 3/10: HD-BET skull stripping
    005_S_0546: Step 2/10: N4 bias field correction
    005_S_0610: Step 3/10: HD-BET skull stripping
    005_S_0929: Step 1/10: DICOM -> NIfTI (dcm2niix)

[Live Progress] Done: 1 | Remaining: 629 | Failed: 1 | ETA: 16529.8 min
  Active subjects:
    002_S_4171: Step 3/10: HD-BET skull stripping
    002_S_4225: Step 3/10: HD-BET skull stripping
    002_S_4229: Step 2/10: N4 bias field correction
    002_S_4270: Step 3/10: HD-BET skull stripping
    002_S_4447: Step 3/10: HD-BET skull stripping
    002_S_4473: Step 2/10: N4 bias field correction
    002_S_4654: Step 2/10: N4 bias field correction
    002_S_4746: Step 2/10: N4 bias field correction
    002_S_5018: Step 2/10: N4 bias field correction
    003_S_4288: Step 3/10: HD-BET skull stripping
    003_S_4350: Step 2/10: N4 bias field correction
    003_S_4441: Step 2/10: N4 bias field correction
    003_S_4872: Step 2/10: N4 bias field correction
    003_S_4900: Step 2/10: N4 bias field correction
    005_S_0221: Step 3/10: HD-BET skull stripping
    005_S_0222: Step 3/10: HD-BET skull stripping
    005_S_0546: Step 2/10: N4 bias field correction
    005_S_0610: Step 3/10: HD-BET skull stripping
    005_S_0929: Step 1/10: DICOM -> NIfTI (dcm2niix)

[Live Progress] Done: 1 | Remaining: 629 | Failed: 1 | ETA: 16540.4 min
  Active subjects:
    002_S_4171: Step 3/10: HD-BET skull stripping
    002_S_4225: Step 3/10: HD-BET skull stripping
    002_S_4229: Step 2/10: N4 bias field correction
    002_S_4270: Step 3/10: HD-BET skull stripping
    002_S_4447: Step 3/10: HD-BET skull stripping
    002_S_4473: Step 2/10: N4 bias field correction
    002_S_4654: Step 2/10: N4 bias field correction
    002_S_4746: Step 2/10: N4 bias field correction
    002_S_5018: Step 2/10: N4 bias field correction
    003_S_4288: Step 3/10: HD-BET skull stripping
    003_S_4350: Step 2/10: N4 bias field correction
    003_S_4441: Step 2/10: N4 bias field correction
    003_S_4872: Step 2/10: N4 bias field correction
    003_S_4900: Step 2/10: N4 bias field correction
    005_S_0221: Step 3/10: HD-BET skull stripping
    005_S_0222: Step 3/10: HD-BET skull stripping
    005_S_0546: Step 2/10: N4 bias field correction
    005_S_0610: Step 3/10: HD-BET skull stripping
    005_S_0929: Step 1/10: DICOM -> NIfTI (dcm2niix)

[Live Progress] Done: 1 | Remaining: 629 | Failed: 1 | ETA: 16551.0 min
  Active subjects:
    002_S_4171: Step 3/10: HD-BET skull stripping
    002_S_4225: Step 3/10: HD-BET skull stripping
    002_S_4229: Step 2/10: N4 bias field correction
    002_S_4270: Step 3/10: HD-BET skull stripping
    002_S_4447: Step 3/10: HD-BET skull stripping
    002_S_4473: Step 2/10: N4 bias field correction
    002_S_4654: Step 2/10: N4 bias field correction
    002_S_4746: Step 2/10: N4 bias field correction
    002_S_5018: Step 2/10: N4 bias field correction
    003_S_4288: Step 3/10: HD-BET skull stripping
    003_S_4350: Step 2/10: N4 bias field correction
    003_S_4441: Step 2/10: N4 bias field correction
    003_S_4872: Step 2/10: N4 bias field correction
    003_S_4900: Step 2/10: N4 bias field correction
    005_S_0221: Step 3/10: HD-BET skull stripping
    005_S_0222: Step 3/10: HD-BET skull stripping
    005_S_0546: Step 2/10: N4 bias field correction
    005_S_0610: Step 3/10: HD-BET skull stripping
    005_S_0929: Step 1/10: DICOM -> NIfTI (dcm2niix)

[Live Progress] Done: 1 | Remaining: 629 | Failed: 1 | ETA: 16561.7 min
  Active subjects:
    002_S_4171: Step 3/10: HD-BET skull stripping
    002_S_4225: Step 3/10: HD-BET skull stripping
    002_S_4229: Step 2/10: N4 bias field correction
    002_S_4270: Step 3/10: HD-BET skull stripping
    002_S_4447: Step 3/10: HD-BET skull stripping
    002_S_4473: Step 2/10: N4 bias field correction
    002_S_4654: Step 2/10: N4 bias field correction
    002_S_4746: Step 2/10: N4 bias field correction
    002_S_5018: Step 2/10: N4 bias field correction
    003_S_4288: Step 3/10: HD-BET skull stripping
    003_S_4350: Step 2/10: N4 bias field correction
    003_S_4441: Step 2/10: N4 bias field correction
    003_S_4872: Step 2/10: N4 bias field correction
    003_S_4900: Step 2/10: N4 bias field correction
    005_S_0221: Step 3/10: HD-BET skull stripping
    005_S_0222: Step 3/10: HD-BET skull stripping
    005_S_0546: Step 2/10: N4 bias field correction
    005_S_0610: Step 3/10: HD-BET skull stripping
    005_S_0929: Step 1/10: DICOM -> NIfTI (dcm2niix)

[Live Progress] Done: 1 | Remaining: 629 | Failed: 1 | ETA: 16572.4 min
  Active subjects:
    002_S_4171: Step 3/10: HD-BET skull stripping
    002_S_4225: Step 3/10: HD-BET skull stripping
    002_S_4229: Step 2/10: N4 bias field correction
    002_S_4270: Step 3/10: HD-BET skull stripping
    002_S_4447: Step 3/10: HD-BET skull stripping
    002_S_4473: Step 2/10: N4 bias field correction
    002_S_4654: Step 2/10: N4 bias field correction
    002_S_4746: Step 2/10: N4 bias field correction
    002_S_5018: Step 2/10: N4 bias field correction
    003_S_4288: Step 3/10: HD-BET skull stripping
    003_S_4350: Step 2/10: N4 bias field correction
    003_S_4441: Step 2/10: N4 bias field correction
    003_S_4872: Step 2/10: N4 bias field correction
    003_S_4900: Step 2/10: N4 bias field correction
    005_S_0221: Step 3/10: HD-BET skull stripping
    005_S_0222: Step 3/10: HD-BET skull stripping
    005_S_0546: Step 2/10: N4 bias field correction
    005_S_0610: Step 3/10: HD-BET skull stripping
    005_S_0929: Step 1/10: DICOM -> NIfTI (dcm2niix)

[Live Progress] Done: 1 | Remaining: 629 | Failed: 1 | ETA: 16583.1 min
  Active subjects:
    002_S_4171: Step 3/10: HD-BET skull stripping
    002_S_4225: Step 3/10: HD-BET skull stripping
    002_S_4229: Step 2/10: N4 bias field correction
    002_S_4270: Step 3/10: HD-BET skull stripping
    002_S_4447: Step 3/10: HD-BET skull stripping
    002_S_4473: Step 2/10: N4 bias field correction
    002_S_4654: Step 2/10: N4 bias field correction
    002_S_4746: Step 2/10: N4 bias field correction
    002_S_5018: Step 2/10: N4 bias field correction
    003_S_4288: Step 3/10: HD-BET skull stripping
    003_S_4350: Step 2/10: N4 bias field correction
    003_S_4441: Step 2/10: N4 bias field correction
    003_S_4872: Step 2/10: N4 bias field correction
    003_S_4900: Step 2/10: N4 bias field correction
    005_S_0221: Step 3/10: HD-BET skull stripping
    005_S_0222: Step 3/10: HD-BET skull stripping
    005_S_0546: Step 2/10: N4 bias field correction
    005_S_0610: Step 3/10: HD-BET skull stripping
    005_S_0929: Step 1/10: DICOM -> NIfTI (dcm2niix)

[Live Progress] Done: 1 | Remaining: 629 | Failed: 1 | ETA: 16593.7 min
  Active subjects:
    002_S_4171: Step 3/10: HD-BET skull stripping
    002_S_4225: Step 3/10: HD-BET skull stripping
    002_S_4229: Step 2/10: N4 bias field correction
    002_S_4270: Step 3/10: HD-BET skull stripping
    002_S_4447: Step 3/10: HD-BET skull stripping
    002_S_4473: Step 2/10: N4 bias field correction
    002_S_4654: Step 2/10: N4 bias field correction
    002_S_4746: Step 2/10: N4 bias field correction
    002_S_5018: Step 2/10: N4 bias field correction
    003_S_4288: Step 3/10: HD-BET skull stripping
    003_S_4350: Step 2/10: N4 bias field correction
    003_S_4441: Step 2/10: N4 bias field correction
    003_S_4872: Step 2/10: N4 bias field correction
    003_S_4900: Step 2/10: N4 bias field correction
    005_S_0221: Step 3/10: HD-BET skull stripping
    005_S_0222: Step 3/10: HD-BET skull stripping
    005_S_0546: Step 2/10: N4 bias field correction
    005_S_0610: Step 3/10: HD-BET skull stripping
    005_S_0929: Step 1/10: DICOM -> NIfTI (dcm2niix)

[Live Progress] Done: 1 | Remaining: 629 | Failed: 1 | ETA: 16604.3 min
  Active subjects:
    002_S_4171: Step 3/10: HD-BET skull stripping
    002_S_4225: Step 3/10: HD-BET skull stripping
    002_S_4229: Step 2/10: N4 bias field correction
    002_S_4270: Step 3/10: HD-BET skull stripping
    002_S_4447: Step 3/10: HD-BET skull stripping
    002_S_4473: Step 2/10: N4 bias field correction
    002_S_4654: Step 2/10: N4 bias field correction
    002_S_4746: Step 2/10: N4 bias field correction
    002_S_5018: Step 2/10: N4 bias field correction
    003_S_4288: Step 3/10: HD-BET skull stripping
    003_S_4350: Step 2/10: N4 bias field correction
    003_S_4441: Step 2/10: N4 bias field correction
    003_S_4872: Step 2/10: N4 bias field correction
    003_S_4900: Step 2/10: N4 bias field correction
    005_S_0221: Step 3/10: HD-BET skull stripping
    005_S_0222: Step 3/10: HD-BET skull stripping
    005_S_0546: Step 2/10: N4 bias field correction
    005_S_0610: Step 3/10: HD-BET skull stripping
    005_S_0929: Step 1/10: DICOM -> NIfTI (dcm2niix)

[Live Progress] Done: 1 | Remaining: 629 | Failed: 1 | ETA: 16614.9 min
  Active subjects:
    002_S_4171: Step 3/10: HD-BET skull stripping
    002_S_4225: Step 3/10: HD-BET skull stripping
    002_S_4229: Step 2/10: N4 bias field correction
    002_S_4270: Step 3/10: HD-BET skull stripping
    002_S_4447: Step 3/10: HD-BET skull stripping
    002_S_4473: Step 2/10: N4 bias field correction
    002_S_4654: Step 2/10: N4 bias field correction
    002_S_4746: Step 2/10: N4 bias field correction
    002_S_5018: Step 2/10: N4 bias field correction
    003_S_4288: Step 3/10: HD-BET skull stripping
    003_S_4350: Step 2/10: N4 bias field correction
    003_S_4441: Step 2/10: N4 bias field correction
    003_S_4872: Step 2/10: N4 bias field correction
    003_S_4900: Step 2/10: N4 bias field correction
    005_S_0221: Step 3/10: HD-BET skull stripping
    005_S_0222: Step 3/10: HD-BET skull stripping
    005_S_0546: Step 2/10: N4 bias field correction
    005_S_0610: Step 3/10: HD-BET skull stripping
    005_S_0929: Step 1/10: DICOM -> NIfTI (dcm2niix)

[Live Progress] Done: 1 | Remaining: 629 | Failed: 1 | ETA: 16625.5 min
  Active subjects:
    002_S_4171: Step 3/10: HD-BET skull stripping
    002_S_4225: Step 3/10: HD-BET skull stripping
    002_S_4229: Step 2/10: N4 bias field correction
    002_S_4270: Step 3/10: HD-BET skull stripping
    002_S_4447: Step 3/10: HD-BET skull stripping
    002_S_4473: Step 2/10: N4 bias field correction
    002_S_4654: Step 2/10: N4 bias field correction
    002_S_4746: Step 2/10: N4 bias field correction
    002_S_5018: Step 2/10: N4 bias field correction
    003_S_4288: Step 3/10: HD-BET skull stripping
    003_S_4350: Step 2/10: N4 bias field correction
    003_S_4441: Step 2/10: N4 bias field correction
    003_S_4872: Step 2/10: N4 bias field correction
    003_S_4900: Step 2/10: N4 bias field correction
    005_S_0221: Step 3/10: HD-BET skull stripping
    005_S_0222: Step 3/10: HD-BET skull stripping
    005_S_0546: Step 2/10: N4 bias field correction
    005_S_0610: Step 3/10: HD-BET skull stripping
    005_S_0929: Step 1/10: DICOM -> NIfTI (dcm2niix)

[Live Progress] Done: 1 | Remaining: 629 | Failed: 1 | ETA: 16636.3 min
  Active subjects:
    002_S_4171: Step 3/10: HD-BET skull stripping
    002_S_4225: Step 3/10: HD-BET skull stripping
    002_S_4229: Step 2/10: N4 bias field correction
    002_S_4270: Step 3/10: HD-BET skull stripping
    002_S_4447: Step 3/10: HD-BET skull stripping
    002_S_4473: Step 2/10: N4 bias field correction
    002_S_4654: Step 2/10: N4 bias field correction
    002_S_4746: Step 2/10: N4 bias field correction
    002_S_5018: Step 2/10: N4 bias field correction
    003_S_4288: Step 3/10: HD-BET skull stripping
    003_S_4350: Step 2/10: N4 bias field correction
    003_S_4441: Step 2/10: N4 bias field correction
    003_S_4872: Step 2/10: N4 bias field correction
    003_S_4900: Step 2/10: N4 bias field correction
    005_S_0221: Step 3/10: HD-BET skull stripping
    005_S_0222: Step 3/10: HD-BET skull stripping
    005_S_0546: Step 2/10: N4 bias field correction
    005_S_0610: Step 3/10: HD-BET skull stripping
    005_S_0929: Step 1/10: DICOM -> NIfTI (dcm2niix)

[Live Progress] Done: 1 | Remaining: 629 | Failed: 1 | ETA: 16647.3 min
  Active subjects:
    002_S_4171: Step 3/10: HD-BET skull stripping
    002_S_4225: Step 3/10: HD-BET skull stripping
    002_S_4229: Step 2/10: N4 bias field correction
    002_S_4270: Step 3/10: HD-BET skull stripping
    002_S_4447: Step 3/10: HD-BET skull stripping
    002_S_4473: Step 2/10: N4 bias field correction
    002_S_4654: Step 2/10: N4 bias field correction
    002_S_4746: Step 2/10: N4 bias field correction
    002_S_5018: Step 2/10: N4 bias field correction
    003_S_4288: Step 3/10: HD-BET skull stripping
    003_S_4350: Step 2/10: N4 bias field correction
    003_S_4441: Step 2/10: N4 bias field correction
    003_S_4872: Step 2/10: N4 bias field correction
    003_S_4900: Step 2/10: N4 bias field correction
    005_S_0221: Step 3/10: HD-BET skull stripping
    005_S_0222: Step 3/10: HD-BET skull stripping
    005_S_0546: Step 2/10: N4 bias field correction
    005_S_0610: Step 3/10: HD-BET skull stripping
    005_S_0929: Step 1/10: DICOM -> NIfTI (dcm2niix)

[Live Progress] Done: 1 | Remaining: 629 | Failed: 1 | ETA: 16658.1 min
  Active subjects:
    002_S_4171: Step 3/10: HD-BET skull stripping
    002_S_4225: Step 3/10: HD-BET skull stripping
    002_S_4229: Step 2/10: N4 bias field correction
    002_S_4270: Step 3/10: HD-BET skull stripping
    002_S_4447: Step 3/10: HD-BET skull stripping
    002_S_4473: Step 2/10: N4 bias field correction
    002_S_4654: Step 2/10: N4 bias field correction
    002_S_4746: Step 2/10: N4 bias field correction
    002_S_5018: Step 2/10: N4 bias field correction
    003_S_4288: Step 3/10: HD-BET skull stripping
    003_S_4350: Step 2/10: N4 bias field correction
    003_S_4441: Step 2/10: N4 bias field correction
    003_S_4872: Step 2/10: N4 bias field correction
    003_S_4900: Step 2/10: N4 bias field correction
    005_S_0221: Step 3/10: HD-BET skull stripping
    005_S_0222: Step 3/10: HD-BET skull stripping
    005_S_0546: Step 2/10: N4 bias field correction
    005_S_0610: Step 3/10: HD-BET skull stripping
    005_S_0929: Step 1/10: DICOM -> NIfTI (dcm2niix)

[Live Progress] Done: 1 | Remaining: 629 | Failed: 1 | ETA: 16669.1 min
  Active subjects:
    002_S_4171: Step 3/10: HD-BET skull stripping
    002_S_4225: Step 3/10: HD-BET skull stripping
    002_S_4229: Step 2/10: N4 bias field correction
    002_S_4270: Step 3/10: HD-BET skull stripping
    002_S_4447: Step 3/10: HD-BET skull stripping
    002_S_4473: Step 2/10: N4 bias field correction
    002_S_4654: Step 2/10: N4 bias field correction
    002_S_4746: Step 2/10: N4 bias field correction
    002_S_5018: Step 2/10: N4 bias field correction
    003_S_4288: Step 3/10: HD-BET skull stripping
    003_S_4350: Step 2/10: N4 bias field correction
    003_S_4441: Step 2/10: N4 bias field correction
    003_S_4872: Step 2/10: N4 bias field correction
    003_S_4900: Step 2/10: N4 bias field correction
    005_S_0221: Step 3/10: HD-BET skull stripping
    005_S_0222: Step 3/10: HD-BET skull stripping
    005_S_0546: Step 2/10: N4 bias field correction
    005_S_0610: Step 3/10: HD-BET skull stripping
    005_S_0929: Step 1/10: DICOM -> NIfTI (dcm2niix)

[Live Progress] Done: 1 | Remaining: 629 | Failed: 1 | ETA: 16679.8 min
  Active subjects:
    002_S_4171: Step 3/10: HD-BET skull stripping
    002_S_4225: Step 3/10: HD-BET skull stripping
    002_S_4229: Step 2/10: N4 bias field correction
    002_S_4270: Step 3/10: HD-BET skull stripping
    002_S_4447: Step 3/10: HD-BET skull stripping
    002_S_4473: Step 2/10: N4 bias field correction
    002_S_4654: Step 2/10: N4 bias field correction
    002_S_4746: Step 2/10: N4 bias field correction
    002_S_5018: Step 2/10: N4 bias field correction
    003_S_4288: Step 3/10: HD-BET skull stripping
    003_S_4350: Step 2/10: N4 bias field correction
    003_S_4441: Step 2/10: N4 bias field correction
    003_S_4872: Step 2/10: N4 bias field correction
    003_S_4900: Step 2/10: N4 bias field correction
    005_S_0221: Step 3/10: HD-BET skull stripping
    005_S_0222: Step 3/10: HD-BET skull stripping
    005_S_0546: Step 2/10: N4 bias field correction
    005_S_0610: Step 3/10: HD-BET skull stripping
    005_S_0929: Step 1/10: DICOM -> NIfTI (dcm2niix)

[Live Progress] Done: 1 | Remaining: 629 | Failed: 1 | ETA: 16690.5 min
  Active subjects:
    002_S_4171: Step 3/10: HD-BET skull stripping
    002_S_4225: Step 3/10: HD-BET skull stripping
    002_S_4229: Step 2/10: N4 bias field correction
    002_S_4270: Step 3/10: HD-BET skull stripping
    002_S_4447: Step 3/10: HD-BET skull stripping
    002_S_4473: Step 2/10: N4 bias field correction
    002_S_4654: Step 2/10: N4 bias field correction
    002_S_4746: Step 2/10: N4 bias field correction
    002_S_5018: Step 2/10: N4 bias field correction
    003_S_4288: Step 3/10: HD-BET skull stripping
    003_S_4350: Step 2/10: N4 bias field correction
    003_S_4441: Step 2/10: N4 bias field correction
    003_S_4872: Step 2/10: N4 bias field correction
    003_S_4900: Step 2/10: N4 bias field correction
    005_S_0221: Step 3/10: HD-BET skull stripping
    005_S_0222: Step 3/10: HD-BET skull stripping
    005_S_0546: Step 2/10: N4 bias field correction
    005_S_0610: Step 3/10: HD-BET skull stripping
    005_S_0929: Step 1/10: DICOM -> NIfTI (dcm2niix)

[Live Progress] Done: 1 | Remaining: 629 | Failed: 1 | ETA: 16701.2 min
  Active subjects:
    002_S_4171: Step 3/10: HD-BET skull stripping
    002_S_4225: Step 3/10: HD-BET skull stripping
    002_S_4229: Step 2/10: N4 bias field correction
    002_S_4270: Step 3/10: HD-BET skull stripping
    002_S_4447: Step 3/10: HD-BET skull stripping
    002_S_4473: Step 2/10: N4 bias field correction
    002_S_4654: Step 2/10: N4 bias field correction
    002_S_4746: Step 2/10: N4 bias field correction
    002_S_5018: Step 2/10: N4 bias field correction
    003_S_4288: Step 3/10: HD-BET skull stripping
    003_S_4350: Step 2/10: N4 bias field correction
    003_S_4441: Step 2/10: N4 bias field correction
    003_S_4872: Step 2/10: N4 bias field correction
    003_S_4900: Step 2/10: N4 bias field correction
    005_S_0221: Step 3/10: HD-BET skull stripping
    005_S_0222: Step 3/10: HD-BET skull stripping
    005_S_0546: Step 2/10: N4 bias field correction
    005_S_0610: Step 3/10: HD-BET skull stripping
    005_S_0929: Step 1/10: DICOM -> NIfTI (dcm2niix)

[Live Progress] Done: 1 | Remaining: 629 | Failed: 1 | ETA: 16711.8 min
  Active subjects:
    002_S_4171: Step 3/10: HD-BET skull stripping
    002_S_4225: Step 3/10: HD-BET skull stripping
    002_S_4229: Step 2/10: N4 bias field correction
    002_S_4270: Step 3/10: HD-BET skull stripping
    002_S_4447: Step 3/10: HD-BET skull stripping
    002_S_4473: Step 2/10: N4 bias field correction
    002_S_4654: Step 2/10: N4 bias field correction
    002_S_4746: Step 2/10: N4 bias field correction
    002_S_5018: Step 2/10: N4 bias field correction
    003_S_4288: Step 3/10: HD-BET skull stripping
    003_S_4350: Step 2/10: N4 bias field correction
    003_S_4441: Step 2/10: N4 bias field correction
    003_S_4872: Step 2/10: N4 bias field correction
    003_S_4900: Step 2/10: N4 bias field correction
    005_S_0221: Step 3/10: HD-BET skull stripping
    005_S_0222: Step 3/10: HD-BET skull stripping
    005_S_0546: Step 2/10: N4 bias field correction
    005_S_0610: Step 3/10: HD-BET skull stripping
    005_S_0929: Step 1/10: DICOM -> NIfTI (dcm2niix)

[Live Progress] Done: 1 | Remaining: 629 | Failed: 1 | ETA: 16722.6 min
  Active subjects:
    002_S_4171: Step 3/10: HD-BET skull stripping
    002_S_4225: Step 3/10: HD-BET skull stripping
    002_S_4229: Step 2/10: N4 bias field correction
    002_S_4270: Step 3/10: HD-BET skull stripping
    002_S_4447: Step 3/10: HD-BET skull stripping
    002_S_4473: Step 2/10: N4 bias field correction
    002_S_4654: Step 2/10: N4 bias field correction
    002_S_4746: Step 2/10: N4 bias field correction
    002_S_5018: Step 2/10: N4 bias field correction
    003_S_4288: Step 3/10: HD-BET skull stripping
    003_S_4350: Step 2/10: N4 bias field correction
    003_S_4441: Step 2/10: N4 bias field correction
    003_S_4872: Step 2/10: N4 bias field correction
    003_S_4900: Step 2/10: N4 bias field correction
    005_S_0221: Step 3/10: HD-BET skull stripping
    005_S_0222: Step 3/10: HD-BET skull stripping
    005_S_0546: Step 2/10: N4 bias field correction
    005_S_0610: Step 3/10: HD-BET skull stripping
    005_S_0929: Step 1/10: DICOM -> NIfTI (dcm2niix)

[Live Progress] Done: 1 | Remaining: 629 | Failed: 1 | ETA: 16733.4 min
  Active subjects:
    002_S_4171: Step 3/10: HD-BET skull stripping
    002_S_4225: Step 3/10: HD-BET skull stripping
    002_S_4229: Step 2/10: N4 bias field correction
    002_S_4270: Step 3/10: HD-BET skull stripping
    002_S_4447: Step 3/10: HD-BET skull stripping
    002_S_4473: Step 2/10: N4 bias field correction
    002_S_4654: Step 2/10: N4 bias field correction
    002_S_4746: Step 2/10: N4 bias field correction
    002_S_5018: Step 2/10: N4 bias field correction
    003_S_4288: Step 3/10: HD-BET skull stripping
    003_S_4350: Step 2/10: N4 bias field correction
    003_S_4441: Step 2/10: N4 bias field correction
    003_S_4872: Step 2/10: N4 bias field correction
    003_S_4900: Step 2/10: N4 bias field correction
    005_S_0221: Step 3/10: HD-BET skull stripping
    005_S_0222: Step 3/10: HD-BET skull stripping
    005_S_0546: Step 2/10: N4 bias field correction
    005_S_0610: Step 3/10: HD-BET skull stripping
    005_S_0929: Step 1/10: DICOM -> NIfTI (dcm2niix)

[Live Progress] Done: 1 | Remaining: 629 | Failed: 1 | ETA: 16744.0 min
  Active subjects:
    002_S_4171: Step 3/10: HD-BET skull stripping
    002_S_4225: Step 3/10: HD-BET skull stripping
    002_S_4229: Step 2/10: N4 bias field correction
    002_S_4270: Step 3/10: HD-BET skull stripping
    002_S_4447: Step 3/10: HD-BET skull stripping
    002_S_4473: Step 2/10: N4 bias field correction
    002_S_4654: Step 2/10: N4 bias field correction
    002_S_4746: Step 2/10: N4 bias field correction
    002_S_5018: Step 2/10: N4 bias field correction
    003_S_4288: Step 3/10: HD-BET skull stripping
    003_S_4350: Step 2/10: N4 bias field correction
    003_S_4441: Step 2/10: N4 bias field correction
    003_S_4872: Step 2/10: N4 bias field correction
    003_S_4900: Step 2/10: N4 bias field correction
    005_S_0221: Step 3/10: HD-BET skull stripping
    005_S_0222: Step 3/10: HD-BET skull stripping
    005_S_0546: Step 2/10: N4 bias field correction
    005_S_0610: Step 3/10: HD-BET skull stripping
    005_S_0929: Step 1/10: DICOM -> NIfTI (dcm2niix)

[Live Progress] Done: 1 | Remaining: 629 | Failed: 1 | ETA: 16754.7 min
  Active subjects:
    002_S_4171: Step 3/10: HD-BET skull stripping
    002_S_4225: Step 3/10: HD-BET skull stripping
    002_S_4229: Step 2/10: N4 bias field correction
    002_S_4270: Step 3/10: HD-BET skull stripping
    002_S_4447: Step 3/10: HD-BET skull stripping
    002_S_4473: Step 2/10: N4 bias field correction
    002_S_4654: Step 2/10: N4 bias field correction
    002_S_4746: Step 2/10: N4 bias field correction
    002_S_5018: Step 2/10: N4 bias field correction
    003_S_4288: Step 3/10: HD-BET skull stripping
    003_S_4350: Step 2/10: N4 bias field correction
    003_S_4441: Step 2/10: N4 bias field correction
    003_S_4872: Step 2/10: N4 bias field correction
    003_S_4900: Step 2/10: N4 bias field correction
    005_S_0221: Step 3/10: HD-BET skull stripping
    005_S_0222: Step 3/10: HD-BET skull stripping
    005_S_0546: Step 2/10: N4 bias field correction
    005_S_0610: Step 3/10: HD-BET skull stripping
    005_S_0929: Step 1/10: DICOM -> NIfTI (dcm2niix)

[Live Progress] Done: 1 | Remaining: 629 | Failed: 1 | ETA: 16765.5 min
  Active subjects:
    002_S_4171: Step 3/10: HD-BET skull stripping
    002_S_4225: Step 3/10: HD-BET skull stripping
    002_S_4229: Step 2/10: N4 bias field correction
    002_S_4270: Step 3/10: HD-BET skull stripping
    002_S_4447: Step 3/10: HD-BET skull stripping
    002_S_4473: Step 2/10: N4 bias field correction
    002_S_4654: Step 2/10: N4 bias field correction
    002_S_4746: Step 2/10: N4 bias field correction
    002_S_5018: Step 2/10: N4 bias field correction
    003_S_4288: Step 3/10: HD-BET skull stripping
    003_S_4350: Step 2/10: N4 bias field correction
    003_S_4441: Step 2/10: N4 bias field correction
    003_S_4872: Step 2/10: N4 bias field correction
    003_S_4900: Step 2/10: N4 bias field correction
    005_S_0221: Step 3/10: HD-BET skull stripping
    005_S_0222: Step 3/10: HD-BET skull stripping
    005_S_0546: Step 2/10: N4 bias field correction
    005_S_0610: Step 3/10: HD-BET skull stripping
    005_S_0929: Step 1/10: DICOM -> NIfTI (dcm2niix)

[Live Progress] Done: 1 | Remaining: 629 | Failed: 1 | ETA: 16776.4 min
  Active subjects:
    002_S_4171: Step 3/10: HD-BET skull stripping
    002_S_4225: Step 3/10: HD-BET skull stripping
    002_S_4229: Step 2/10: N4 bias field correction
    002_S_4270: Step 3/10: HD-BET skull stripping
    002_S_4447: Step 3/10: HD-BET skull stripping
    002_S_4473: Step 2/10: N4 bias field correction
    002_S_4654: Step 2/10: N4 bias field correction
    002_S_4746: Step 2/10: N4 bias field correction
    002_S_5018: Step 2/10: N4 bias field correction
    003_S_4288: Step 3/10: HD-BET skull stripping
    003_S_4350: Step 2/10: N4 bias field correction
    003_S_4441: Step 2/10: N4 bias field correction
    003_S_4872: Step 2/10: N4 bias field correction
    003_S_4900: Step 2/10: N4 bias field correction
    005_S_0221: Step 3/10: HD-BET skull stripping
    005_S_0222: Step 3/10: HD-BET skull stripping
    005_S_0546: Step 2/10: N4 bias field correction
    005_S_0610: Step 3/10: HD-BET skull stripping
    005_S_0929: Step 1/10: DICOM -> NIfTI (dcm2niix)

[Live Progress] Done: 1 | Remaining: 629 | Failed: 1 | ETA: 16788.4 min
  Active subjects:
    002_S_4171: Step 3/10: HD-BET skull stripping
    002_S_4225: Step 3/10: HD-BET skull stripping
    002_S_4229: Step 2/10: N4 bias field correction
    002_S_4270: Step 3/10: HD-BET skull stripping
    002_S_4447: Step 3/10: HD-BET skull stripping
    002_S_4473: Step 2/10: N4 bias field correction
    002_S_4654: Step 2/10: N4 bias field correction
    002_S_4746: Step 2/10: N4 bias field correction
    002_S_5018: Step 2/10: N4 bias field correction
    003_S_4288: Step 3/10: HD-BET skull stripping
    003_S_4350: Step 2/10: N4 bias field correction
    003_S_4441: Step 2/10: N4 bias field correction
    003_S_4872: Step 2/10: N4 bias field correction
    003_S_4900: Step 2/10: N4 bias field correction
    005_S_0221: Step 3/10: HD-BET skull stripping
    005_S_0222: Step 3/10: HD-BET skull stripping
    005_S_0546: Step 2/10: N4 bias field correction
    005_S_0610: Step 3/10: HD-BET skull stripping
    005_S_0929: Step 1/10: DICOM -> NIfTI (dcm2niix)

[Live Progress] Done: 1 | Remaining: 629 | Failed: 1 | ETA: 16799.0 min
  Active subjects:
    002_S_4171: Step 3/10: HD-BET skull stripping
    002_S_4225: Step 3/10: HD-BET skull stripping
    002_S_4229: Step 2/10: N4 bias field correction
    002_S_4270: Step 3/10: HD-BET skull stripping
    002_S_4447: Step 3/10: HD-BET skull stripping
    002_S_4473: Step 2/10: N4 bias field correction
    002_S_4654: Step 2/10: N4 bias field correction
    002_S_4746: Step 2/10: N4 bias field correction
    002_S_5018: Step 2/10: N4 bias field correction
    003_S_4288: Step 3/10: HD-BET skull stripping
    003_S_4350: Step 2/10: N4 bias field correction
    003_S_4441: Step 2/10: N4 bias field correction
    003_S_4872: Step 2/10: N4 bias field correction
    003_S_4900: Step 2/10: N4 bias field correction
    005_S_0221: Step 3/10: HD-BET skull stripping
    005_S_0222: Step 3/10: HD-BET skull stripping
    005_S_0546: Step 2/10: N4 bias field correction
    005_S_0610: Step 3/10: HD-BET skull stripping
    005_S_0929: Step 1/10: DICOM -> NIfTI (dcm2niix)

[Live Progress] Done: 1 | Remaining: 629 | Failed: 1 | ETA: 16809.7 min
  Active subjects:
    002_S_4171: Step 3/10: HD-BET skull stripping
    002_S_4225: Step 3/10: HD-BET skull stripping
    002_S_4229: Step 2/10: N4 bias field correction
    002_S_4270: Step 3/10: HD-BET skull stripping
    002_S_4447: Step 3/10: HD-BET skull stripping
    002_S_4473: Step 2/10: N4 bias field correction
    002_S_4654: Step 2/10: N4 bias field correction
    002_S_4746: Step 2/10: N4 bias field correction
    002_S_5018: Step 2/10: N4 bias field correction
    003_S_4288: Step 3/10: HD-BET skull stripping
    003_S_4350: Step 2/10: N4 bias field correction
    003_S_4441: Step 2/10: N4 bias field correction
    003_S_4872: Step 2/10: N4 bias field correction
    003_S_4900: Step 2/10: N4 bias field correction
    005_S_0221: Step 3/10: HD-BET skull stripping
    005_S_0222: Step 3/10: HD-BET skull stripping
    005_S_0546: Step 2/10: N4 bias field correction
    005_S_0610: Step 3/10: HD-BET skull stripping
    005_S_0929: Step 1/10: DICOM -> NIfTI (dcm2niix)

[Live Progress] Done: 1 | Remaining: 629 | Failed: 1 | ETA: 16820.3 min
  Active subjects:
    002_S_4171: Step 3/10: HD-BET skull stripping
    002_S_4225: Step 3/10: HD-BET skull stripping
    002_S_4229: Step 2/10: N4 bias field correction
    002_S_4270: Step 3/10: HD-BET skull stripping
    002_S_4447: Step 3/10: HD-BET skull stripping
    002_S_4473: Step 2/10: N4 bias field correction
    002_S_4654: Step 2/10: N4 bias field correction
    002_S_4746: Step 2/10: N4 bias field correction
    002_S_5018: Step 2/10: N4 bias field correction
    003_S_4288: Step 3/10: HD-BET skull stripping
    003_S_4350: Step 2/10: N4 bias field correction
    003_S_4441: Step 2/10: N4 bias field correction
    003_S_4872: Step 2/10: N4 bias field correction
    003_S_4900: Step 2/10: N4 bias field correction
    005_S_0221: Step 3/10: HD-BET skull stripping
    005_S_0222: Step 3/10: HD-BET skull stripping
    005_S_0546: Step 2/10: N4 bias field correction
    005_S_0610: Step 3/10: HD-BET skull stripping
    005_S_0929: Step 1/10: DICOM -> NIfTI (dcm2niix)

[Live Progress] Done: 1 | Remaining: 629 | Failed: 1 | ETA: 16830.8 min
  Active subjects:
    002_S_4171: Step 3/10: HD-BET skull stripping
    002_S_4225: Step 3/10: HD-BET skull stripping
    002_S_4229: Step 2/10: N4 bias field correction
    002_S_4270: Step 3/10: HD-BET skull stripping
    002_S_4447: Step 3/10: HD-BET skull stripping
    002_S_4473: Step 2/10: N4 bias field correction
    002_S_4654: Step 2/10: N4 bias field correction
    002_S_4746: Step 2/10: N4 bias field correction
    002_S_5018: Step 2/10: N4 bias field correction
    003_S_4288: Step 3/10: HD-BET skull stripping
    003_S_4350: Step 2/10: N4 bias field correction
    003_S_4441: Step 2/10: N4 bias field correction
    003_S_4872: Step 2/10: N4 bias field correction
    003_S_4900: Step 2/10: N4 bias field correction
    005_S_0221: Step 3/10: HD-BET skull stripping
    005_S_0222: Step 3/10: HD-BET skull stripping
    005_S_0546: Step 2/10: N4 bias field correction
    005_S_0610: Step 3/10: HD-BET skull stripping
    005_S_0929: Step 1/10: DICOM -> NIfTI (dcm2niix)

[Live Progress] Done: 1 | Remaining: 629 | Failed: 1 | ETA: 16841.5 min
  Active subjects:
    002_S_4171: Step 3/10: HD-BET skull stripping
    002_S_4225: Step 3/10: HD-BET skull stripping
    002_S_4229: Step 2/10: N4 bias field correction
    002_S_4270: Step 3/10: HD-BET skull stripping
    002_S_4447: Step 3/10: HD-BET skull stripping
    002_S_4473: Step 2/10: N4 bias field correction
    002_S_4654: Step 2/10: N4 bias field correction
    002_S_4746: Step 2/10: N4 bias field correction
    002_S_5018: Step 2/10: N4 bias field correction
    003_S_4288: Step 3/10: HD-BET skull stripping
    003_S_4350: Step 2/10: N4 bias field correction
    003_S_4441: Step 2/10: N4 bias field correction
    003_S_4872: Step 2/10: N4 bias field correction
    003_S_4900: Step 2/10: N4 bias field correction
    005_S_0221: Step 3/10: HD-BET skull stripping
    005_S_0222: Step 3/10: HD-BET skull stripping
    005_S_0546: Step 2/10: N4 bias field correction
    005_S_0610: Step 3/10: HD-BET skull stripping
    005_S_0929: Step 1/10: DICOM -> NIfTI (dcm2niix)

[Live Progress] Done: 1 | Remaining: 629 | Failed: 1 | ETA: 16852.1 min
  Active subjects:
    002_S_4171: Step 3/10: HD-BET skull stripping
    002_S_4225: Step 3/10: HD-BET skull stripping
    002_S_4229: Step 2/10: N4 bias field correction
    002_S_4270: Step 3/10: HD-BET skull stripping
    002_S_4447: Step 3/10: HD-BET skull stripping
    002_S_4473: Step 2/10: N4 bias field correction
    002_S_4654: Step 2/10: N4 bias field correction
    002_S_4746: Step 2/10: N4 bias field correction
    002_S_5018: Step 2/10: N4 bias field correction
    003_S_4288: Step 3/10: HD-BET skull stripping
    003_S_4350: Step 2/10: N4 bias field correction
    003_S_4441: Step 2/10: N4 bias field correction
    003_S_4872: Step 2/10: N4 bias field correction
    003_S_4900: Step 2/10: N4 bias field correction
    005_S_0221: Step 3/10: HD-BET skull stripping
    005_S_0222: Step 3/10: HD-BET skull stripping
    005_S_0546: Step 2/10: N4 bias field correction
    005_S_0610: Step 3/10: HD-BET skull stripping
    005_S_0929: Step 1/10: DICOM -> NIfTI (dcm2niix)

[Live Progress] Done: 1 | Remaining: 629 | Failed: 1 | ETA: 16862.7 min
  Active subjects:
    002_S_4171: Step 3/10: HD-BET skull stripping
    002_S_4225: Step 3/10: HD-BET skull stripping
    002_S_4229: Step 2/10: N4 bias field correction
    002_S_4270: Step 3/10: HD-BET skull stripping
    002_S_4447: Step 3/10: HD-BET skull stripping
    002_S_4473: Step 2/10: N4 bias field correction
    002_S_4654: Step 2/10: N4 bias field correction
    002_S_4746: Step 2/10: N4 bias field correction
    002_S_5018: Step 2/10: N4 bias field correction
    003_S_4288: Step 3/10: HD-BET skull stripping
    003_S_4350: Step 2/10: N4 bias field correction
    003_S_4441: Step 2/10: N4 bias field correction
    003_S_4872: Step 2/10: N4 bias field correction
    003_S_4900: Step 2/10: N4 bias field correction
    005_S_0221: Step 3/10: HD-BET skull stripping
    005_S_0222: Step 3/10: HD-BET skull stripping
    005_S_0546: Step 2/10: N4 bias field correction
    005_S_0610: Step 3/10: HD-BET skull stripping
    005_S_0929: Step 1/10: DICOM -> NIfTI (dcm2niix)

[Live Progress] Done: 1 | Remaining: 629 | Failed: 1 | ETA: 16873.3 min
  Active subjects:
    002_S_4171: Step 3/10: HD-BET skull stripping
    002_S_4225: Step 3/10: HD-BET skull stripping
    002_S_4229: Step 2/10: N4 bias field correction
    002_S_4270: Step 3/10: HD-BET skull stripping
    002_S_4447: Step 3/10: HD-BET skull stripping
    002_S_4473: Step 2/10: N4 bias field correction
    002_S_4654: Step 2/10: N4 bias field correction
    002_S_4746: Step 2/10: N4 bias field correction
    002_S_5018: Step 2/10: N4 bias field correction
    003_S_4288: Step 3/10: HD-BET skull stripping
    003_S_4350: Step 2/10: N4 bias field correction
    003_S_4441: Step 2/10: N4 bias field correction
    003_S_4872: Step 2/10: N4 bias field correction
    003_S_4900: Step 2/10: N4 bias field correction
    005_S_0221: Step 3/10: HD-BET skull stripping
    005_S_0222: Step 3/10: HD-BET skull stripping
    005_S_0546: Step 2/10: N4 bias field correction
    005_S_0610: Step 3/10: HD-BET skull stripping
    005_S_0929: Step 1/10: DICOM -> NIfTI (dcm2niix)

[Live Progress] Done: 1 | Remaining: 629 | Failed: 1 | ETA: 16884.0 min
  Active subjects:
    002_S_4171: Step 3/10: HD-BET skull stripping
    002_S_4225: Step 3/10: HD-BET skull stripping
    002_S_4229: Step 2/10: N4 bias field correction
    002_S_4270: Step 3/10: HD-BET skull stripping
    002_S_4447: Step 3/10: HD-BET skull stripping
    002_S_4473: Step 2/10: N4 bias field correction
    002_S_4654: Step 2/10: N4 bias field correction
    002_S_4746: Step 2/10: N4 bias field correction
    002_S_5018: Step 2/10: N4 bias field correction
    003_S_4288: Step 3/10: HD-BET skull stripping
    003_S_4350: Step 2/10: N4 bias field correction
    003_S_4441: Step 2/10: N4 bias field correction
    003_S_4872: Step 2/10: N4 bias field correction
    003_S_4900: Step 2/10: N4 bias field correction
    005_S_0221: Step 3/10: HD-BET skull stripping
    005_S_0222: Step 3/10: HD-BET skull stripping
    005_S_0546: Step 2/10: N4 bias field correction
    005_S_0610: Step 3/10: HD-BET skull stripping
    005_S_0929: Step 1/10: DICOM -> NIfTI (dcm2niix)

[Live Progress] Done: 1 | Remaining: 629 | Failed: 1 | ETA: 16894.9 min
  Active subjects:
    002_S_4171: Step 3/10: HD-BET skull stripping
    002_S_4225: Step 3/10: HD-BET skull stripping
    002_S_4229: Step 2/10: N4 bias field correction
    002_S_4270: Step 3/10: HD-BET skull stripping
    002_S_4447: Step 3/10: HD-BET skull stripping
    002_S_4473: Step 2/10: N4 bias field correction
    002_S_4654: Step 2/10: N4 bias field correction
    002_S_4746: Step 2/10: N4 bias field correction
    002_S_5018: Step 2/10: N4 bias field correction
    003_S_4288: Step 3/10: HD-BET skull stripping
    003_S_4350: Step 2/10: N4 bias field correction
    003_S_4441: Step 2/10: N4 bias field correction
    003_S_4872: Step 2/10: N4 bias field correction
    003_S_4900: Step 2/10: N4 bias field correction
    005_S_0221: Step 3/10: HD-BET skull stripping
    005_S_0222: Step 3/10: HD-BET skull stripping
    005_S_0546: Step 2/10: N4 bias field correction
    005_S_0610: Step 3/10: HD-BET skull stripping
    005_S_0929: Step 1/10: DICOM -> NIfTI (dcm2niix)

[Live Progress] Done: 1 | Remaining: 629 | Failed: 1 | ETA: 16905.6 min
  Active subjects:
    002_S_4171: Step 3/10: HD-BET skull stripping
    002_S_4225: Step 3/10: HD-BET skull stripping
    002_S_4229: Step 2/10: N4 bias field correction
    002_S_4270: Step 3/10: HD-BET skull stripping
    002_S_4447: Step 3/10: HD-BET skull stripping
    002_S_4473: Step 2/10: N4 bias field correction
    002_S_4654: Step 2/10: N4 bias field correction
    002_S_4746: Step 2/10: N4 bias field correction
    002_S_5018: Step 2/10: N4 bias field correction
    003_S_4288: Step 3/10: HD-BET skull stripping
    003_S_4350: Step 2/10: N4 bias field correction
    003_S_4441: Step 2/10: N4 bias field correction
    003_S_4872: Step 2/10: N4 bias field correction
    003_S_4900: Step 2/10: N4 bias field correction
    005_S_0221: Step 3/10: HD-BET skull stripping
    005_S_0222: Step 3/10: HD-BET skull stripping
    005_S_0546: Step 2/10: N4 bias field correction
    005_S_0610: Step 3/10: HD-BET skull stripping
    005_S_0929: Step 1/10: DICOM -> NIfTI (dcm2niix)

[Live Progress] Done: 1 | Remaining: 629 | Failed: 1 | ETA: 16916.5 min
  Active subjects:
    002_S_4171: Step 3/10: HD-BET skull stripping
    002_S_4225: Step 3/10: HD-BET skull stripping
    002_S_4229: Step 2/10: N4 bias field correction
    002_S_4270: Step 3/10: HD-BET skull stripping
    002_S_4447: Step 3/10: HD-BET skull stripping
    002_S_4473: Step 2/10: N4 bias field correction
    002_S_4654: Step 2/10: N4 bias field correction
    002_S_4746: Step 2/10: N4 bias field correction
    002_S_5018: Step 2/10: N4 bias field correction
    003_S_4288: Step 3/10: HD-BET skull stripping
    003_S_4350: Step 2/10: N4 bias field correction
    003_S_4441: Step 2/10: N4 bias field correction
    003_S_4872: Step 2/10: N4 bias field correction
    003_S_4900: Step 2/10: N4 bias field correction
    005_S_0221: Step 3/10: HD-BET skull stripping
    005_S_0222: Step 3/10: HD-BET skull stripping
    005_S_0546: Step 2/10: N4 bias field correction
    005_S_0610: Step 3/10: HD-BET skull stripping
    005_S_0929: Step 1/10: DICOM -> NIfTI (dcm2niix)

[Live Progress] Done: 1 | Remaining: 629 | Failed: 1 | ETA: 16927.2 min
  Active subjects:
    002_S_4171: Step 3/10: HD-BET skull stripping
    002_S_4225: Step 3/10: HD-BET skull stripping
    002_S_4229: Step 2/10: N4 bias field correction
    002_S_4270: Step 3/10: HD-BET skull stripping
    002_S_4447: Step 3/10: HD-BET skull stripping
    002_S_4473: Step 2/10: N4 bias field correction
    002_S_4654: Step 2/10: N4 bias field correction
    002_S_4746: Step 2/10: N4 bias field correction
    002_S_5018: Step 2/10: N4 bias field correction
    003_S_4288: Step 3/10: HD-BET skull stripping
    003_S_4350: Step 2/10: N4 bias field correction
    003_S_4441: Step 2/10: N4 bias field correction
    003_S_4872: Step 2/10: N4 bias field correction
    003_S_4900: Step 2/10: N4 bias field correction
    005_S_0221: Step 3/10: HD-BET skull stripping
    005_S_0222: Step 3/10: HD-BET skull stripping
    005_S_0546: Step 2/10: N4 bias field correction
    005_S_0610: Step 3/10: HD-BET skull stripping
    005_S_0929: Step 1/10: DICOM -> NIfTI (dcm2niix)

[Live Progress] Done: 1 | Remaining: 629 | Failed: 1 | ETA: 16937.9 min
  Active subjects:
    002_S_4171: Step 3/10: HD-BET skull stripping
    002_S_4225: Step 3/10: HD-BET skull stripping
    002_S_4229: Step 2/10: N4 bias field correction
    002_S_4270: Step 3/10: HD-BET skull stripping
    002_S_4447: Step 3/10: HD-BET skull stripping
    002_S_4473: Step 2/10: N4 bias field correction
    002_S_4654: Step 2/10: N4 bias field correction
    002_S_4746: Step 2/10: N4 bias field correction
    002_S_5018: Step 2/10: N4 bias field correction
    003_S_4288: Step 3/10: HD-BET skull stripping
    003_S_4350: Step 2/10: N4 bias field correction
    003_S_4441: Step 2/10: N4 bias field correction
    003_S_4872: Step 2/10: N4 bias field correction
    003_S_4900: Step 2/10: N4 bias field correction
    005_S_0221: Step 3/10: HD-BET skull stripping
    005_S_0222: Step 3/10: HD-BET skull stripping
    005_S_0546: Step 2/10: N4 bias field correction
    005_S_0610: Step 3/10: HD-BET skull stripping
    005_S_0929: Step 1/10: DICOM -> NIfTI (dcm2niix)

[Live Progress] Done: 1 | Remaining: 629 | Failed: 1 | ETA: 16948.8 min
  Active subjects:
    002_S_4171: Step 3/10: HD-BET skull stripping
    002_S_4225: Step 3/10: HD-BET skull stripping
    002_S_4229: Step 2/10: N4 bias field correction
    002_S_4270: Step 3/10: HD-BET skull stripping
    002_S_4447: Step 3/10: HD-BET skull stripping
    002_S_4473: Step 2/10: N4 bias field correction
    002_S_4654: Step 2/10: N4 bias field correction
    002_S_4746: Step 2/10: N4 bias field correction
    002_S_5018: Step 2/10: N4 bias field correction
    003_S_4288: Step 3/10: HD-BET skull stripping
    003_S_4350: Step 2/10: N4 bias field correction
    003_S_4441: Step 2/10: N4 bias field correction
    003_S_4872: Step 2/10: N4 bias field correction
    003_S_4900: Step 2/10: N4 bias field correction
    005_S_0221: Step 3/10: HD-BET skull stripping
    005_S_0222: Step 3/10: HD-BET skull stripping
    005_S_0546: Step 2/10: N4 bias field correction
    005_S_0610: Step 3/10: HD-BET skull stripping
    005_S_0929: Step 1/10: DICOM -> NIfTI (dcm2niix)

[Live Progress] Done: 1 | Remaining: 629 | Failed: 1 | ETA: 16959.4 min
  Active subjects:
    002_S_4171: Step 3/10: HD-BET skull stripping
    002_S_4225: Step 3/10: HD-BET skull stripping
    002_S_4229: Step 2/10: N4 bias field correction
    002_S_4270: Step 3/10: HD-BET skull stripping
    002_S_4447: Step 3/10: HD-BET skull stripping
    002_S_4473: Step 2/10: N4 bias field correction
    002_S_4654: Step 2/10: N4 bias field correction
    002_S_4746: Step 2/10: N4 bias field correction
    002_S_5018: Step 2/10: N4 bias field correction
    003_S_4288: Step 3/10: HD-BET skull stripping
    003_S_4350: Step 2/10: N4 bias field correction
    003_S_4441: Step 2/10: N4 bias field correction
    003_S_4872: Step 2/10: N4 bias field correction
    003_S_4900: Step 2/10: N4 bias field correction
    005_S_0221: Step 3/10: HD-BET skull stripping
    005_S_0222: Step 3/10: HD-BET skull stripping
    005_S_0546: Step 2/10: N4 bias field correction
    005_S_0610: Step 3/10: HD-BET skull stripping
    005_S_0929: Step 1/10: DICOM -> NIfTI (dcm2niix)

[Live Progress] Done: 1 | Remaining: 629 | Failed: 1 | ETA: 16970.1 min
  Active subjects:
    002_S_4171: Step 3/10: HD-BET skull stripping
    002_S_4225: Step 3/10: HD-BET skull stripping
    002_S_4229: Step 2/10: N4 bias field correction
    002_S_4270: Step 3/10: HD-BET skull stripping
    002_S_4447: Step 3/10: HD-BET skull stripping
    002_S_4473: Step 2/10: N4 bias field correction
    002_S_4654: Step 2/10: N4 bias field correction
    002_S_4746: Step 2/10: N4 bias field correction
    002_S_5018: Step 2/10: N4 bias field correction
    003_S_4288: Step 3/10: HD-BET skull stripping
    003_S_4350: Step 2/10: N4 bias field correction
    003_S_4441: Step 2/10: N4 bias field correction
    003_S_4872: Step 2/10: N4 bias field correction
    003_S_4900: Step 2/10: N4 bias field correction
    005_S_0221: Step 3/10: HD-BET skull stripping
    005_S_0222: Step 3/10: HD-BET skull stripping
    005_S_0546: Step 2/10: N4 bias field correction
    005_S_0610: Step 3/10: HD-BET skull stripping
    005_S_0929: Step 1/10: DICOM -> NIfTI (dcm2niix)

[Live Progress] Done: 1 | Remaining: 629 | Failed: 1 | ETA: 16980.7 min
  Active subjects:
    002_S_4171: Step 3/10: HD-BET skull stripping
    002_S_4225: Step 3/10: HD-BET skull stripping
    002_S_4229: Step 2/10: N4 bias field correction
    002_S_4270: Step 3/10: HD-BET skull stripping
    002_S_4447: Step 3/10: HD-BET skull stripping
    002_S_4473: Step 2/10: N4 bias field correction
    002_S_4654: Step 2/10: N4 bias field correction
    002_S_4746: Step 2/10: N4 bias field correction
    002_S_5018: Step 2/10: N4 bias field correction
    003_S_4288: Step 3/10: HD-BET skull stripping
    003_S_4350: Step 2/10: N4 bias field correction
    003_S_4441: Step 2/10: N4 bias field correction
    003_S_4872: Step 2/10: N4 bias field correction
    003_S_4900: Step 2/10: N4 bias field correction
    005_S_0221: Step 3/10: HD-BET skull stripping
    005_S_0222: Step 3/10: HD-BET skull stripping
    005_S_0546: Step 2/10: N4 bias field correction
    005_S_0610: Step 3/10: HD-BET skull stripping
    005_S_0929: Step 1/10: DICOM -> NIfTI (dcm2niix)

[Live Progress] Done: 1 | Remaining: 629 | Failed: 1 | ETA: 16991.3 min
  Active subjects:
    002_S_4171: Step 3/10: HD-BET skull stripping
    002_S_4225: Step 3/10: HD-BET skull stripping
    002_S_4229: Step 2/10: N4 bias field correction
    002_S_4270: Step 3/10: HD-BET skull stripping
    002_S_4447: Step 3/10: HD-BET skull stripping
    002_S_4473: Step 2/10: N4 bias field correction
    002_S_4654: Step 2/10: N4 bias field correction
    002_S_4746: Step 2/10: N4 bias field correction
    002_S_5018: Step 2/10: N4 bias field correction
    003_S_4288: Step 3/10: HD-BET skull stripping
    003_S_4350: Step 2/10: N4 bias field correction
    003_S_4441: Step 2/10: N4 bias field correction
    003_S_4872: Step 2/10: N4 bias field correction
    003_S_4900: Step 2/10: N4 bias field correction
    005_S_0221: Step 3/10: HD-BET skull stripping
    005_S_0222: Step 3/10: HD-BET skull stripping
    005_S_0546: Step 2/10: N4 bias field correction
    005_S_0610: Step 3/10: HD-BET skull stripping
    005_S_0929: Step 1/10: DICOM -> NIfTI (dcm2niix)

[Live Progress] Done: 1 | Remaining: 629 | Failed: 1 | ETA: 17002.0 min
  Active subjects:
    002_S_4171: Step 3/10: HD-BET skull stripping
    002_S_4225: Step 3/10: HD-BET skull stripping
    002_S_4229: Step 2/10: N4 bias field correction
    002_S_4270: Step 3/10: HD-BET skull stripping
    002_S_4447: Step 3/10: HD-BET skull stripping
    002_S_4473: Step 2/10: N4 bias field correction
    002_S_4654: Step 2/10: N4 bias field correction
    002_S_4746: Step 2/10: N4 bias field correction
    002_S_5018: Step 2/10: N4 bias field correction
    003_S_4288: Step 3/10: HD-BET skull stripping
    003_S_4350: Step 2/10: N4 bias field correction
    003_S_4441: Step 2/10: N4 bias field correction
    003_S_4872: Step 2/10: N4 bias field correction
    003_S_4900: Step 2/10: N4 bias field correction
    005_S_0221: Step 3/10: HD-BET skull stripping
    005_S_0222: Step 3/10: HD-BET skull stripping
    005_S_0546: Step 2/10: N4 bias field correction
    005_S_0610: Step 3/10: HD-BET skull stripping
    005_S_0929: Step 1/10: DICOM -> NIfTI (dcm2niix)

[Live Progress] Done: 1 | Remaining: 629 | Failed: 1 | ETA: 17012.6 min
  Active subjects:
    002_S_4171: Step 3/10: HD-BET skull stripping
    002_S_4225: Step 3/10: HD-BET skull stripping
    002_S_4229: Step 2/10: N4 bias field correction
    002_S_4270: Step 3/10: HD-BET skull stripping
    002_S_4447: Step 3/10: HD-BET skull stripping
    002_S_4473: Step 2/10: N4 bias field correction
    002_S_4654: Step 2/10: N4 bias field correction
    002_S_4746: Step 2/10: N4 bias field correction
    002_S_5018: Step 2/10: N4 bias field correction
    003_S_4288: Step 3/10: HD-BET skull stripping
    003_S_4350: Step 2/10: N4 bias field correction
    003_S_4441: Step 2/10: N4 bias field correction
    003_S_4872: Step 2/10: N4 bias field correction
    003_S_4900: Step 2/10: N4 bias field correction
    005_S_0221: Step 3/10: HD-BET skull stripping
    005_S_0222: Step 3/10: HD-BET skull stripping
    005_S_0546: Step 2/10: N4 bias field correction
    005_S_0610: Step 3/10: HD-BET skull stripping
    005_S_0929: Step 1/10: DICOM -> NIfTI (dcm2niix)

[Live Progress] Done: 1 | Remaining: 629 | Failed: 1 | ETA: 17023.3 min
  Active subjects:
    002_S_4171: Step 3/10: HD-BET skull stripping
    002_S_4225: Step 3/10: HD-BET skull stripping
    002_S_4229: Step 2/10: N4 bias field correction
    002_S_4270: Step 3/10: HD-BET skull stripping
    002_S_4447: Step 3/10: HD-BET skull stripping
    002_S_4473: Step 2/10: N4 bias field correction
    002_S_4654: Step 2/10: N4 bias field correction
    002_S_4746: Step 2/10: N4 bias field correction
    002_S_5018: Step 2/10: N4 bias field correction
    003_S_4288: Step 3/10: HD-BET skull stripping
    003_S_4350: Step 2/10: N4 bias field correction
    003_S_4441: Step 2/10: N4 bias field correction
    003_S_4872: Step 2/10: N4 bias field correction
    003_S_4900: Step 2/10: N4 bias field correction
    005_S_0221: Step 3/10: HD-BET skull stripping
    005_S_0222: Step 3/10: HD-BET skull stripping
    005_S_0546: Step 2/10: N4 bias field correction
    005_S_0610: Step 3/10: HD-BET skull stripping
    005_S_0929: Step 1/10: DICOM -> NIfTI (dcm2niix)

[Live Progress] Done: 1 | Remaining: 629 | Failed: 1 | ETA: 17033.9 min
  Active subjects:
    002_S_4171: Step 3/10: HD-BET skull stripping
    002_S_4225: Step 3/10: HD-BET skull stripping
    002_S_4229: Step 2/10: N4 bias field correction
    002_S_4270: Step 3/10: HD-BET skull stripping
    002_S_4447: Step 3/10: HD-BET skull stripping
    002_S_4473: Step 2/10: N4 bias field correction
    002_S_4654: Step 2/10: N4 bias field correction
    002_S_4746: Step 2/10: N4 bias field correction
    002_S_5018: Step 2/10: N4 bias field correction
    003_S_4288: Step 3/10: HD-BET skull stripping
    003_S_4350: Step 2/10: N4 bias field correction
    003_S_4441: Step 2/10: N4 bias field correction
    003_S_4872: Step 2/10: N4 bias field correction
    003_S_4900: Step 2/10: N4 bias field correction
    005_S_0221: Step 3/10: HD-BET skull stripping
    005_S_0222: Step 3/10: HD-BET skull stripping
    005_S_0546: Step 2/10: N4 bias field correction
    005_S_0610: Step 3/10: HD-BET skull stripping
    005_S_0929: Step 1/10: DICOM -> NIfTI (dcm2niix)

[Live Progress] Done: 1 | Remaining: 629 | Failed: 1 | ETA: 17044.7 min
  Active subjects:
    002_S_4171: Step 3/10: HD-BET skull stripping
    002_S_4225: Step 3/10: HD-BET skull stripping
    002_S_4229: Step 2/10: N4 bias field correction
    002_S_4270: Step 3/10: HD-BET skull stripping
    002_S_4447: Step 3/10: HD-BET skull stripping
    002_S_4473: Step 2/10: N4 bias field correction
    002_S_4654: Step 2/10: N4 bias field correction
    002_S_4746: Step 2/10: N4 bias field correction
    002_S_5018: Step 2/10: N4 bias field correction
    003_S_4288: Step 3/10: HD-BET skull stripping
    003_S_4350: Step 2/10: N4 bias field correction
    003_S_4441: Step 2/10: N4 bias field correction
    003_S_4872: Step 2/10: N4 bias field correction
    003_S_4900: Step 2/10: N4 bias field correction
    005_S_0221: Step 3/10: HD-BET skull stripping
    005_S_0222: Step 3/10: HD-BET skull stripping
    005_S_0546: Step 2/10: N4 bias field correction
    005_S_0610: Step 3/10: HD-BET skull stripping
    005_S_0929: Step 1/10: DICOM -> NIfTI (dcm2niix)

[Live Progress] Done: 1 | Remaining: 629 | Failed: 1 | ETA: 17055.2 min
  Active subjects:
    002_S_4171: Step 3/10: HD-BET skull stripping
    002_S_4225: Step 3/10: HD-BET skull stripping
    002_S_4229: Step 2/10: N4 bias field correction
    002_S_4270: Step 3/10: HD-BET skull stripping
    002_S_4447: Step 3/10: HD-BET skull stripping
    002_S_4473: Step 2/10: N4 bias field correction
    002_S_4654: Step 2/10: N4 bias field correction
    002_S_4746: Step 2/10: N4 bias field correction
    002_S_5018: Step 2/10: N4 bias field correction
    003_S_4288: Step 3/10: HD-BET skull stripping
    003_S_4350: Step 2/10: N4 bias field correction
    003_S_4441: Step 2/10: N4 bias field correction
    003_S_4872: Step 2/10: N4 bias field correction
    003_S_4900: Step 2/10: N4 bias field correction
    005_S_0221: Step 3/10: HD-BET skull stripping
    005_S_0222: Step 3/10: HD-BET skull stripping
    005_S_0546: Step 2/10: N4 bias field correction
    005_S_0610: Step 3/10: HD-BET skull stripping
    005_S_0929: Step 1/10: DICOM -> NIfTI (dcm2niix)

[Live Progress] Done: 1 | Remaining: 629 | Failed: 1 | ETA: 17065.7 min
  Active subjects:
    002_S_4171: Step 3/10: HD-BET skull stripping
    002_S_4225: Step 3/10: HD-BET skull stripping
    002_S_4229: Step 2/10: N4 bias field correction
    002_S_4270: Step 3/10: HD-BET skull stripping
    002_S_4447: Step 3/10: HD-BET skull stripping
    002_S_4473: Step 2/10: N4 bias field correction
    002_S_4654: Step 2/10: N4 bias field correction
    002_S_4746: Step 2/10: N4 bias field correction
    002_S_5018: Step 2/10: N4 bias field correction
    003_S_4288: Step 3/10: HD-BET skull stripping
    003_S_4350: Step 2/10: N4 bias field correction
    003_S_4441: Step 2/10: N4 bias field correction
    003_S_4872: Step 2/10: N4 bias field correction
    003_S_4900: Step 2/10: N4 bias field correction
    005_S_0221: Step 3/10: HD-BET skull stripping
    005_S_0222: Step 3/10: HD-BET skull stripping
    005_S_0546: Step 2/10: N4 bias field correction
    005_S_0610: Step 3/10: HD-BET skull stripping
    005_S_0929: Step 1/10: DICOM -> NIfTI (dcm2niix)

[Live Progress] Done: 1 | Remaining: 629 | Failed: 1 | ETA: 17076.4 min
  Active subjects:
    002_S_4171: Step 3/10: HD-BET skull stripping
    002_S_4225: Step 3/10: HD-BET skull stripping
    002_S_4229: Step 2/10: N4 bias field correction
    002_S_4270: Step 3/10: HD-BET skull stripping
    002_S_4447: Step 3/10: HD-BET skull stripping
    002_S_4473: Step 2/10: N4 bias field correction
    002_S_4654: Step 2/10: N4 bias field correction
    002_S_4746: Step 2/10: N4 bias field correction
    002_S_5018: Step 2/10: N4 bias field correction
    003_S_4288: Step 3/10: HD-BET skull stripping
    003_S_4350: Step 2/10: N4 bias field correction
    003_S_4441: Step 2/10: N4 bias field correction
    003_S_4872: Step 2/10: N4 bias field correction
    003_S_4900: Step 2/10: N4 bias field correction
    005_S_0221: Step 3/10: HD-BET skull stripping
    005_S_0222: Step 3/10: HD-BET skull stripping
    005_S_0546: Step 2/10: N4 bias field correction
    005_S_0610: Step 3/10: HD-BET skull stripping
    005_S_0929: Step 1/10: DICOM -> NIfTI (dcm2niix)

[Live Progress] Done: 1 | Remaining: 629 | Failed: 1 | ETA: 17087.5 min
  Active subjects:
    002_S_4171: Step 3/10: HD-BET skull stripping
    002_S_4225: Step 3/10: HD-BET skull stripping
    002_S_4229: Step 2/10: N4 bias field correction
    002_S_4270: Step 3/10: HD-BET skull stripping
    002_S_4447: Step 3/10: HD-BET skull stripping
    002_S_4473: Step 2/10: N4 bias field correction
    002_S_4654: Step 2/10: N4 bias field correction
    002_S_4746: Step 2/10: N4 bias field correction
    002_S_5018: Step 2/10: N4 bias field correction
    003_S_4288: Step 3/10: HD-BET skull stripping
    003_S_4350: Step 2/10: N4 bias field correction
    003_S_4441: Step 2/10: N4 bias field correction
    003_S_4872: Step 2/10: N4 bias field correction
    003_S_4900: Step 2/10: N4 bias field correction
    005_S_0221: Step 3/10: HD-BET skull stripping
    005_S_0222: Step 3/10: HD-BET skull stripping
    005_S_0546: Step 2/10: N4 bias field correction
    005_S_0610: Step 3/10: HD-BET skull stripping
    005_S_0929: Step 1/10: DICOM -> NIfTI (dcm2niix)

[Live Progress] Done: 1 | Remaining: 629 | Failed: 1 | ETA: 17098.1 min
  Active subjects:
    002_S_4171: Step 3/10: HD-BET skull stripping
    002_S_4225: Step 3/10: HD-BET skull stripping
    002_S_4229: Step 2/10: N4 bias field correction
    002_S_4270: Step 3/10: HD-BET skull stripping
    002_S_4447: Step 3/10: HD-BET skull stripping
    002_S_4473: Step 2/10: N4 bias field correction
    002_S_4654: Step 2/10: N4 bias field correction
    002_S_4746: Step 2/10: N4 bias field correction
    002_S_5018: Step 2/10: N4 bias field correction
    003_S_4288: Step 3/10: HD-BET skull stripping
    003_S_4350: Step 2/10: N4 bias field correction
    003_S_4441: Step 2/10: N4 bias field correction
    003_S_4872: Step 2/10: N4 bias field correction
    003_S_4900: Step 2/10: N4 bias field correction
    005_S_0221: Step 3/10: HD-BET skull stripping
    005_S_0222: Step 3/10: HD-BET skull stripping
    005_S_0546: Step 2/10: N4 bias field correction
    005_S_0610: Step 3/10: HD-BET skull stripping
    005_S_0929: Step 1/10: DICOM -> NIfTI (dcm2niix)

[Live Progress] Done: 1 | Remaining: 629 | Failed: 1 | ETA: 17108.8 min
  Active subjects:
    002_S_4171: Step 3/10: HD-BET skull stripping
    002_S_4225: Step 3/10: HD-BET skull stripping
    002_S_4229: Step 2/10: N4 bias field correction
    002_S_4270: Step 3/10: HD-BET skull stripping
    002_S_4447: Step 3/10: HD-BET skull stripping
    002_S_4473: Step 2/10: N4 bias field correction
    002_S_4654: Step 2/10: N4 bias field correction
    002_S_4746: Step 2/10: N4 bias field correction
    002_S_5018: Step 2/10: N4 bias field correction
    003_S_4288: Step 3/10: HD-BET skull stripping
    003_S_4350: Step 2/10: N4 bias field correction
    003_S_4441: Step 2/10: N4 bias field correction
    003_S_4872: Step 2/10: N4 bias field correction
    003_S_4900: Step 2/10: N4 bias field correction
    005_S_0221: Step 3/10: HD-BET skull stripping
    005_S_0222: Step 3/10: HD-BET skull stripping
    005_S_0546: Step 2/10: N4 bias field correction
    005_S_0610: Step 3/10: HD-BET skull stripping
    005_S_0929: Step 1/10: DICOM -> NIfTI (dcm2niix)

[Live Progress] Done: 1 | Remaining: 629 | Failed: 1 | ETA: 17119.6 min
  Active subjects:
    002_S_4171: Step 3/10: HD-BET skull stripping
    002_S_4225: Step 3/10: HD-BET skull stripping
    002_S_4229: Step 2/10: N4 bias field correction
    002_S_4270: Step 3/10: HD-BET skull stripping
    002_S_4447: Step 3/10: HD-BET skull stripping
    002_S_4473: Step 2/10: N4 bias field correction
    002_S_4654: Step 2/10: N4 bias field correction
    002_S_4746: Step 2/10: N4 bias field correction
    002_S_5018: Step 2/10: N4 bias field correction
    003_S_4288: Step 3/10: HD-BET skull stripping
    003_S_4350: Step 2/10: N4 bias field correction
    003_S_4441: Step 2/10: N4 bias field correction
    003_S_4872: Step 2/10: N4 bias field correction
    003_S_4900: Step 2/10: N4 bias field correction
    005_S_0221: Step 3/10: HD-BET skull stripping
    005_S_0222: Step 3/10: HD-BET skull stripping
    005_S_0546: Step 2/10: N4 bias field correction
    005_S_0610: Step 3/10: HD-BET skull stripping
    005_S_0929: Step 1/10: DICOM -> NIfTI (dcm2niix)

[Live Progress] Done: 1 | Remaining: 629 | Failed: 1 | ETA: 17131.4 min
  Active subjects:
    002_S_4171: Step 3/10: HD-BET skull stripping
    002_S_4225: Step 3/10: HD-BET skull stripping
    002_S_4229: Step 2/10: N4 bias field correction
    002_S_4270: Step 3/10: HD-BET skull stripping
    002_S_4447: Step 3/10: HD-BET skull stripping
    002_S_4473: Step 2/10: N4 bias field correction
    002_S_4654: Step 2/10: N4 bias field correction
    002_S_4746: Step 2/10: N4 bias field correction
    002_S_5018: Step 2/10: N4 bias field correction
    003_S_4288: Step 3/10: HD-BET skull stripping
    003_S_4350: Step 2/10: N4 bias field correction
    003_S_4441: Step 2/10: N4 bias field correction
    003_S_4872: Step 2/10: N4 bias field correction
    003_S_4900: Step 2/10: N4 bias field correction
    005_S_0221: Step 3/10: HD-BET skull stripping
    005_S_0222: Step 3/10: HD-BET skull stripping
    005_S_0546: Step 2/10: N4 bias field correction
    005_S_0610: Step 3/10: HD-BET skull stripping
    005_S_0929: Step 1/10: DICOM -> NIfTI (dcm2niix)

[Live Progress] Done: 1 | Remaining: 629 | Failed: 1 | ETA: 17142.1 min
  Active subjects:
    002_S_4171: Step 3/10: HD-BET skull stripping
    002_S_4225: Step 3/10: HD-BET skull stripping
    002_S_4229: Step 2/10: N4 bias field correction
    002_S_4270: Step 3/10: HD-BET skull stripping
    002_S_4447: Step 3/10: HD-BET skull stripping
    002_S_4473: Step 2/10: N4 bias field correction
    002_S_4654: Step 2/10: N4 bias field correction
    002_S_4746: Step 2/10: N4 bias field correction
    002_S_5018: Step 2/10: N4 bias field correction
    003_S_4288: Step 3/10: HD-BET skull stripping
    003_S_4350: Step 2/10: N4 bias field correction
    003_S_4441: Step 2/10: N4 bias field correction
    003_S_4872: Step 2/10: N4 bias field correction
    003_S_4900: Step 2/10: N4 bias field correction
    005_S_0221: Step 3/10: HD-BET skull stripping
    005_S_0222: Step 3/10: HD-BET skull stripping
    005_S_0546: Step 2/10: N4 bias field correction
    005_S_0610: Step 3/10: HD-BET skull stripping
    005_S_0929: Step 1/10: DICOM -> NIfTI (dcm2niix)

[Live Progress] Done: 1 | Remaining: 629 | Failed: 1 | ETA: 17153.1 min
  Active subjects:
    002_S_4171: Step 3/10: HD-BET skull stripping
    002_S_4225: Step 3/10: HD-BET skull stripping
    002_S_4229: Step 2/10: N4 bias field correction
    002_S_4270: Step 3/10: HD-BET skull stripping
    002_S_4447: Step 3/10: HD-BET skull stripping
    002_S_4473: Step 2/10: N4 bias field correction
    002_S_4654: Step 2/10: N4 bias field correction
    002_S_4746: Step 2/10: N4 bias field correction
    002_S_5018: Step 2/10: N4 bias field correction
    003_S_4288: Step 3/10: HD-BET skull stripping
    003_S_4350: Step 2/10: N4 bias field correction
    003_S_4441: Step 2/10: N4 bias field correction
    003_S_4872: Step 2/10: N4 bias field correction
    003_S_4900: Step 2/10: N4 bias field correction
    005_S_0221: Step 3/10: HD-BET skull stripping
    005_S_0222: Step 3/10: HD-BET skull stripping
    005_S_0546: Step 2/10: N4 bias field correction
    005_S_0610: Step 3/10: HD-BET skull stripping
    005_S_0929: Step 1/10: DICOM -> NIfTI (dcm2niix)

[Live Progress] Done: 1 | Remaining: 629 | Failed: 1 | ETA: 17163.9 min
  Active subjects:
    002_S_4171: Step 3/10: HD-BET skull stripping
    002_S_4225: Step 3/10: HD-BET skull stripping
    002_S_4229: Step 2/10: N4 bias field correction
    002_S_4270: Step 3/10: HD-BET skull stripping
    002_S_4447: Step 3/10: HD-BET skull stripping
    002_S_4473: Step 2/10: N4 bias field correction
    002_S_4654: Step 2/10: N4 bias field correction
    002_S_4746: Step 2/10: N4 bias field correction
    002_S_5018: Step 2/10: N4 bias field correction
    003_S_4288: Step 3/10: HD-BET skull stripping
    003_S_4350: Step 2/10: N4 bias field correction
    003_S_4441: Step 2/10: N4 bias field correction
    003_S_4872: Step 2/10: N4 bias field correction
    003_S_4900: Step 2/10: N4 bias field correction
    005_S_0221: Step 3/10: HD-BET skull stripping
    005_S_0222: Step 3/10: HD-BET skull stripping
    005_S_0546: Step 2/10: N4 bias field correction
    005_S_0610: Step 3/10: HD-BET skull stripping
    005_S_0929: Step 1/10: DICOM -> NIfTI (dcm2niix)

[Live Progress] Done: 1 | Remaining: 629 | Failed: 1 | ETA: 17175.0 min
  Active subjects:
    002_S_4171: Step 3/10: HD-BET skull stripping
    002_S_4225: Step 3/10: HD-BET skull stripping
    002_S_4229: Step 2/10: N4 bias field correction
    002_S_4270: Step 3/10: HD-BET skull stripping
    002_S_4447: Step 3/10: HD-BET skull stripping
    002_S_4473: Step 2/10: N4 bias field correction
    002_S_4654: Step 2/10: N4 bias field correction
    002_S_4746: Step 2/10: N4 bias field correction
    002_S_5018: Step 2/10: N4 bias field correction
    003_S_4288: Step 3/10: HD-BET skull stripping
    003_S_4350: Step 2/10: N4 bias field correction
    003_S_4441: Step 2/10: N4 bias field correction
    003_S_4872: Step 2/10: N4 bias field correction
    003_S_4900: Step 2/10: N4 bias field correction
    005_S_0221: Step 3/10: HD-BET skull stripping
    005_S_0222: Step 3/10: HD-BET skull stripping
    005_S_0546: Step 2/10: N4 bias field correction
    005_S_0610: Step 3/10: HD-BET skull stripping
    005_S_0929: Step 1/10: DICOM -> NIfTI (dcm2niix)

[Live Progress] Done: 1 | Remaining: 629 | Failed: 1 | ETA: 17185.8 min
  Active subjects:
    002_S_4171: Step 3/10: HD-BET skull stripping
    002_S_4225: Step 3/10: HD-BET skull stripping
    002_S_4229: Step 2/10: N4 bias field correction
    002_S_4270: Step 3/10: HD-BET skull stripping
    002_S_4447: Step 3/10: HD-BET skull stripping
    002_S_4473: Step 2/10: N4 bias field correction
    002_S_4654: Step 2/10: N4 bias field correction
    002_S_4746: Step 2/10: N4 bias field correction
    002_S_5018: Step 2/10: N4 bias field correction
    003_S_4288: Step 3/10: HD-BET skull stripping
    003_S_4350: Step 2/10: N4 bias field correction
    003_S_4441: Step 2/10: N4 bias field correction
    003_S_4872: Step 2/10: N4 bias field correction
    003_S_4900: Step 2/10: N4 bias field correction
    005_S_0221: Step 3/10: HD-BET skull stripping
    005_S_0222: Step 3/10: HD-BET skull stripping
    005_S_0546: Step 2/10: N4 bias field correction
    005_S_0610: Step 3/10: HD-BET skull stripping
    005_S_0929: Step 1/10: DICOM -> NIfTI (dcm2niix)

[Live Progress] Done: 1 | Remaining: 629 | Failed: 1 | ETA: 17196.9 min
  Active subjects:
    002_S_4171: Step 3/10: HD-BET skull stripping
    002_S_4225: Step 3/10: HD-BET skull stripping
    002_S_4229: Step 2/10: N4 bias field correction
    002_S_4270: Step 3/10: HD-BET skull stripping
    002_S_4447: Step 3/10: HD-BET skull stripping
    002_S_4473: Step 2/10: N4 bias field correction
    002_S_4654: Step 2/10: N4 bias field correction
    002_S_4746: Step 2/10: N4 bias field correction
    002_S_5018: Step 2/10: N4 bias field correction
    003_S_4288: Step 3/10: HD-BET skull stripping
    003_S_4350: Step 2/10: N4 bias field correction
    003_S_4441: Step 2/10: N4 bias field correction
    003_S_4872: Step 2/10: N4 bias field correction
    003_S_4900: Step 2/10: N4 bias field correction
    005_S_0221: Step 3/10: HD-BET skull stripping
    005_S_0222: Step 3/10: HD-BET skull stripping
    005_S_0546: Step 2/10: N4 bias field correction
    005_S_0610: Step 3/10: HD-BET skull stripping
    005_S_0929: Step 1/10: DICOM -> NIfTI (dcm2niix)

[Live Progress] Done: 1 | Remaining: 629 | Failed: 1 | ETA: 17208.4 min
  Active subjects:
    002_S_4171: Step 3/10: HD-BET skull stripping
    002_S_4225: Step 3/10: HD-BET skull stripping
    002_S_4229: Step 2/10: N4 bias field correction
    002_S_4270: Step 3/10: HD-BET skull stripping
    002_S_4447: Step 3/10: HD-BET skull stripping
    002_S_4473: Step 2/10: N4 bias field correction
    002_S_4654: Step 2/10: N4 bias field correction
    002_S_4746: Step 2/10: N4 bias field correction
    002_S_5018: Step 2/10: N4 bias field correction
    003_S_4288: Step 3/10: HD-BET skull stripping
    003_S_4350: Step 2/10: N4 bias field correction
    003_S_4441: Step 2/10: N4 bias field correction
    003_S_4872: Step 2/10: N4 bias field correction
    003_S_4900: Step 2/10: N4 bias field correction
    005_S_0221: Step 3/10: HD-BET skull stripping
    005_S_0222: Step 3/10: HD-BET skull stripping
    005_S_0546: Step 2/10: N4 bias field correction
    005_S_0610: Step 3/10: HD-BET skull stripping
    005_S_0929: Step 1/10: DICOM -> NIfTI (dcm2niix)

[Live Progress] Done: 1 | Remaining: 629 | Failed: 1 | ETA: 17219.6 min
  Active subjects:
    002_S_4171: Step 3/10: HD-BET skull stripping
    002_S_4225: Step 3/10: HD-BET skull stripping
    002_S_4229: Step 2/10: N4 bias field correction
    002_S_4270: Step 3/10: HD-BET skull stripping
    002_S_4447: Step 3/10: HD-BET skull stripping
    002_S_4473: Step 2/10: N4 bias field correction
    002_S_4654: Step 2/10: N4 bias field correction
    002_S_4746: Step 2/10: N4 bias field correction
    002_S_5018: Step 2/10: N4 bias field correction
    003_S_4288: Step 3/10: HD-BET skull stripping
    003_S_4350: Step 2/10: N4 bias field correction
    003_S_4441: Step 2/10: N4 bias field correction
    003_S_4872: Step 2/10: N4 bias field correction
    003_S_4900: Step 2/10: N4 bias field correction
    005_S_0221: Step 3/10: HD-BET skull stripping
    005_S_0222: Step 3/10: HD-BET skull stripping
    005_S_0546: Step 2/10: N4 bias field correction
    005_S_0610: Step 3/10: HD-BET skull stripping
    005_S_0929: Step 1/10: DICOM -> NIfTI (dcm2niix)

[Live Progress] Done: 1 | Remaining: 629 | Failed: 1 | ETA: 17231.2 min
  Active subjects:
    002_S_4171: Step 3/10: HD-BET skull stripping
    002_S_4225: Step 3/10: HD-BET skull stripping
    002_S_4229: Step 2/10: N4 bias field correction
    002_S_4270: Step 3/10: HD-BET skull stripping
    002_S_4447: Step 3/10: HD-BET skull stripping
    002_S_4473: Step 2/10: N4 bias field correction
    002_S_4654: Step 2/10: N4 bias field correction
    002_S_4746: Step 2/10: N4 bias field correction
    002_S_5018: Step 2/10: N4 bias field correction
    003_S_4288: Step 3/10: HD-BET skull stripping
    003_S_4350: Step 2/10: N4 bias field correction
    003_S_4441: Step 2/10: N4 bias field correction
    003_S_4872: Step 2/10: N4 bias field correction
    003_S_4900: Step 2/10: N4 bias field correction
    005_S_0221: Step 3/10: HD-BET skull stripping
    005_S_0222: Step 3/10: HD-BET skull stripping
    005_S_0546: Step 2/10: N4 bias field correction
    005_S_0610: Step 3/10: HD-BET skull stripping
    005_S_0929: Step 1/10: DICOM -> NIfTI (dcm2niix)

[Live Progress] Done: 1 | Remaining: 629 | Failed: 1 | ETA: 17243.0 min
  Active subjects:
    002_S_4171: Step 3/10: HD-BET skull stripping
    002_S_4225: Step 3/10: HD-BET skull stripping
    002_S_4229: Step 2/10: N4 bias field correction
    002_S_4270: Step 3/10: HD-BET skull stripping
    002_S_4447: Step 3/10: HD-BET skull stripping
    002_S_4473: Step 2/10: N4 bias field correction
    002_S_4654: Step 2/10: N4 bias field correction
    002_S_4746: Step 2/10: N4 bias field correction
    002_S_5018: Step 2/10: N4 bias field correction
    003_S_4288: Step 3/10: HD-BET skull stripping
    003_S_4350: Step 2/10: N4 bias field correction
    003_S_4441: Step 2/10: N4 bias field correction
    003_S_4872: Step 2/10: N4 bias field correction
    003_S_4900: Step 2/10: N4 bias field correction
    005_S_0221: Step 3/10: HD-BET skull stripping
    005_S_0222: Step 3/10: HD-BET skull stripping
    005_S_0546: Step 2/10: N4 bias field correction
    005_S_0610: Step 3/10: HD-BET skull stripping
    005_S_0929: Step 1/10: DICOM -> NIfTI (dcm2niix)

[Live Progress] Done: 1 | Remaining: 629 | Failed: 1 | ETA: 17255.3 min
  Active subjects:
    002_S_4171: Step 3/10: HD-BET skull stripping
    002_S_4225: Step 3/10: HD-BET skull stripping
    002_S_4229: Step 2/10: N4 bias field correction
    002_S_4270: Step 3/10: HD-BET skull stripping
    002_S_4447: Step 3/10: HD-BET skull stripping
    002_S_4473: Step 2/10: N4 bias field correction
    002_S_4654: Step 2/10: N4 bias field correction
    002_S_4746: Step 2/10: N4 bias field correction
    002_S_5018: Step 2/10: N4 bias field correction
    003_S_4288: Step 3/10: HD-BET skull stripping
    003_S_4350: Step 2/10: N4 bias field correction
    003_S_4441: Step 2/10: N4 bias field correction
    003_S_4872: Step 2/10: N4 bias field correction
    003_S_4900: Step 2/10: N4 bias field correction
    005_S_0221: Step 3/10: HD-BET skull stripping
    005_S_0222: Step 3/10: HD-BET skull stripping
    005_S_0546: Step 2/10: N4 bias field correction
    005_S_0610: Step 3/10: HD-BET skull stripping
    005_S_0929: Step 1/10: DICOM -> NIfTI (dcm2niix)

[Live Progress] Done: 1 | Remaining: 629 | Failed: 1 | ETA: 17267.2 min
  Active subjects:
    002_S_4171: Step 3/10: HD-BET skull stripping
    002_S_4225: Step 3/10: HD-BET skull stripping
    002_S_4229: Step 2/10: N4 bias field correction
    002_S_4270: Step 3/10: HD-BET skull stripping
    002_S_4447: Step 3/10: HD-BET skull stripping
    002_S_4473: Step 2/10: N4 bias field correction
    002_S_4654: Step 2/10: N4 bias field correction
    002_S_4746: Step 2/10: N4 bias field correction
    002_S_5018: Step 2/10: N4 bias field correction
    003_S_4288: Step 3/10: HD-BET skull stripping
    003_S_4350: Step 2/10: N4 bias field correction
    003_S_4441: Step 2/10: N4 bias field correction
    003_S_4872: Step 2/10: N4 bias field correction
    003_S_4900: Step 2/10: N4 bias field correction
    005_S_0221: Step 3/10: HD-BET skull stripping
    005_S_0222: Step 3/10: HD-BET skull stripping
    005_S_0546: Step 2/10: N4 bias field correction
    005_S_0610: Step 3/10: HD-BET skull stripping
    005_S_0929: Step 1/10: DICOM -> NIfTI (dcm2niix)

[Live Progress] Done: 1 | Remaining: 629 | Failed: 1 | ETA: 17279.0 min
  Active subjects:
    002_S_4171: Step 3/10: HD-BET skull stripping
    002_S_4225: Step 3/10: HD-BET skull stripping
    002_S_4229: Step 2/10: N4 bias field correction
    002_S_4270: Step 3/10: HD-BET skull stripping
    002_S_4447: Step 3/10: HD-BET skull stripping
    002_S_4473: Step 2/10: N4 bias field correction
    002_S_4654: Step 2/10: N4 bias field correction
    002_S_4746: Step 2/10: N4 bias field correction
    002_S_5018: Step 2/10: N4 bias field correction
    003_S_4288: Step 3/10: HD-BET skull stripping
    003_S_4350: Step 2/10: N4 bias field correction
    003_S_4441: Step 2/10: N4 bias field correction
    003_S_4872: Step 2/10: N4 bias field correction
    003_S_4900: Step 2/10: N4 bias field correction
    005_S_0221: Step 3/10: HD-BET skull stripping
    005_S_0222: Step 3/10: HD-BET skull stripping
    005_S_0546: Step 2/10: N4 bias field correction
    005_S_0610: Step 3/10: HD-BET skull stripping
    005_S_0929: Step 1/10: DICOM -> NIfTI (dcm2niix)

[Live Progress] Done: 1 | Remaining: 629 | Failed: 1 | ETA: 17289.9 min
  Active subjects:
    002_S_4171: Step 3/10: HD-BET skull stripping
    002_S_4225: Step 3/10: HD-BET skull stripping
    002_S_4229: Step 2/10: N4 bias field correction
    002_S_4270: Step 3/10: HD-BET skull stripping
    002_S_4447: Step 3/10: HD-BET skull stripping
    002_S_4473: Step 2/10: N4 bias field correction
    002_S_4654: Step 2/10: N4 bias field correction
    002_S_4746: Step 2/10: N4 bias field correction
    002_S_5018: Step 2/10: N4 bias field correction
    003_S_4288: Step 3/10: HD-BET skull stripping
    003_S_4350: Step 2/10: N4 bias field correction
    003_S_4441: Step 2/10: N4 bias field correction
    003_S_4872: Step 2/10: N4 bias field correction
    003_S_4900: Step 2/10: N4 bias field correction
    005_S_0221: Step 3/10: HD-BET skull stripping
    005_S_0222: Step 3/10: HD-BET skull stripping
    005_S_0546: Step 2/10: N4 bias field correction
    005_S_0610: Step 3/10: HD-BET skull stripping
    005_S_0929: Step 1/10: DICOM -> NIfTI (dcm2niix)

[Live Progress] Done: 1 | Remaining: 629 | Failed: 1 | ETA: 17301.1 min
  Active subjects:
    002_S_4171: Step 3/10: HD-BET skull stripping
    002_S_4225: Step 3/10: HD-BET skull stripping
    002_S_4229: Step 2/10: N4 bias field correction
    002_S_4270: Step 3/10: HD-BET skull stripping
    002_S_4447: Step 3/10: HD-BET skull stripping
    002_S_4473: Step 2/10: N4 bias field correction
    002_S_4654: Step 2/10: N4 bias field correction
    002_S_4746: Step 2/10: N4 bias field correction
    002_S_5018: Step 2/10: N4 bias field correction
    003_S_4288: Step 3/10: HD-BET skull stripping
    003_S_4350: Step 2/10: N4 bias field correction
    003_S_4441: Step 2/10: N4 bias field correction
    003_S_4872: Step 2/10: N4 bias field correction
    003_S_4900: Step 2/10: N4 bias field correction
    005_S_0221: Step 3/10: HD-BET skull stripping
    005_S_0222: Step 3/10: HD-BET skull stripping
    005_S_0546: Step 2/10: N4 bias field correction
    005_S_0610: Step 3/10: HD-BET skull stripping
    005_S_0929: Step 1/10: DICOM -> NIfTI (dcm2niix)

[Live Progress] Done: 1 | Remaining: 629 | Failed: 1 | ETA: 17311.8 min
  Active subjects:
    002_S_4171: Step 3/10: HD-BET skull stripping
    002_S_4225: Step 3/10: HD-BET skull stripping
    002_S_4229: Step 2/10: N4 bias field correction
    002_S_4270: Step 3/10: HD-BET skull stripping
    002_S_4447: Step 3/10: HD-BET skull stripping
    002_S_4473: Step 2/10: N4 bias field correction
    002_S_4654: Step 2/10: N4 bias field correction
    002_S_4746: Step 2/10: N4 bias field correction
    002_S_5018: Step 2/10: N4 bias field correction
    003_S_4288: Step 3/10: HD-BET skull stripping
    003_S_4350: Step 2/10: N4 bias field correction
    003_S_4441: Step 2/10: N4 bias field correction
    003_S_4872: Step 2/10: N4 bias field correction
    003_S_4900: Step 2/10: N4 bias field correction
    005_S_0221: Step 3/10: HD-BET skull stripping
    005_S_0222: Step 3/10: HD-BET skull stripping
    005_S_0546: Step 2/10: N4 bias field correction
    005_S_0610: Step 3/10: HD-BET skull stripping
    005_S_0929: Step 1/10: DICOM -> NIfTI (dcm2niix)

[Live Progress] Done: 1 | Remaining: 629 | Failed: 1 | ETA: 17322.7 min
  Active subjects:
    002_S_4171: Step 3/10: HD-BET skull stripping
    002_S_4225: Step 3/10: HD-BET skull stripping
    002_S_4229: Step 2/10: N4 bias field correction
    002_S_4270: Step 3/10: HD-BET skull stripping
    002_S_4447: Step 3/10: HD-BET skull stripping
    002_S_4473: Step 2/10: N4 bias field correction
    002_S_4654: Step 2/10: N4 bias field correction
    002_S_4746: Step 2/10: N4 bias field correction
    002_S_5018: Step 2/10: N4 bias field correction
    003_S_4288: Step 3/10: HD-BET skull stripping
    003_S_4350: Step 2/10: N4 bias field correction
    003_S_4441: Step 2/10: N4 bias field correction
    003_S_4872: Step 2/10: N4 bias field correction
    003_S_4900: Step 2/10: N4 bias field correction
    005_S_0221: Step 3/10: HD-BET skull stripping
    005_S_0222: Step 3/10: HD-BET skull stripping
    005_S_0546: Step 2/10: N4 bias field correction
    005_S_0610: Step 3/10: HD-BET skull stripping
    005_S_0929: Step 1/10: DICOM -> NIfTI (dcm2niix)

[Live Progress] Done: 1 | Remaining: 629 | Failed: 1 | ETA: 17333.6 min
  Active subjects:
    002_S_4171: Step 3/10: HD-BET skull stripping
    002_S_4225: Step 3/10: HD-BET skull stripping
    002_S_4229: Step 2/10: N4 bias field correction
    002_S_4270: Step 3/10: HD-BET skull stripping
    002_S_4447: Step 3/10: HD-BET skull stripping
    002_S_4473: Step 2/10: N4 bias field correction
    002_S_4654: Step 2/10: N4 bias field correction
    002_S_4746: Step 2/10: N4 bias field correction
    002_S_5018: Step 2/10: N4 bias field correction
    003_S_4288: Step 3/10: HD-BET skull stripping
    003_S_4350: Step 2/10: N4 bias field correction
    003_S_4441: Step 2/10: N4 bias field correction
    003_S_4872: Step 2/10: N4 bias field correction
    003_S_4900: Step 2/10: N4 bias field correction
    005_S_0221: Step 3/10: HD-BET skull stripping
    005_S_0222: Step 3/10: HD-BET skull stripping
    005_S_0546: Step 2/10: N4 bias field correction
    005_S_0610: Step 3/10: HD-BET skull stripping
    005_S_0929: Step 1/10: DICOM -> NIfTI (dcm2niix)

[Live Progress] Done: 1 | Remaining: 629 | Failed: 1 | ETA: 17344.4 min
  Active subjects:
    002_S_4171: Step 3/10: HD-BET skull stripping
    002_S_4225: Step 3/10: HD-BET skull stripping
    002_S_4229: Step 2/10: N4 bias field correction
    002_S_4270: Step 3/10: HD-BET skull stripping
    002_S_4447: Step 3/10: HD-BET skull stripping
    002_S_4473: Step 2/10: N4 bias field correction
    002_S_4654: Step 2/10: N4 bias field correction
    002_S_4746: Step 2/10: N4 bias field correction
    002_S_5018: Step 2/10: N4 bias field correction
    003_S_4288: Step 3/10: HD-BET skull stripping
    003_S_4350: Step 2/10: N4 bias field correction
    003_S_4441: Step 2/10: N4 bias field correction
    003_S_4872: Step 2/10: N4 bias field correction
    003_S_4900: Step 2/10: N4 bias field correction
    005_S_0221: Step 3/10: HD-BET skull stripping
    005_S_0222: Step 3/10: HD-BET skull stripping
    005_S_0546: Step 2/10: N4 bias field correction
    005_S_0610: Step 3/10: HD-BET skull stripping
    005_S_0929: Step 1/10: DICOM -> NIfTI (dcm2niix)

[Live Progress] Done: 1 | Remaining: 629 | Failed: 1 | ETA: 17355.5 min
  Active subjects:
    002_S_4171: Step 3/10: HD-BET skull stripping
    002_S_4225: Step 3/10: HD-BET skull stripping
    002_S_4229: Step 2/10: N4 bias field correction
    002_S_4270: Step 3/10: HD-BET skull stripping
    002_S_4447: Step 3/10: HD-BET skull stripping
    002_S_4473: Step 2/10: N4 bias field correction
    002_S_4654: Step 2/10: N4 bias field correction
    002_S_4746: Step 2/10: N4 bias field correction
    002_S_5018: Step 2/10: N4 bias field correction
    003_S_4288: Step 3/10: HD-BET skull stripping
    003_S_4350: Step 2/10: N4 bias field correction
    003_S_4441: Step 2/10: N4 bias field correction
    003_S_4872: Step 2/10: N4 bias field correction
    003_S_4900: Step 2/10: N4 bias field correction
    005_S_0221: Step 3/10: HD-BET skull stripping
    005_S_0222: Step 3/10: HD-BET skull stripping
    005_S_0546: Step 2/10: N4 bias field correction
    005_S_0610: Step 3/10: HD-BET skull stripping
    005_S_0929: Step 1/10: DICOM -> NIfTI (dcm2niix)

[Live Progress] Done: 1 | Remaining: 629 | Failed: 1 | ETA: 17368.0 min
  Active subjects:
    002_S_4171: Step 3/10: HD-BET skull stripping
    002_S_4225: Step 3/10: HD-BET skull stripping
    002_S_4229: Step 2/10: N4 bias field correction
    002_S_4270: Step 3/10: HD-BET skull stripping
    002_S_4447: Step 3/10: HD-BET skull stripping
    002_S_4473: Step 2/10: N4 bias field correction
    002_S_4654: Step 2/10: N4 bias field correction
    002_S_4746: Step 2/10: N4 bias field correction
    002_S_5018: Step 2/10: N4 bias field correction
    003_S_4288: Step 3/10: HD-BET skull stripping
    003_S_4350: Step 2/10: N4 bias field correction
    003_S_4441: Step 2/10: N4 bias field correction
    003_S_4872: Step 2/10: N4 bias field correction
    003_S_4900: Step 2/10: N4 bias field correction
    005_S_0221: Step 3/10: HD-BET skull stripping
    005_S_0222: Step 3/10: HD-BET skull stripping
    005_S_0546: Step 2/10: N4 bias field correction
    005_S_0610: Step 3/10: HD-BET skull stripping
    005_S_0929: Step 1/10: DICOM -> NIfTI (dcm2niix)

[Live Progress] Done: 1 | Remaining: 629 | Failed: 1 | ETA: 17378.9 min
  Active subjects:
    002_S_4171: Step 3/10: HD-BET skull stripping
    002_S_4225: Step 3/10: HD-BET skull stripping
    002_S_4229: Step 2/10: N4 bias field correction
    002_S_4270: Step 3/10: HD-BET skull stripping
    002_S_4447: Step 3/10: HD-BET skull stripping
    002_S_4473: Step 2/10: N4 bias field correction
    002_S_4654: Step 2/10: N4 bias field correction
    002_S_4746: Step 2/10: N4 bias field correction
    002_S_5018: Step 2/10: N4 bias field correction
    003_S_4288: Step 3/10: HD-BET skull stripping
    003_S_4350: Step 2/10: N4 bias field correction
    003_S_4441: Step 2/10: N4 bias field correction
    003_S_4872: Step 2/10: N4 bias field correction
    003_S_4900: Step 2/10: N4 bias field correction
    005_S_0221: Step 3/10: HD-BET skull stripping
    005_S_0222: Step 3/10: HD-BET skull stripping
    005_S_0546: Step 2/10: N4 bias field correction
    005_S_0610: Step 3/10: HD-BET skull stripping
    005_S_0929: Step 1/10: DICOM -> NIfTI (dcm2niix)

[Live Progress] Done: 1 | Remaining: 629 | Failed: 1 | ETA: 17390.0 min
  Active subjects:
    002_S_4171: Step 3/10: HD-BET skull stripping
    002_S_4225: Step 3/10: HD-BET skull stripping
    002_S_4229: Step 2/10: N4 bias field correction
    002_S_4270: Step 3/10: HD-BET skull stripping
    002_S_4447: Step 3/10: HD-BET skull stripping
    002_S_4473: Step 2/10: N4 bias field correction
    002_S_4654: Step 2/10: N4 bias field correction
    002_S_4746: Step 2/10: N4 bias field correction
    002_S_5018: Step 2/10: N4 bias field correction
    003_S_4288: Step 3/10: HD-BET skull stripping
    003_S_4350: Step 2/10: N4 bias field correction
    003_S_4441: Step 2/10: N4 bias field correction
    003_S_4872: Step 2/10: N4 bias field correction
    003_S_4900: Step 2/10: N4 bias field correction
    005_S_0221: Step 3/10: HD-BET skull stripping
    005_S_0222: Step 3/10: HD-BET skull stripping
    005_S_0546: Step 2/10: N4 bias field correction
    005_S_0610: Step 3/10: HD-BET skull stripping
    005_S_0929: Step 1/10: DICOM -> NIfTI (dcm2niix)

[Live Progress] Done: 1 | Remaining: 629 | Failed: 1 | ETA: 17401.6 min
  Active subjects:
    002_S_4171: Step 3/10: HD-BET skull stripping
    002_S_4225: Step 3/10: HD-BET skull stripping
    002_S_4229: Step 2/10: N4 bias field correction
    002_S_4270: Step 3/10: HD-BET skull stripping
    002_S_4447: Step 3/10: HD-BET skull stripping
    002_S_4473: Step 2/10: N4 bias field correction
    002_S_4654: Step 2/10: N4 bias field correction
    002_S_4746: Step 2/10: N4 bias field correction
    002_S_5018: Step 2/10: N4 bias field correction
    003_S_4288: Step 3/10: HD-BET skull stripping
    003_S_4350: Step 2/10: N4 bias field correction
    003_S_4441: Step 2/10: N4 bias field correction
    003_S_4872: Step 2/10: N4 bias field correction
    003_S_4900: Step 2/10: N4 bias field correction
    005_S_0221: Step 3/10: HD-BET skull stripping
    005_S_0222: Step 3/10: HD-BET skull stripping
    005_S_0546: Step 2/10: N4 bias field correction
    005_S_0610: Step 3/10: HD-BET skull stripping
    005_S_0929: Step 1/10: DICOM -> NIfTI (dcm2niix)

[Live Progress] Done: 1 | Remaining: 629 | Failed: 1 | ETA: 17412.7 min
  Active subjects:
    002_S_4171: Step 3/10: HD-BET skull stripping
    002_S_4225: Step 3/10: HD-BET skull stripping
    002_S_4229: Step 2/10: N4 bias field correction
    002_S_4270: Step 3/10: HD-BET skull stripping
    002_S_4447: Step 3/10: HD-BET skull stripping
    002_S_4473: Step 2/10: N4 bias field correction
    002_S_4654: Step 2/10: N4 bias field correction
    002_S_4746: Step 2/10: N4 bias field correction
    002_S_5018: Step 2/10: N4 bias field correction
    003_S_4288: Step 3/10: HD-BET skull stripping
    003_S_4350: Step 2/10: N4 bias field correction
    003_S_4441: Step 2/10: N4 bias field correction
    003_S_4872: Step 2/10: N4 bias field correction
    003_S_4900: Step 2/10: N4 bias field correction
    005_S_0221: Step 3/10: HD-BET skull stripping
    005_S_0222: Step 3/10: HD-BET skull stripping
    005_S_0546: Step 2/10: N4 bias field correction
    005_S_0610: Step 3/10: HD-BET skull stripping
    005_S_0929: Step 1/10: DICOM -> NIfTI (dcm2niix)

[Live Progress] Done: 1 | Remaining: 629 | Failed: 1 | ETA: 17427.1 min
  Active subjects:
    002_S_4171: Step 3/10: HD-BET skull stripping
    002_S_4225: Step 3/10: HD-BET skull stripping
    002_S_4229: Step 2/10: N4 bias field correction
    002_S_4270: Step 3/10: HD-BET skull stripping
    002_S_4447: Step 3/10: HD-BET skull stripping
    002_S_4473: Step 2/10: N4 bias field correction
    002_S_4654: Step 2/10: N4 bias field correction
    002_S_4746: Step 2/10: N4 bias field correction
    002_S_5018: Step 2/10: N4 bias field correction
    003_S_4288: Step 3/10: HD-BET skull stripping
    003_S_4350: Step 2/10: N4 bias field correction
    003_S_4441: Step 2/10: N4 bias field correction
    003_S_4872: Step 2/10: N4 bias field correction
    003_S_4900: Step 2/10: N4 bias field correction
    005_S_0221: Step 3/10: HD-BET skull stripping
    005_S_0222: Step 3/10: HD-BET skull stripping
    005_S_0546: Step 2/10: N4 bias field correction
    005_S_0610: Step 3/10: HD-BET skull stripping
    005_S_0929: Step 1/10: DICOM -> NIfTI (dcm2niix)

[Live Progress] Done: 1 | Remaining: 629 | Failed: 1 | ETA: 17438.8 min
  Active subjects:
    002_S_4171: Step 3/10: HD-BET skull stripping
    002_S_4225: Step 3/10: HD-BET skull stripping
    002_S_4229: Step 2/10: N4 bias field correction
    002_S_4270: Step 3/10: HD-BET skull stripping
    002_S_4447: Step 3/10: HD-BET skull stripping
    002_S_4473: Step 2/10: N4 bias field correction
    002_S_4654: Step 2/10: N4 bias field correction
    002_S_4746: Step 2/10: N4 bias field correction
    002_S_5018: Step 2/10: N4 bias field correction
    003_S_4288: Step 3/10: HD-BET skull stripping
    003_S_4350: Step 2/10: N4 bias field correction
    003_S_4441: Step 2/10: N4 bias field correction
    003_S_4872: Step 2/10: N4 bias field correction
    003_S_4900: Step 2/10: N4 bias field correction
    005_S_0221: Step 3/10: HD-BET skull stripping
    005_S_0222: Step 3/10: HD-BET skull stripping
    005_S_0546: Step 2/10: N4 bias field correction
    005_S_0610: Step 3/10: HD-BET skull stripping
    005_S_0929: Step 1/10: DICOM -> NIfTI (dcm2niix)

[Live Progress] Done: 1 | Remaining: 629 | Failed: 1 | ETA: 17449.7 min
  Active subjects:
    002_S_4171: Step 3/10: HD-BET skull stripping
    002_S_4225: Step 3/10: HD-BET skull stripping
    002_S_4229: Step 2/10: N4 bias field correction
    002_S_4270: Step 3/10: HD-BET skull stripping
    002_S_4447: Step 3/10: HD-BET skull stripping
    002_S_4473: Step 2/10: N4 bias field correction
    002_S_4654: Step 2/10: N4 bias field correction
    002_S_4746: Step 2/10: N4 bias field correction
    002_S_5018: Step 2/10: N4 bias field correction
    003_S_4288: Step 3/10: HD-BET skull stripping
    003_S_4350: Step 2/10: N4 bias field correction
    003_S_4441: Step 2/10: N4 bias field correction
    003_S_4872: Step 2/10: N4 bias field correction
    003_S_4900: Step 2/10: N4 bias field correction
    005_S_0221: Step 3/10: HD-BET skull stripping
    005_S_0222: Step 3/10: HD-BET skull stripping
    005_S_0546: Step 2/10: N4 bias field correction
    005_S_0610: Step 3/10: HD-BET skull stripping
    005_S_0929: Step 1/10: DICOM -> NIfTI (dcm2niix)

[Live Progress] Done: 1 | Remaining: 629 | Failed: 1 | ETA: 17460.8 min
  Active subjects:
    002_S_4171: Step 3/10: HD-BET skull stripping
    002_S_4225: Step 3/10: HD-BET skull stripping
    002_S_4229: Step 2/10: N4 bias field correction
    002_S_4270: Step 3/10: HD-BET skull stripping
    002_S_4447: Step 3/10: HD-BET skull stripping
    002_S_4473: Step 2/10: N4 bias field correction
    002_S_4654: Step 2/10: N4 bias field correction
    002_S_4746: Step 2/10: N4 bias field correction
    002_S_5018: Step 2/10: N4 bias field correction
    003_S_4288: Step 3/10: HD-BET skull stripping
    003_S_4350: Step 2/10: N4 bias field correction
    003_S_4441: Step 2/10: N4 bias field correction
    003_S_4872: Step 2/10: N4 bias field correction
    003_S_4900: Step 2/10: N4 bias field correction
    005_S_0221: Step 3/10: HD-BET skull stripping
    005_S_0222: Step 3/10: HD-BET skull stripping
    005_S_0546: Step 2/10: N4 bias field correction
    005_S_0610: Step 3/10: HD-BET skull stripping
    005_S_0929: Step 1/10: DICOM -> NIfTI (dcm2niix)

[Live Progress] Done: 1 | Remaining: 629 | Failed: 1 | ETA: 17471.5 min
  Active subjects:
    002_S_4171: Step 3/10: HD-BET skull stripping
    002_S_4225: Step 3/10: HD-BET skull stripping
    002_S_4229: Step 2/10: N4 bias field correction
    002_S_4270: Step 3/10: HD-BET skull stripping
    002_S_4447: Step 3/10: HD-BET skull stripping
    002_S_4473: Step 2/10: N4 bias field correction
    002_S_4654: Step 2/10: N4 bias field correction
    002_S_4746: Step 2/10: N4 bias field correction
    002_S_5018: Step 2/10: N4 bias field correction
    003_S_4288: Step 3/10: HD-BET skull stripping
    003_S_4350: Step 2/10: N4 bias field correction
    003_S_4441: Step 2/10: N4 bias field correction
    003_S_4872: Step 2/10: N4 bias field correction
    003_S_4900: Step 2/10: N4 bias field correction
    005_S_0221: Step 3/10: HD-BET skull stripping
    005_S_0222: Step 3/10: HD-BET skull stripping
    005_S_0546: Step 2/10: N4 bias field correction
    005_S_0610: Step 3/10: HD-BET skull stripping
    005_S_0929: Step 1/10: DICOM -> NIfTI (dcm2niix)

[Live Progress] Done: 1 | Remaining: 629 | Failed: 1 | ETA: 17482.1 min
  Active subjects:
    002_S_4171: Step 3/10: HD-BET skull stripping
    002_S_4225: Step 3/10: HD-BET skull stripping
    002_S_4229: Step 2/10: N4 bias field correction
    002_S_4270: Step 3/10: HD-BET skull stripping
    002_S_4447: Step 3/10: HD-BET skull stripping
    002_S_4473: Step 2/10: N4 bias field correction
    002_S_4654: Step 2/10: N4 bias field correction
    002_S_4746: Step 2/10: N4 bias field correction
    002_S_5018: Step 2/10: N4 bias field correction
    003_S_4288: Step 3/10: HD-BET skull stripping
    003_S_4350: Step 2/10: N4 bias field correction
    003_S_4441: Step 2/10: N4 bias field correction
    003_S_4872: Step 2/10: N4 bias field correction
    003_S_4900: Step 2/10: N4 bias field correction
    005_S_0221: Step 3/10: HD-BET skull stripping
    005_S_0222: Step 3/10: HD-BET skull stripping
    005_S_0546: Step 2/10: N4 bias field correction
    005_S_0610: Step 3/10: HD-BET skull stripping
    005_S_0929: Step 1/10: DICOM -> NIfTI (dcm2niix)

[Live Progress] Done: 1 | Remaining: 629 | Failed: 1 | ETA: 17492.9 min
  Active subjects:
    002_S_4171: Step 3/10: HD-BET skull stripping
    002_S_4225: Step 3/10: HD-BET skull stripping
    002_S_4229: Step 2/10: N4 bias field correction
    002_S_4270: Step 3/10: HD-BET skull stripping
    002_S_4447: Step 3/10: HD-BET skull stripping
    002_S_4473: Step 2/10: N4 bias field correction
    002_S_4654: Step 2/10: N4 bias field correction
    002_S_4746: Step 2/10: N4 bias field correction
    002_S_5018: Step 2/10: N4 bias field correction
    003_S_4288: Step 3/10: HD-BET skull stripping
    003_S_4350: Step 2/10: N4 bias field correction
    003_S_4441: Step 2/10: N4 bias field correction
    003_S_4872: Step 2/10: N4 bias field correction
    003_S_4900: Step 2/10: N4 bias field correction
    005_S_0221: Step 3/10: HD-BET skull stripping
    005_S_0222: Step 3/10: HD-BET skull stripping
    005_S_0546: Step 2/10: N4 bias field correction
    005_S_0610: Step 3/10: HD-BET skull stripping
    005_S_0929: Step 1/10: DICOM -> NIfTI (dcm2niix)

[Live Progress] Done: 1 | Remaining: 629 | Failed: 1 | ETA: 17504.0 min
  Active subjects:
    002_S_4171: Step 3/10: HD-BET skull stripping
    002_S_4225: Step 3/10: HD-BET skull stripping
    002_S_4229: Step 2/10: N4 bias field correction
    002_S_4270: Step 3/10: HD-BET skull stripping
    002_S_4447: Step 3/10: HD-BET skull stripping
    002_S_4473: Step 2/10: N4 bias field correction
    002_S_4654: Step 2/10: N4 bias field correction
    002_S_4746: Step 2/10: N4 bias field correction
    002_S_5018: Step 2/10: N4 bias field correction
    003_S_4288: Step 3/10: HD-BET skull stripping
    003_S_4350: Step 2/10: N4 bias field correction
    003_S_4441: Step 2/10: N4 bias field correction
    003_S_4872: Step 2/10: N4 bias field correction
    003_S_4900: Step 2/10: N4 bias field correction
    005_S_0221: Step 3/10: HD-BET skull stripping
    005_S_0222: Step 3/10: HD-BET skull stripping
    005_S_0546: Step 2/10: N4 bias field correction
    005_S_0610: Step 3/10: HD-BET skull stripping
    005_S_0929: Step 1/10: DICOM -> NIfTI (dcm2niix)

[Live Progress] Done: 1 | Remaining: 629 | Failed: 1 | ETA: 17514.8 min
  Active subjects:
    002_S_4171: Step 3/10: HD-BET skull stripping
    002_S_4225: Step 3/10: HD-BET skull stripping
    002_S_4229: Step 2/10: N4 bias field correction
    002_S_4270: Step 3/10: HD-BET skull stripping
    002_S_4447: Step 3/10: HD-BET skull stripping
    002_S_4473: Step 2/10: N4 bias field correction
    002_S_4654: Step 2/10: N4 bias field correction
    002_S_4746: Step 2/10: N4 bias field correction
    002_S_5018: Step 2/10: N4 bias field correction
    003_S_4288: Step 3/10: HD-BET skull stripping
    003_S_4350: Step 2/10: N4 bias field correction
    003_S_4441: Step 2/10: N4 bias field correction
    003_S_4872: Step 2/10: N4 bias field correction
    003_S_4900: Step 2/10: N4 bias field correction
    005_S_0221: Step 3/10: HD-BET skull stripping
    005_S_0222: Step 3/10: HD-BET skull stripping
    005_S_0546: Step 2/10: N4 bias field correction
    005_S_0610: Step 3/10: HD-BET skull stripping
    005_S_0929: Step 1/10: DICOM -> NIfTI (dcm2niix)

[Live Progress] Done: 1 | Remaining: 629 | Failed: 1 | ETA: 17525.6 min
  Active subjects:
    002_S_4171: Step 3/10: HD-BET skull stripping
    002_S_4225: Step 3/10: HD-BET skull stripping
    002_S_4229: Step 2/10: N4 bias field correction
    002_S_4270: Step 3/10: HD-BET skull stripping
    002_S_4447: Step 3/10: HD-BET skull stripping
    002_S_4473: Step 2/10: N4 bias field correction
    002_S_4654: Step 2/10: N4 bias field correction
    002_S_4746: Step 2/10: N4 bias field correction
    002_S_5018: Step 2/10: N4 bias field correction
    003_S_4288: Step 3/10: HD-BET skull stripping
    003_S_4350: Step 2/10: N4 bias field correction
    003_S_4441: Step 2/10: N4 bias field correction
    003_S_4872: Step 2/10: N4 bias field correction
    003_S_4900: Step 2/10: N4 bias field correction
    005_S_0221: Step 3/10: HD-BET skull stripping
    005_S_0222: Step 3/10: HD-BET skull stripping
    005_S_0546: Step 2/10: N4 bias field correction
    005_S_0610: Step 3/10: HD-BET skull stripping
    005_S_0929: Step 1/10: DICOM -> NIfTI (dcm2niix)

[Live Progress] Done: 1 | Remaining: 629 | Failed: 1 | ETA: 17536.9 min
  Active subjects:
    002_S_4171: Step 3/10: HD-BET skull stripping
    002_S_4225: Step 3/10: HD-BET skull stripping
    002_S_4229: Step 2/10: N4 bias field correction
    002_S_4270: Step 3/10: HD-BET skull stripping
    002_S_4447: Step 3/10: HD-BET skull stripping
    002_S_4473: Step 2/10: N4 bias field correction
    002_S_4654: Step 2/10: N4 bias field correction
    002_S_4746: Step 2/10: N4 bias field correction
    002_S_5018: Step 2/10: N4 bias field correction
    003_S_4288: Step 3/10: HD-BET skull stripping
    003_S_4350: Step 2/10: N4 bias field correction
    003_S_4441: Step 2/10: N4 bias field correction
    003_S_4872: Step 2/10: N4 bias field correction
    003_S_4900: Step 2/10: N4 bias field correction
    005_S_0221: Step 3/10: HD-BET skull stripping
    005_S_0222: Step 3/10: HD-BET skull stripping
    005_S_0546: Step 2/10: N4 bias field correction
    005_S_0610: Step 3/10: HD-BET skull stripping
    005_S_0929: Step 1/10: DICOM -> NIfTI (dcm2niix)

[Live Progress] Done: 1 | Remaining: 629 | Failed: 1 | ETA: 17548.1 min
  Active subjects:
    002_S_4171: Step 3/10: HD-BET skull stripping
    002_S_4225: Step 3/10: HD-BET skull stripping
    002_S_4229: Step 2/10: N4 bias field correction
    002_S_4270: Step 3/10: HD-BET skull stripping
    002_S_4447: Step 3/10: HD-BET skull stripping
    002_S_4473: Step 2/10: N4 bias field correction
    002_S_4654: Step 2/10: N4 bias field correction
    002_S_4746: Step 2/10: N4 bias field correction
    002_S_5018: Step 2/10: N4 bias field correction
    003_S_4288: Step 3/10: HD-BET skull stripping
    003_S_4350: Step 2/10: N4 bias field correction
    003_S_4441: Step 2/10: N4 bias field correction
    003_S_4872: Step 2/10: N4 bias field correction
    003_S_4900: Step 2/10: N4 bias field correction
    005_S_0221: Step 3/10: HD-BET skull stripping
    005_S_0222: Step 3/10: HD-BET skull stripping
    005_S_0546: Step 2/10: N4 bias field correction
    005_S_0610: Step 3/10: HD-BET skull stripping
    005_S_0929: Step 1/10: DICOM -> NIfTI (dcm2niix)

[Live Progress] Done: 1 | Remaining: 629 | Failed: 1 | ETA: 17559.2 min
  Active subjects:
    002_S_4171: Step 3/10: HD-BET skull stripping
    002_S_4225: Step 3/10: HD-BET skull stripping
    002_S_4229: Step 2/10: N4 bias field correction
    002_S_4270: Step 3/10: HD-BET skull stripping
    002_S_4447: Step 3/10: HD-BET skull stripping
    002_S_4473: Step 2/10: N4 bias field correction
    002_S_4654: Step 2/10: N4 bias field correction
    002_S_4746: Step 2/10: N4 bias field correction
    002_S_5018: Step 2/10: N4 bias field correction
    003_S_4288: Step 3/10: HD-BET skull stripping
    003_S_4350: Step 2/10: N4 bias field correction
    003_S_4441: Step 2/10: N4 bias field correction
    003_S_4872: Step 2/10: N4 bias field correction
    003_S_4900: Step 2/10: N4 bias field correction
    005_S_0221: Step 3/10: HD-BET skull stripping
    005_S_0222: Step 3/10: HD-BET skull stripping
    005_S_0546: Step 2/10: N4 bias field correction
    005_S_0610: Step 3/10: HD-BET skull stripping
    005_S_0929: Step 1/10: DICOM -> NIfTI (dcm2niix)

[Live Progress] Done: 1 | Remaining: 629 | Failed: 1 | ETA: 17571.0 min
  Active subjects:
    002_S_4171: Step 3/10: HD-BET skull stripping
    002_S_4225: Step 3/10: HD-BET skull stripping
    002_S_4229: Step 2/10: N4 bias field correction
    002_S_4270: Step 3/10: HD-BET skull stripping
    002_S_4447: Step 3/10: HD-BET skull stripping
    002_S_4473: Step 2/10: N4 bias field correction
    002_S_4654: Step 2/10: N4 bias field correction
    002_S_4746: Step 2/10: N4 bias field correction
    002_S_5018: Step 2/10: N4 bias field correction
    003_S_4288: Step 3/10: HD-BET skull stripping
    003_S_4350: Step 2/10: N4 bias field correction
    003_S_4441: Step 2/10: N4 bias field correction
    003_S_4872: Step 2/10: N4 bias field correction
    003_S_4900: Step 2/10: N4 bias field correction
    005_S_0221: Step 3/10: HD-BET skull stripping
    005_S_0222: Step 3/10: HD-BET skull stripping
    005_S_0546: Step 2/10: N4 bias field correction
    005_S_0610: Step 3/10: HD-BET skull stripping
    005_S_0929: Step 1/10: DICOM -> NIfTI (dcm2niix)

[Live Progress] Done: 1 | Remaining: 629 | Failed: 1 | ETA: 17581.9 min
  Active subjects:
    002_S_4171: Step 3/10: HD-BET skull stripping
    002_S_4225: Step 3/10: HD-BET skull stripping
    002_S_4229: Step 2/10: N4 bias field correction
    002_S_4270: Step 3/10: HD-BET skull stripping
    002_S_4447: Step 3/10: HD-BET skull stripping
    002_S_4473: Step 2/10: N4 bias field correction
    002_S_4654: Step 2/10: N4 bias field correction
    002_S_4746: Step 2/10: N4 bias field correction
    002_S_5018: Step 2/10: N4 bias field correction
    003_S_4288: Step 3/10: HD-BET skull stripping
    003_S_4350: Step 2/10: N4 bias field correction
    003_S_4441: Step 2/10: N4 bias field correction
    003_S_4872: Step 2/10: N4 bias field correction
    003_S_4900: Step 2/10: N4 bias field correction
    005_S_0221: Step 3/10: HD-BET skull stripping
    005_S_0222: Step 3/10: HD-BET skull stripping
    005_S_0546: Step 2/10: N4 bias field correction
    005_S_0610: Step 3/10: HD-BET skull stripping
    005_S_0929: Step 1/10: DICOM -> NIfTI (dcm2niix)

[Live Progress] Done: 1 | Remaining: 629 | Failed: 1 | ETA: 17594.9 min
  Active subjects:
    002_S_4171: Step 3/10: HD-BET skull stripping
    002_S_4225: Step 3/10: HD-BET skull stripping
    002_S_4229: Step 2/10: N4 bias field correction
    002_S_4270: Step 3/10: HD-BET skull stripping
    002_S_4447: Step 3/10: HD-BET skull stripping
    002_S_4473: Step 2/10: N4 bias field correction
    002_S_4654: Step 2/10: N4 bias field correction
    002_S_4746: Step 2/10: N4 bias field correction
    002_S_5018: Step 2/10: N4 bias field correction
    003_S_4288: Step 3/10: HD-BET skull stripping
    003_S_4350: Step 2/10: N4 bias field correction
    003_S_4441: Step 2/10: N4 bias field correction
    003_S_4872: Step 2/10: N4 bias field correction
    003_S_4900: Step 2/10: N4 bias field correction
    005_S_0221: Step 3/10: HD-BET skull stripping
    005_S_0222: Step 3/10: HD-BET skull stripping
    005_S_0546: Step 2/10: N4 bias field correction
    005_S_0610: Step 3/10: HD-BET skull stripping
    005_S_0929: Step 1/10: DICOM -> NIfTI (dcm2niix)

[Live Progress] Done: 1 | Remaining: 629 | Failed: 1 | ETA: 17605.7 min
  Active subjects:
    002_S_4171: Step 3/10: HD-BET skull stripping
    002_S_4225: Step 3/10: HD-BET skull stripping
    002_S_4229: Step 2/10: N4 bias field correction
    002_S_4270: Step 3/10: HD-BET skull stripping
    002_S_4447: Step 3/10: HD-BET skull stripping
    002_S_4473: Step 2/10: N4 bias field correction
    002_S_4654: Step 2/10: N4 bias field correction
    002_S_4746: Step 2/10: N4 bias field correction
    002_S_5018: Step 2/10: N4 bias field correction
    003_S_4288: Step 3/10: HD-BET skull stripping
    003_S_4350: Step 2/10: N4 bias field correction
    003_S_4441: Step 2/10: N4 bias field correction
    003_S_4872: Step 2/10: N4 bias field correction
    003_S_4900: Step 2/10: N4 bias field correction
    005_S_0221: Step 3/10: HD-BET skull stripping
    005_S_0222: Step 3/10: HD-BET skull stripping
    005_S_0546: Step 2/10: N4 bias field correction
    005_S_0610: Step 3/10: HD-BET skull stripping
    005_S_0929: Step 1/10: DICOM -> NIfTI (dcm2niix)

[Live Progress] Done: 1 | Remaining: 629 | Failed: 1 | ETA: 17616.4 min
  Active subjects:
    002_S_4171: Step 3/10: HD-BET skull stripping
    002_S_4225: Step 3/10: HD-BET skull stripping
    002_S_4229: Step 2/10: N4 bias field correction
    002_S_4270: Step 3/10: HD-BET skull stripping
    002_S_4447: Step 3/10: HD-BET skull stripping
    002_S_4473: Step 2/10: N4 bias field correction
    002_S_4654: Step 2/10: N4 bias field correction
    002_S_4746: Step 2/10: N4 bias field correction
    002_S_5018: Step 2/10: N4 bias field correction
    003_S_4288: Step 3/10: HD-BET skull stripping
    003_S_4350: Step 2/10: N4 bias field correction
    003_S_4441: Step 2/10: N4 bias field correction
    003_S_4872: Step 2/10: N4 bias field correction
    003_S_4900: Step 2/10: N4 bias field correction
    005_S_0221: Step 3/10: HD-BET skull stripping
    005_S_0222: Step 3/10: HD-BET skull stripping
    005_S_0546: Step 2/10: N4 bias field correction
    005_S_0610: Step 3/10: HD-BET skull stripping
    005_S_0929: Step 1/10: DICOM -> NIfTI (dcm2niix)

[Live Progress] Done: 1 | Remaining: 629 | Failed: 1 | ETA: 17627.5 min
  Active subjects:
    002_S_4171: Step 3/10: HD-BET skull stripping
    002_S_4225: Step 3/10: HD-BET skull stripping
    002_S_4229: Step 2/10: N4 bias field correction
    002_S_4270: Step 3/10: HD-BET skull stripping
    002_S_4447: Step 3/10: HD-BET skull stripping
    002_S_4473: Step 2/10: N4 bias field correction
    002_S_4654: Step 2/10: N4 bias field correction
    002_S_4746: Step 2/10: N4 bias field correction
    002_S_5018: Step 2/10: N4 bias field correction
    003_S_4288: Step 3/10: HD-BET skull stripping
    003_S_4350: Step 2/10: N4 bias field correction
    003_S_4441: Step 2/10: N4 bias field correction
    003_S_4872: Step 2/10: N4 bias field correction
    003_S_4900: Step 2/10: N4 bias field correction
    005_S_0221: Step 3/10: HD-BET skull stripping
    005_S_0222: Step 3/10: HD-BET skull stripping
    005_S_0546: Step 2/10: N4 bias field correction
    005_S_0610: Step 3/10: HD-BET skull stripping
    005_S_0929: Step 1/10: DICOM -> NIfTI (dcm2niix)

[Live Progress] Done: 1 | Remaining: 629 | Failed: 1 | ETA: 17638.3 min
  Active subjects:
    002_S_4171: Step 3/10: HD-BET skull stripping
    002_S_4225: Step 3/10: HD-BET skull stripping
    002_S_4229: Step 2/10: N4 bias field correction
    002_S_4270: Step 3/10: HD-BET skull stripping
    002_S_4447: Step 3/10: HD-BET skull stripping
    002_S_4473: Step 2/10: N4 bias field correction
    002_S_4654: Step 2/10: N4 bias field correction
    002_S_4746: Step 2/10: N4 bias field correction
    002_S_5018: Step 2/10: N4 bias field correction
    003_S_4288: Step 3/10: HD-BET skull stripping
    003_S_4350: Step 2/10: N4 bias field correction
    003_S_4441: Step 2/10: N4 bias field correction
    003_S_4872: Step 2/10: N4 bias field correction
    003_S_4900: Step 2/10: N4 bias field correction
    005_S_0221: Step 3/10: HD-BET skull stripping
    005_S_0222: Step 3/10: HD-BET skull stripping
    005_S_0546: Step 2/10: N4 bias field correction
    005_S_0610: Step 3/10: HD-BET skull stripping
    005_S_0929: Step 1/10: DICOM -> NIfTI (dcm2niix)

[Live Progress] Done: 1 | Remaining: 629 | Failed: 1 | ETA: 17648.9 min
  Active subjects:
    002_S_4171: Step 3/10: HD-BET skull stripping
    002_S_4225: Step 3/10: HD-BET skull stripping
    002_S_4229: Step 2/10: N4 bias field correction
    002_S_4270: Step 3/10: HD-BET skull stripping
    002_S_4447: Step 3/10: HD-BET skull stripping
    002_S_4473: Step 2/10: N4 bias field correction
    002_S_4654: Step 2/10: N4 bias field correction
    002_S_4746: Step 2/10: N4 bias field correction
    002_S_5018: Step 2/10: N4 bias field correction
    003_S_4288: Step 3/10: HD-BET skull stripping
    003_S_4350: Step 2/10: N4 bias field correction
    003_S_4441: Step 2/10: N4 bias field correction
    003_S_4872: Step 2/10: N4 bias field correction
    003_S_4900: Step 2/10: N4 bias field correction
    005_S_0221: Step 3/10: HD-BET skull stripping
    005_S_0222: Step 3/10: HD-BET skull stripping
    005_S_0546: Step 2/10: N4 bias field correction
    005_S_0610: Step 3/10: HD-BET skull stripping
    005_S_0929: Step 1/10: DICOM -> NIfTI (dcm2niix)

[Live Progress] Done: 1 | Remaining: 629 | Failed: 1 | ETA: 17659.7 min
  Active subjects:
    002_S_4171: Step 3/10: HD-BET skull stripping
    002_S_4225: Step 3/10: HD-BET skull stripping
    002_S_4229: Step 2/10: N4 bias field correction
    002_S_4270: Step 3/10: HD-BET skull stripping
    002_S_4447: Step 3/10: HD-BET skull stripping
    002_S_4473: Step 2/10: N4 bias field correction
    002_S_4654: Step 2/10: N4 bias field correction
    002_S_4746: Step 2/10: N4 bias field correction
    002_S_5018: Step 2/10: N4 bias field correction
    003_S_4288: Step 3/10: HD-BET skull stripping
    003_S_4350: Step 2/10: N4 bias field correction
    003_S_4441: Step 2/10: N4 bias field correction
    003_S_4872: Step 2/10: N4 bias field correction
    003_S_4900: Step 2/10: N4 bias field correction
    005_S_0221: Step 3/10: HD-BET skull stripping
    005_S_0222: Step 3/10: HD-BET skull stripping
    005_S_0546: Step 2/10: N4 bias field correction
    005_S_0610: Step 3/10: HD-BET skull stripping
    005_S_0929: Step 1/10: DICOM -> NIfTI (dcm2niix)

[Live Progress] Done: 1 | Remaining: 629 | Failed: 1 | ETA: 17670.4 min
  Active subjects:
    002_S_4171: Step 3/10: HD-BET skull stripping
    002_S_4225: Step 3/10: HD-BET skull stripping
    002_S_4229: Step 2/10: N4 bias field correction
    002_S_4270: Step 3/10: HD-BET skull stripping
    002_S_4447: Step 3/10: HD-BET skull stripping
    002_S_4473: Step 2/10: N4 bias field correction
    002_S_4654: Step 2/10: N4 bias field correction
    002_S_4746: Step 2/10: N4 bias field correction
    002_S_5018: Step 2/10: N4 bias field correction
    003_S_4288: Step 3/10: HD-BET skull stripping
    003_S_4350: Step 2/10: N4 bias field correction
    003_S_4441: Step 2/10: N4 bias field correction
    003_S_4872: Step 2/10: N4 bias field correction
    003_S_4900: Step 2/10: N4 bias field correction
    005_S_0221: Step 3/10: HD-BET skull stripping
    005_S_0222: Step 3/10: HD-BET skull stripping
    005_S_0546: Step 2/10: N4 bias field correction
    005_S_0610: Step 3/10: HD-BET skull stripping
    005_S_0929: Step 1/10: DICOM -> NIfTI (dcm2niix)

[Live Progress] Done: 1 | Remaining: 629 | Failed: 1 | ETA: 17681.1 min
  Active subjects:
    002_S_4171: Step 3/10: HD-BET skull stripping
    002_S_4225: Step 3/10: HD-BET skull stripping
    002_S_4229: Step 2/10: N4 bias field correction
    002_S_4270: Step 3/10: HD-BET skull stripping
    002_S_4447: Step 3/10: HD-BET skull stripping
    002_S_4473: Step 2/10: N4 bias field correction
    002_S_4654: Step 2/10: N4 bias field correction
    002_S_4746: Step 2/10: N4 bias field correction
    002_S_5018: Step 2/10: N4 bias field correction
    003_S_4288: Step 3/10: HD-BET skull stripping
    003_S_4350: Step 2/10: N4 bias field correction
    003_S_4441: Step 2/10: N4 bias field correction
    003_S_4872: Step 2/10: N4 bias field correction
    003_S_4900: Step 2/10: N4 bias field correction
    005_S_0221: Step 3/10: HD-BET skull stripping
    005_S_0222: Step 3/10: HD-BET skull stripping
    005_S_0546: Step 2/10: N4 bias field correction
    005_S_0610: Step 3/10: HD-BET skull stripping
    005_S_0929: Step 1/10: DICOM -> NIfTI (dcm2niix)

[Live Progress] Done: 1 | Remaining: 629 | Failed: 1 | ETA: 17691.8 min
  Active subjects:
    002_S_4171: Step 3/10: HD-BET skull stripping
    002_S_4225: Step 3/10: HD-BET skull stripping
    002_S_4229: Step 2/10: N4 bias field correction
    002_S_4270: Step 3/10: HD-BET skull stripping
    002_S_4447: Step 3/10: HD-BET skull stripping
    002_S_4473: Step 2/10: N4 bias field correction
    002_S_4654: Step 2/10: N4 bias field correction
    002_S_4746: Step 2/10: N4 bias field correction
    002_S_5018: Step 2/10: N4 bias field correction
    003_S_4288: Step 3/10: HD-BET skull stripping
    003_S_4350: Step 2/10: N4 bias field correction
    003_S_4441: Step 2/10: N4 bias field correction
    003_S_4872: Step 2/10: N4 bias field correction
    003_S_4900: Step 2/10: N4 bias field correction
    005_S_0221: Step 3/10: HD-BET skull stripping
    005_S_0222: Step 3/10: HD-BET skull stripping
    005_S_0546: Step 2/10: N4 bias field correction
    005_S_0610: Step 3/10: HD-BET skull stripping
    005_S_0929: Step 1/10: DICOM -> NIfTI (dcm2niix)

[Live Progress] Done: 1 | Remaining: 629 | Failed: 1 | ETA: 17702.7 min
  Active subjects:
    002_S_4171: Step 3/10: HD-BET skull stripping
    002_S_4225: Step 3/10: HD-BET skull stripping
    002_S_4229: Step 2/10: N4 bias field correction
    002_S_4270: Step 3/10: HD-BET skull stripping
    002_S_4447: Step 3/10: HD-BET skull stripping
    002_S_4473: Step 2/10: N4 bias field correction
    002_S_4654: Step 2/10: N4 bias field correction
    002_S_4746: Step 2/10: N4 bias field correction
    002_S_5018: Step 2/10: N4 bias field correction
    003_S_4288: Step 3/10: HD-BET skull stripping
    003_S_4350: Step 2/10: N4 bias field correction
    003_S_4441: Step 2/10: N4 bias field correction
    003_S_4872: Step 2/10: N4 bias field correction
    003_S_4900: Step 2/10: N4 bias field correction
    005_S_0221: Step 3/10: HD-BET skull stripping
    005_S_0222: Step 3/10: HD-BET skull stripping
    005_S_0546: Step 2/10: N4 bias field correction
    005_S_0610: Step 3/10: HD-BET skull stripping
    005_S_0929: Step 1/10: DICOM -> NIfTI (dcm2niix)

[Live Progress] Done: 1 | Remaining: 629 | Failed: 1 | ETA: 17713.6 min
  Active subjects:
    002_S_4171: Step 3/10: HD-BET skull stripping
    002_S_4225: Step 3/10: HD-BET skull stripping
    002_S_4229: Step 2/10: N4 bias field correction
    002_S_4270: Step 3/10: HD-BET skull stripping
    002_S_4447: Step 3/10: HD-BET skull stripping
    002_S_4473: Step 2/10: N4 bias field correction
    002_S_4654: Step 2/10: N4 bias field correction
    002_S_4746: Step 2/10: N4 bias field correction
    002_S_5018: Step 2/10: N4 bias field correction
    003_S_4288: Step 3/10: HD-BET skull stripping
    003_S_4350: Step 2/10: N4 bias field correction
    003_S_4441: Step 2/10: N4 bias field correction
    003_S_4872: Step 2/10: N4 bias field correction
    003_S_4900: Step 2/10: N4 bias field correction
    005_S_0221: Step 3/10: HD-BET skull stripping
    005_S_0222: Step 3/10: HD-BET skull stripping
    005_S_0546: Step 2/10: N4 bias field correction
    005_S_0610: Step 3/10: HD-BET skull stripping
    005_S_0929: Step 1/10: DICOM -> NIfTI (dcm2niix)

[Live Progress] Done: 1 | Remaining: 629 | Failed: 1 | ETA: 17724.1 min
  Active subjects:
    002_S_4171: Step 3/10: HD-BET skull stripping
    002_S_4225: Step 3/10: HD-BET skull stripping
    002_S_4229: Step 2/10: N4 bias field correction
    002_S_4270: Step 3/10: HD-BET skull stripping
    002_S_4447: Step 3/10: HD-BET skull stripping
    002_S_4473: Step 2/10: N4 bias field correction
    002_S_4654: Step 2/10: N4 bias field correction
    002_S_4746: Step 2/10: N4 bias field correction
    002_S_5018: Step 2/10: N4 bias field correction
    003_S_4288: Step 3/10: HD-BET skull stripping
    003_S_4350: Step 2/10: N4 bias field correction
    003_S_4441: Step 2/10: N4 bias field correction
    003_S_4872: Step 2/10: N4 bias field correction
    003_S_4900: Step 2/10: N4 bias field correction
    005_S_0221: Step 3/10: HD-BET skull stripping
    005_S_0222: Step 3/10: HD-BET skull stripping
    005_S_0546: Step 2/10: N4 bias field correction
    005_S_0610: Step 3/10: HD-BET skull stripping
    005_S_0929: Step 1/10: DICOM -> NIfTI (dcm2niix)

[Live Progress] Done: 1 | Remaining: 629 | Failed: 1 | ETA: 17734.7 min
  Active subjects:
    002_S_4171: Step 3/10: HD-BET skull stripping
    002_S_4225: Step 3/10: HD-BET skull stripping
    002_S_4229: Step 2/10: N4 bias field correction
    002_S_4270: Step 3/10: HD-BET skull stripping
    002_S_4447: Step 3/10: HD-BET skull stripping
    002_S_4473: Step 2/10: N4 bias field correction
    002_S_4654: Step 2/10: N4 bias field correction
    002_S_4746: Step 2/10: N4 bias field correction
    002_S_5018: Step 2/10: N4 bias field correction
    003_S_4288: Step 3/10: HD-BET skull stripping
    003_S_4350: Step 2/10: N4 bias field correction
    003_S_4441: Step 2/10: N4 bias field correction
    003_S_4872: Step 2/10: N4 bias field correction
    003_S_4900: Step 2/10: N4 bias field correction
    005_S_0221: Step 3/10: HD-BET skull stripping
    005_S_0222: Step 3/10: HD-BET skull stripping
    005_S_0546: Step 2/10: N4 bias field correction
    005_S_0610: Step 3/10: HD-BET skull stripping
    005_S_0929: Step 1/10: DICOM -> NIfTI (dcm2niix)

[Live Progress] Done: 1 | Remaining: 629 | Failed: 1 | ETA: 17745.3 min
  Active subjects:
    002_S_4171: Step 3/10: HD-BET skull stripping
    002_S_4225: Step 3/10: HD-BET skull stripping
    002_S_4229: Step 2/10: N4 bias field correction
    002_S_4270: Step 3/10: HD-BET skull stripping
    002_S_4447: Step 3/10: HD-BET skull stripping
    002_S_4473: Step 2/10: N4 bias field correction
    002_S_4654: Step 2/10: N4 bias field correction
    002_S_4746: Step 2/10: N4 bias field correction
    002_S_5018: Step 2/10: N4 bias field correction
    003_S_4288: Step 3/10: HD-BET skull stripping
    003_S_4350: Step 2/10: N4 bias field correction
    003_S_4441: Step 2/10: N4 bias field correction
    003_S_4872: Step 2/10: N4 bias field correction
    003_S_4900: Step 2/10: N4 bias field correction
    005_S_0221: Step 3/10: HD-BET skull stripping
    005_S_0222: Step 3/10: HD-BET skull stripping
    005_S_0546: Step 2/10: N4 bias field correction
    005_S_0610: Step 3/10: HD-BET skull stripping
    005_S_0929: Step 1/10: DICOM -> NIfTI (dcm2niix)

[Live Progress] Done: 1 | Remaining: 629 | Failed: 1 | ETA: 17755.8 min
  Active subjects:
    002_S_4171: Step 3/10: HD-BET skull stripping
    002_S_4225: Step 3/10: HD-BET skull stripping
    002_S_4229: Step 2/10: N4 bias field correction
    002_S_4270: Step 3/10: HD-BET skull stripping
    002_S_4447: Step 3/10: HD-BET skull stripping
    002_S_4473: Step 2/10: N4 bias field correction
    002_S_4654: Step 2/10: N4 bias field correction
    002_S_4746: Step 2/10: N4 bias field correction
    002_S_5018: Step 2/10: N4 bias field correction
    003_S_4288: Step 3/10: HD-BET skull stripping
    003_S_4350: Step 2/10: N4 bias field correction
    003_S_4441: Step 2/10: N4 bias field correction
    003_S_4872: Step 2/10: N4 bias field correction
    003_S_4900: Step 2/10: N4 bias field correction
    005_S_0221: Step 3/10: HD-BET skull stripping
    005_S_0222: Step 3/10: HD-BET skull stripping
    005_S_0546: Step 2/10: N4 bias field correction
    005_S_0610: Step 3/10: HD-BET skull stripping
    005_S_0929: Step 1/10: DICOM -> NIfTI (dcm2niix)

[Live Progress] Done: 1 | Remaining: 629 | Failed: 1 | ETA: 17766.4 min
  Active subjects:
    002_S_4171: Step 3/10: HD-BET skull stripping
    002_S_4225: Step 3/10: HD-BET skull stripping
    002_S_4229: Step 2/10: N4 bias field correction
    002_S_4270: Step 3/10: HD-BET skull stripping
    002_S_4447: Step 3/10: HD-BET skull stripping
    002_S_4473: Step 2/10: N4 bias field correction
    002_S_4654: Step 2/10: N4 bias field correction
    002_S_4746: Step 2/10: N4 bias field correction
    002_S_5018: Step 2/10: N4 bias field correction
    003_S_4288: Step 3/10: HD-BET skull stripping
    003_S_4350: Step 2/10: N4 bias field correction
    003_S_4441: Step 2/10: N4 bias field correction
    003_S_4872: Step 2/10: N4 bias field correction
    003_S_4900: Step 2/10: N4 bias field correction
    005_S_0221: Step 3/10: HD-BET skull stripping
    005_S_0222: Step 3/10: HD-BET skull stripping
    005_S_0546: Step 2/10: N4 bias field correction
    005_S_0610: Step 3/10: HD-BET skull stripping
    005_S_0929: Step 1/10: DICOM -> NIfTI (dcm2niix)

[Live Progress] Done: 1 | Remaining: 629 | Failed: 1 | ETA: 17777.0 min
  Active subjects:
    002_S_4171: Step 3/10: HD-BET skull stripping
    002_S_4225: Step 3/10: HD-BET skull stripping
    002_S_4229: Step 2/10: N4 bias field correction
    002_S_4270: Step 3/10: HD-BET skull stripping
    002_S_4447: Step 3/10: HD-BET skull stripping
    002_S_4473: Step 2/10: N4 bias field correction
    002_S_4654: Step 2/10: N4 bias field correction
    002_S_4746: Step 2/10: N4 bias field correction
    002_S_5018: Step 2/10: N4 bias field correction
    003_S_4288: Step 3/10: HD-BET skull stripping
    003_S_4350: Step 2/10: N4 bias field correction
    003_S_4441: Step 2/10: N4 bias field correction
    003_S_4872: Step 2/10: N4 bias field correction
    003_S_4900: Step 2/10: N4 bias field correction
    005_S_0221: Step 3/10: HD-BET skull stripping
    005_S_0222: Step 3/10: HD-BET skull stripping
    005_S_0546: Step 2/10: N4 bias field correction
    005_S_0610: Step 3/10: HD-BET skull stripping
    005_S_0929: Step 1/10: DICOM -> NIfTI (dcm2niix)

[Live Progress] Done: 1 | Remaining: 629 | Failed: 1 | ETA: 17787.5 min
  Active subjects:
    002_S_4171: Step 3/10: HD-BET skull stripping
    002_S_4225: Step 3/10: HD-BET skull stripping
    002_S_4229: Step 2/10: N4 bias field correction
    002_S_4270: Step 3/10: HD-BET skull stripping
    002_S_4447: Step 3/10: HD-BET skull stripping
    002_S_4473: Step 2/10: N4 bias field correction
    002_S_4654: Step 2/10: N4 bias field correction
    002_S_4746: Step 2/10: N4 bias field correction
    002_S_5018: Step 2/10: N4 bias field correction
    003_S_4288: Step 3/10: HD-BET skull stripping
    003_S_4350: Step 2/10: N4 bias field correction
    003_S_4441: Step 2/10: N4 bias field correction
    003_S_4872: Step 2/10: N4 bias field correction
    003_S_4900: Step 2/10: N4 bias field correction
    005_S_0221: Step 3/10: HD-BET skull stripping
    005_S_0222: Step 3/10: HD-BET skull stripping
    005_S_0546: Step 2/10: N4 bias field correction
    005_S_0610: Step 3/10: HD-BET skull stripping
    005_S_0929: Step 1/10: DICOM -> NIfTI (dcm2niix)

[Live Progress] Done: 1 | Remaining: 629 | Failed: 1 | ETA: 17798.1 min
  Active subjects:
    002_S_4171: Step 3/10: HD-BET skull stripping
    002_S_4225: Step 3/10: HD-BET skull stripping
    002_S_4229: Step 2/10: N4 bias field correction
    002_S_4270: Step 3/10: HD-BET skull stripping
    002_S_4447: Step 3/10: HD-BET skull stripping
    002_S_4473: Step 2/10: N4 bias field correction
    002_S_4654: Step 2/10: N4 bias field correction
    002_S_4746: Step 2/10: N4 bias field correction
    002_S_5018: Step 2/10: N4 bias field correction
    003_S_4288: Step 3/10: HD-BET skull stripping
    003_S_4350: Step 2/10: N4 bias field correction
    003_S_4441: Step 2/10: N4 bias field correction
    003_S_4872: Step 2/10: N4 bias field correction
    003_S_4900: Step 2/10: N4 bias field correction
    005_S_0221: Step 3/10: HD-BET skull stripping
    005_S_0222: Step 3/10: HD-BET skull stripping
    005_S_0546: Step 2/10: N4 bias field correction
    005_S_0610: Step 3/10: HD-BET skull stripping
    005_S_0929: Step 1/10: DICOM -> NIfTI (dcm2niix)

[Live Progress] Done: 1 | Remaining: 629 | Failed: 1 | ETA: 17808.6 min
  Active subjects:
    002_S_4171: Step 3/10: HD-BET skull stripping
    002_S_4225: Step 3/10: HD-BET skull stripping
    002_S_4229: Step 2/10: N4 bias field correction
    002_S_4270: Step 3/10: HD-BET skull stripping
    002_S_4447: Step 3/10: HD-BET skull stripping
    002_S_4473: Step 2/10: N4 bias field correction
    002_S_4654: Step 2/10: N4 bias field correction
    002_S_4746: Step 2/10: N4 bias field correction
    002_S_5018: Step 2/10: N4 bias field correction
    003_S_4288: Step 3/10: HD-BET skull stripping
    003_S_4350: Step 2/10: N4 bias field correction
    003_S_4441: Step 2/10: N4 bias field correction
    003_S_4872: Step 2/10: N4 bias field correction
    003_S_4900: Step 2/10: N4 bias field correction
    005_S_0221: Step 3/10: HD-BET skull stripping
    005_S_0222: Step 3/10: HD-BET skull stripping
    005_S_0546: Step 2/10: N4 bias field correction
    005_S_0610: Step 3/10: HD-BET skull stripping
    005_S_0929: Step 1/10: DICOM -> NIfTI (dcm2niix)

[Live Progress] Done: 1 | Remaining: 629 | Failed: 1 | ETA: 17819.2 min
  Active subjects:
    002_S_4171: Step 3/10: HD-BET skull stripping
    002_S_4225: Step 3/10: HD-BET skull stripping
    002_S_4229: Step 2/10: N4 bias field correction
    002_S_4270: Step 3/10: HD-BET skull stripping
    002_S_4447: Step 3/10: HD-BET skull stripping
    002_S_4473: Step 2/10: N4 bias field correction
    002_S_4654: Step 2/10: N4 bias field correction
    002_S_4746: Step 2/10: N4 bias field correction
    002_S_5018: Step 2/10: N4 bias field correction
    003_S_4288: Step 3/10: HD-BET skull stripping
    003_S_4350: Step 2/10: N4 bias field correction
    003_S_4441: Step 2/10: N4 bias field correction
    003_S_4872: Step 2/10: N4 bias field correction
    003_S_4900: Step 2/10: N4 bias field correction
    005_S_0221: Step 3/10: HD-BET skull stripping
    005_S_0222: Step 3/10: HD-BET skull stripping
    005_S_0546: Step 2/10: N4 bias field correction
    005_S_0610: Step 3/10: HD-BET skull stripping
    005_S_0929: Step 1/10: DICOM -> NIfTI (dcm2niix)

[Live Progress] Done: 1 | Remaining: 629 | Failed: 1 | ETA: 17829.7 min
  Active subjects:
    002_S_4171: Step 3/10: HD-BET skull stripping
    002_S_4225: Step 3/10: HD-BET skull stripping
    002_S_4229: Step 2/10: N4 bias field correction
    002_S_4270: Step 3/10: HD-BET skull stripping
    002_S_4447: Step 3/10: HD-BET skull stripping
    002_S_4473: Step 2/10: N4 bias field correction
    002_S_4654: Step 2/10: N4 bias field correction
    002_S_4746: Step 2/10: N4 bias field correction
    002_S_5018: Step 2/10: N4 bias field correction
    003_S_4288: Step 3/10: HD-BET skull stripping
    003_S_4350: Step 2/10: N4 bias field correction
    003_S_4441: Step 2/10: N4 bias field correction
    003_S_4872: Step 2/10: N4 bias field correction
    003_S_4900: Step 2/10: N4 bias field correction
    005_S_0221: Step 3/10: HD-BET skull stripping
    005_S_0222: Step 3/10: HD-BET skull stripping
    005_S_0546: Step 2/10: N4 bias field correction
    005_S_0610: Step 3/10: HD-BET skull stripping
    005_S_0929: Step 1/10: DICOM -> NIfTI (dcm2niix)

[Live Progress] Done: 1 | Remaining: 629 | Failed: 1 | ETA: 17840.3 min
  Active subjects:
    002_S_4171: Step 3/10: HD-BET skull stripping
    002_S_4225: Step 3/10: HD-BET skull stripping
    002_S_4229: Step 2/10: N4 bias field correction
    002_S_4270: Step 3/10: HD-BET skull stripping
    002_S_4447: Step 3/10: HD-BET skull stripping
    002_S_4473: Step 2/10: N4 bias field correction
    002_S_4654: Step 2/10: N4 bias field correction
    002_S_4746: Step 2/10: N4 bias field correction
    002_S_5018: Step 2/10: N4 bias field correction
    003_S_4288: Step 3/10: HD-BET skull stripping
    003_S_4350: Step 2/10: N4 bias field correction
    003_S_4441: Step 2/10: N4 bias field correction
    003_S_4872: Step 2/10: N4 bias field correction
    003_S_4900: Step 2/10: N4 bias field correction
    005_S_0221: Step 3/10: HD-BET skull stripping
    005_S_0222: Step 3/10: HD-BET skull stripping
    005_S_0546: Step 2/10: N4 bias field correction
    005_S_0610: Step 3/10: HD-BET skull stripping
    005_S_0929: Step 1/10: DICOM -> NIfTI (dcm2niix)

[Live Progress] Done: 1 | Remaining: 629 | Failed: 1 | ETA: 17850.9 min
  Active subjects:
    002_S_4171: Step 3/10: HD-BET skull stripping
    002_S_4225: Step 3/10: HD-BET skull stripping
    002_S_4229: Step 2/10: N4 bias field correction
    002_S_4270: Step 3/10: HD-BET skull stripping
    002_S_4447: Step 3/10: HD-BET skull stripping
    002_S_4473: Step 2/10: N4 bias field correction
    002_S_4654: Step 2/10: N4 bias field correction
    002_S_4746: Step 2/10: N4 bias field correction
    002_S_5018: Step 2/10: N4 bias field correction
    003_S_4288: Step 3/10: HD-BET skull stripping
    003_S_4350: Step 2/10: N4 bias field correction
    003_S_4441: Step 2/10: N4 bias field correction
    003_S_4872: Step 2/10: N4 bias field correction
    003_S_4900: Step 2/10: N4 bias field correction
    005_S_0221: Step 3/10: HD-BET skull stripping
    005_S_0222: Step 3/10: HD-BET skull stripping
    005_S_0546: Step 2/10: N4 bias field correction
    005_S_0610: Step 3/10: HD-BET skull stripping
    005_S_0929: Step 1/10: DICOM -> NIfTI (dcm2niix)

[Live Progress] Done: 1 | Remaining: 629 | Failed: 1 | ETA: 17861.5 min
  Active subjects:
    002_S_4171: Step 3/10: HD-BET skull stripping
    002_S_4225: Step 3/10: HD-BET skull stripping
    002_S_4229: Step 2/10: N4 bias field correction
    002_S_4270: Step 3/10: HD-BET skull stripping
    002_S_4447: Step 3/10: HD-BET skull stripping
    002_S_4473: Step 2/10: N4 bias field correction
    002_S_4654: Step 2/10: N4 bias field correction
    002_S_4746: Step 2/10: N4 bias field correction
    002_S_5018: Step 2/10: N4 bias field correction
    003_S_4288: Step 3/10: HD-BET skull stripping
    003_S_4350: Step 2/10: N4 bias field correction
    003_S_4441: Step 2/10: N4 bias field correction
    003_S_4872: Step 2/10: N4 bias field correction
    003_S_4900: Step 2/10: N4 bias field correction
    005_S_0221: Step 3/10: HD-BET skull stripping
    005_S_0222: Step 3/10: HD-BET skull stripping
    005_S_0546: Step 2/10: N4 bias field correction
    005_S_0610: Step 3/10: HD-BET skull stripping
    005_S_0929: Step 1/10: DICOM -> NIfTI (dcm2niix)

[Live Progress] Done: 1 | Remaining: 629 | Failed: 1 | ETA: 17872.2 min
  Active subjects:
    002_S_4171: Step 3/10: HD-BET skull stripping
    002_S_4225: Step 3/10: HD-BET skull stripping
    002_S_4229: Step 2/10: N4 bias field correction
    002_S_4270: Step 3/10: HD-BET skull stripping
    002_S_4447: Step 3/10: HD-BET skull stripping
    002_S_4473: Step 2/10: N4 bias field correction
    002_S_4654: Step 2/10: N4 bias field correction
    002_S_4746: Step 2/10: N4 bias field correction
    002_S_5018: Step 2/10: N4 bias field correction
    003_S_4288: Step 3/10: HD-BET skull stripping
    003_S_4350: Step 2/10: N4 bias field correction
    003_S_4441: Step 2/10: N4 bias field correction
    003_S_4872: Step 2/10: N4 bias field correction
    003_S_4900: Step 2/10: N4 bias field correction
    005_S_0221: Step 3/10: HD-BET skull stripping
    005_S_0222: Step 3/10: HD-BET skull stripping
    005_S_0546: Step 2/10: N4 bias field correction
    005_S_0610: Step 3/10: HD-BET skull stripping
    005_S_0929: Step 1/10: DICOM -> NIfTI (dcm2niix)

[Live Progress] Done: 1 | Remaining: 629 | Failed: 1 | ETA: 17882.8 min
  Active subjects:
    002_S_4171: Step 3/10: HD-BET skull stripping
    002_S_4225: Step 3/10: HD-BET skull stripping
    002_S_4229: Step 2/10: N4 bias field correction
    002_S_4270: Step 3/10: HD-BET skull stripping
    002_S_4447: Step 3/10: HD-BET skull stripping
    002_S_4473: Step 2/10: N4 bias field correction
    002_S_4654: Step 2/10: N4 bias field correction
    002_S_4746: Step 2/10: N4 bias field correction
    002_S_5018: Step 2/10: N4 bias field correction
    003_S_4288: Step 3/10: HD-BET skull stripping
    003_S_4350: Step 2/10: N4 bias field correction
    003_S_4441: Step 2/10: N4 bias field correction
    003_S_4872: Step 2/10: N4 bias field correction
    003_S_4900: Step 2/10: N4 bias field correction
    005_S_0221: Step 3/10: HD-BET skull stripping
    005_S_0222: Step 3/10: HD-BET skull stripping
    005_S_0546: Step 2/10: N4 bias field correction
    005_S_0610: Step 3/10: HD-BET skull stripping
    005_S_0929: Step 1/10: DICOM -> NIfTI (dcm2niix)

[Live Progress] Done: 1 | Remaining: 629 | Failed: 1 | ETA: 17893.4 min
  Active subjects:
    002_S_4171: Step 3/10: HD-BET skull stripping
    002_S_4225: Step 3/10: HD-BET skull stripping
    002_S_4229: Step 2/10: N4 bias field correction
    002_S_4270: Step 3/10: HD-BET skull stripping
    002_S_4447: Step 3/10: HD-BET skull stripping
    002_S_4473: Step 2/10: N4 bias field correction
    002_S_4654: Step 2/10: N4 bias field correction
    002_S_4746: Step 2/10: N4 bias field correction
    002_S_5018: Step 2/10: N4 bias field correction
    003_S_4288: Step 3/10: HD-BET skull stripping
    003_S_4350: Step 2/10: N4 bias field correction
    003_S_4441: Step 2/10: N4 bias field correction
    003_S_4872: Step 2/10: N4 bias field correction
    003_S_4900: Step 2/10: N4 bias field correction
    005_S_0221: Step 3/10: HD-BET skull stripping
    005_S_0222: Step 3/10: HD-BET skull stripping
    005_S_0546: Step 2/10: N4 bias field correction
    005_S_0610: Step 3/10: HD-BET skull stripping
    005_S_0929: Step 1/10: DICOM -> NIfTI (dcm2niix)

[Live Progress] Done: 1 | Remaining: 629 | Failed: 1 | ETA: 17904.2 min
  Active subjects:
    002_S_4171: Step 3/10: HD-BET skull stripping
    002_S_4225: Step 3/10: HD-BET skull stripping
    002_S_4229: Step 2/10: N4 bias field correction
    002_S_4270: Step 3/10: HD-BET skull stripping
    002_S_4447: Step 3/10: HD-BET skull stripping
    002_S_4473: Step 2/10: N4 bias field correction
    002_S_4654: Step 2/10: N4 bias field correction
    002_S_4746: Step 2/10: N4 bias field correction
    002_S_5018: Step 2/10: N4 bias field correction
    003_S_4288: Step 3/10: HD-BET skull stripping
    003_S_4350: Step 2/10: N4 bias field correction
    003_S_4441: Step 2/10: N4 bias field correction
    003_S_4872: Step 2/10: N4 bias field correction
    003_S_4900: Step 2/10: N4 bias field correction
    005_S_0221: Step 3/10: HD-BET skull stripping
    005_S_0222: Step 3/10: HD-BET skull stripping
    005_S_0546: Step 2/10: N4 bias field correction
    005_S_0610: Step 3/10: HD-BET skull stripping
    005_S_0929: Step 1/10: DICOM -> NIfTI (dcm2niix)

[Live Progress] Done: 1 | Remaining: 629 | Failed: 1 | ETA: 17915.0 min
  Active subjects:
    002_S_4171: Step 3/10: HD-BET skull stripping
    002_S_4225: Step 3/10: HD-BET skull stripping
    002_S_4229: Step 2/10: N4 bias field correction
    002_S_4270: Step 3/10: HD-BET skull stripping
    002_S_4447: Step 3/10: HD-BET skull stripping
    002_S_4473: Step 2/10: N4 bias field correction
    002_S_4654: Step 2/10: N4 bias field correction
    002_S_4746: Step 2/10: N4 bias field correction
    002_S_5018: Step 2/10: N4 bias field correction
    003_S_4288: Step 3/10: HD-BET skull stripping
    003_S_4350: Step 2/10: N4 bias field correction
    003_S_4441: Step 2/10: N4 bias field correction
    003_S_4872: Step 2/10: N4 bias field correction
    003_S_4900: Step 2/10: N4 bias field correction
    005_S_0221: Step 3/10: HD-BET skull stripping
    005_S_0222: Step 3/10: HD-BET skull stripping
    005_S_0546: Step 2/10: N4 bias field correction
    005_S_0610: Step 3/10: HD-BET skull stripping
    005_S_0929: Step 1/10: DICOM -> NIfTI (dcm2niix)

[Live Progress] Done: 1 | Remaining: 629 | Failed: 1 | ETA: 17925.6 min
  Active subjects:
    002_S_4171: Step 3/10: HD-BET skull stripping
    002_S_4225: Step 3/10: HD-BET skull stripping
    002_S_4229: Step 2/10: N4 bias field correction
    002_S_4270: Step 3/10: HD-BET skull stripping
    002_S_4447: Step 3/10: HD-BET skull stripping
    002_S_4473: Step 2/10: N4 bias field correction
    002_S_4654: Step 2/10: N4 bias field correction
    002_S_4746: Step 2/10: N4 bias field correction
    002_S_5018: Step 2/10: N4 bias field correction
    003_S_4288: Step 3/10: HD-BET skull stripping
    003_S_4350: Step 2/10: N4 bias field correction
    003_S_4441: Step 2/10: N4 bias field correction
    003_S_4872: Step 2/10: N4 bias field correction
    003_S_4900: Step 2/10: N4 bias field correction
    005_S_0221: Step 3/10: HD-BET skull stripping
    005_S_0222: Step 3/10: HD-BET skull stripping
    005_S_0546: Step 2/10: N4 bias field correction
    005_S_0610: Step 3/10: HD-BET skull stripping
    005_S_0929: Step 1/10: DICOM -> NIfTI (dcm2niix)

[Live Progress] Done: 1 | Remaining: 629 | Failed: 1 | ETA: 17936.4 min
  Active subjects:
    002_S_4171: Step 3/10: HD-BET skull stripping
    002_S_4225: Step 3/10: HD-BET skull stripping
    002_S_4229: Step 2/10: N4 bias field correction
    002_S_4270: Step 3/10: HD-BET skull stripping
    002_S_4447: Step 3/10: HD-BET skull stripping
    002_S_4473: Step 2/10: N4 bias field correction
    002_S_4654: Step 2/10: N4 bias field correction
    002_S_4746: Step 2/10: N4 bias field correction
    002_S_5018: Step 2/10: N4 bias field correction
    003_S_4288: Step 3/10: HD-BET skull stripping
    003_S_4350: Step 2/10: N4 bias field correction
    003_S_4441: Step 2/10: N4 bias field correction
    003_S_4872: Step 2/10: N4 bias field correction
    003_S_4900: Step 2/10: N4 bias field correction
    005_S_0221: Step 3/10: HD-BET skull stripping
    005_S_0222: Step 3/10: HD-BET skull stripping
    005_S_0546: Step 2/10: N4 bias field correction
    005_S_0610: Step 3/10: HD-BET skull stripping
    005_S_0929: Step 1/10: DICOM -> NIfTI (dcm2niix)

[Live Progress] Done: 1 | Remaining: 629 | Failed: 1 | ETA: 17947.0 min
  Active subjects:
    002_S_4171: Step 3/10: HD-BET skull stripping
    002_S_4225: Step 3/10: HD-BET skull stripping
    002_S_4229: Step 2/10: N4 bias field correction
    002_S_4270: Step 3/10: HD-BET skull stripping
    002_S_4447: Step 3/10: HD-BET skull stripping
    002_S_4473: Step 2/10: N4 bias field correction
    002_S_4654: Step 2/10: N4 bias field correction
    002_S_4746: Step 2/10: N4 bias field correction
    002_S_5018: Step 2/10: N4 bias field correction
    003_S_4288: Step 3/10: HD-BET skull stripping
    003_S_4350: Step 2/10: N4 bias field correction
    003_S_4441: Step 2/10: N4 bias field correction
    003_S_4872: Step 2/10: N4 bias field correction
    003_S_4900: Step 2/10: N4 bias field correction
    005_S_0221: Step 3/10: HD-BET skull stripping
    005_S_0222: Step 3/10: HD-BET skull stripping
    005_S_0546: Step 2/10: N4 bias field correction
    005_S_0610: Step 3/10: HD-BET skull stripping
    005_S_0929: Step 1/10: DICOM -> NIfTI (dcm2niix)

[Live Progress] Done: 1 | Remaining: 629 | Failed: 1 | ETA: 17957.6 min
  Active subjects:
    002_S_4171: Step 3/10: HD-BET skull stripping
    002_S_4225: Step 3/10: HD-BET skull stripping
    002_S_4229: Step 2/10: N4 bias field correction
    002_S_4270: Step 3/10: HD-BET skull stripping
    002_S_4447: Step 3/10: HD-BET skull stripping
    002_S_4473: Step 2/10: N4 bias field correction
    002_S_4654: Step 2/10: N4 bias field correction
    002_S_4746: Step 2/10: N4 bias field correction
    002_S_5018: Step 2/10: N4 bias field correction
    003_S_4288: Step 3/10: HD-BET skull stripping
    003_S_4350: Step 2/10: N4 bias field correction
    003_S_4441: Step 2/10: N4 bias field correction
    003_S_4872: Step 2/10: N4 bias field correction
    003_S_4900: Step 2/10: N4 bias field correction
    005_S_0221: Step 3/10: HD-BET skull stripping
    005_S_0222: Step 3/10: HD-BET skull stripping
    005_S_0546: Step 2/10: N4 bias field correction
    005_S_0610: Step 3/10: HD-BET skull stripping
    005_S_0929: Step 1/10: DICOM -> NIfTI (dcm2niix)

[Live Progress] Done: 1 | Remaining: 629 | Failed: 1 | ETA: 17968.2 min
  Active subjects:
    002_S_4171: Step 3/10: HD-BET skull stripping
    002_S_4225: Step 3/10: HD-BET skull stripping
    002_S_4229: Step 2/10: N4 bias field correction
    002_S_4270: Step 3/10: HD-BET skull stripping
    002_S_4447: Step 3/10: HD-BET skull stripping
    002_S_4473: Step 2/10: N4 bias field correction
    002_S_4654: Step 2/10: N4 bias field correction
    002_S_4746: Step 2/10: N4 bias field correction
    002_S_5018: Step 2/10: N4 bias field correction
    003_S_4288: Step 3/10: HD-BET skull stripping
    003_S_4350: Step 2/10: N4 bias field correction
    003_S_4441: Step 2/10: N4 bias field correction
    003_S_4872: Step 2/10: N4 bias field correction
    003_S_4900: Step 2/10: N4 bias field correction
    005_S_0221: Step 3/10: HD-BET skull stripping
    005_S_0222: Step 3/10: HD-BET skull stripping
    005_S_0546: Step 2/10: N4 bias field correction
    005_S_0610: Step 3/10: HD-BET skull stripping
    005_S_0929: Step 1/10: DICOM -> NIfTI (dcm2niix)

[Live Progress] Done: 1 | Remaining: 629 | Failed: 1 | ETA: 17978.8 min
  Active subjects:
    002_S_4171: Step 3/10: HD-BET skull stripping
    002_S_4225: Step 3/10: HD-BET skull stripping
    002_S_4229: Step 2/10: N4 bias field correction
    002_S_4270: Step 3/10: HD-BET skull stripping
    002_S_4447: Step 3/10: HD-BET skull stripping
    002_S_4473: Step 2/10: N4 bias field correction
    002_S_4654: Step 2/10: N4 bias field correction
    002_S_4746: Step 2/10: N4 bias field correction
    002_S_5018: Step 2/10: N4 bias field correction
    003_S_4288: Step 3/10: HD-BET skull stripping
    003_S_4350: Step 2/10: N4 bias field correction
    003_S_4441: Step 2/10: N4 bias field correction
    003_S_4872: Step 2/10: N4 bias field correction
    003_S_4900: Step 2/10: N4 bias field correction
    005_S_0221: Step 3/10: HD-BET skull stripping
    005_S_0222: Step 3/10: HD-BET skull stripping
    005_S_0546: Step 2/10: N4 bias field correction
    005_S_0610: Step 3/10: HD-BET skull stripping
    005_S_0929: Step 1/10: DICOM -> NIfTI (dcm2niix)

[Live Progress] Done: 1 | Remaining: 629 | Failed: 1 | ETA: 17989.5 min
  Active subjects:
    002_S_4171: Step 3/10: HD-BET skull stripping
    002_S_4225: Step 3/10: HD-BET skull stripping
    002_S_4229: Step 2/10: N4 bias field correction
    002_S_4270: Step 3/10: HD-BET skull stripping
    002_S_4447: Step 3/10: HD-BET skull stripping
    002_S_4473: Step 2/10: N4 bias field correction
    002_S_4654: Step 2/10: N4 bias field correction
    002_S_4746: Step 2/10: N4 bias field correction
    002_S_5018: Step 2/10: N4 bias field correction
    003_S_4288: Step 3/10: HD-BET skull stripping
    003_S_4350: Step 2/10: N4 bias field correction
    003_S_4441: Step 2/10: N4 bias field correction
    003_S_4872: Step 2/10: N4 bias field correction
    003_S_4900: Step 2/10: N4 bias field correction
    005_S_0221: Step 3/10: HD-BET skull stripping
    005_S_0222: Step 3/10: HD-BET skull stripping
    005_S_0546: Step 2/10: N4 bias field correction
    005_S_0610: Step 3/10: HD-BET skull stripping
    005_S_0929: Step 1/10: DICOM -> NIfTI (dcm2niix)

[Live Progress] Done: 1 | Remaining: 629 | Failed: 1 | ETA: 18000.2 min
  Active subjects:
    002_S_4171: Step 3/10: HD-BET skull stripping
    002_S_4225: Step 3/10: HD-BET skull stripping
    002_S_4229: Step 2/10: N4 bias field correction
    002_S_4270: Step 3/10: HD-BET skull stripping
    002_S_4447: Step 3/10: HD-BET skull stripping
    002_S_4473: Step 2/10: N4 bias field correction
    002_S_4654: Step 2/10: N4 bias field correction
    002_S_4746: Step 2/10: N4 bias field correction
    002_S_5018: Step 2/10: N4 bias field correction
    003_S_4288: Step 3/10: HD-BET skull stripping
    003_S_4350: Step 2/10: N4 bias field correction
    003_S_4441: Step 2/10: N4 bias field correction
    003_S_4872: Step 2/10: N4 bias field correction
    003_S_4900: Step 2/10: N4 bias field correction
    005_S_0221: Step 3/10: HD-BET skull stripping
    005_S_0222: Step 3/10: HD-BET skull stripping
    005_S_0546: Step 2/10: N4 bias field correction
    005_S_0610: Step 3/10: HD-BET skull stripping
    005_S_0929: Step 1/10: DICOM -> NIfTI (dcm2niix)

[Live Progress] Done: 1 | Remaining: 629 | Failed: 1 | ETA: 18010.8 min
  Active subjects:
    002_S_4171: Step 3/10: HD-BET skull stripping
    002_S_4225: Step 3/10: HD-BET skull stripping
    002_S_4229: Step 2/10: N4 bias field correction
    002_S_4270: Step 3/10: HD-BET skull stripping
    002_S_4447: Step 3/10: HD-BET skull stripping
    002_S_4473: Step 2/10: N4 bias field correction
    002_S_4654: Step 2/10: N4 bias field correction
    002_S_4746: Step 2/10: N4 bias field correction
    002_S_5018: Step 2/10: N4 bias field correction
    003_S_4288: Step 3/10: HD-BET skull stripping
    003_S_4350: Step 2/10: N4 bias field correction
    003_S_4441: Step 2/10: N4 bias field correction
    003_S_4872: Step 2/10: N4 bias field correction
    003_S_4900: Step 2/10: N4 bias field correction
    005_S_0221: Step 3/10: HD-BET skull stripping
    005_S_0222: Step 3/10: HD-BET skull stripping
    005_S_0546: Step 2/10: N4 bias field correction
    005_S_0610: Step 3/10: HD-BET skull stripping
    005_S_0929: Step 1/10: DICOM -> NIfTI (dcm2niix)

[Live Progress] Done: 1 | Remaining: 629 | Failed: 1 | ETA: 18021.5 min
  Active subjects:
    002_S_4171: Step 3/10: HD-BET skull stripping
    002_S_4225: Step 3/10: HD-BET skull stripping
    002_S_4229: Step 2/10: N4 bias field correction
    002_S_4270: Step 3/10: HD-BET skull stripping
    002_S_4447: Step 3/10: HD-BET skull stripping
    002_S_4473: Step 2/10: N4 bias field correction
    002_S_4654: Step 2/10: N4 bias field correction
    002_S_4746: Step 2/10: N4 bias field correction
    002_S_5018: Step 2/10: N4 bias field correction
    003_S_4288: Step 3/10: HD-BET skull stripping
    003_S_4350: Step 2/10: N4 bias field correction
    003_S_4441: Step 2/10: N4 bias field correction
    003_S_4872: Step 2/10: N4 bias field correction
    003_S_4900: Step 2/10: N4 bias field correction
    005_S_0221: Step 3/10: HD-BET skull stripping
    005_S_0222: Step 3/10: HD-BET skull stripping
    005_S_0546: Step 2/10: N4 bias field correction
    005_S_0610: Step 3/10: HD-BET skull stripping
    005_S_0929: Step 1/10: DICOM -> NIfTI (dcm2niix)

[Live Progress] Done: 1 | Remaining: 629 | Failed: 1 | ETA: 18032.1 min
  Active subjects:
    002_S_4171: Step 3/10: HD-BET skull stripping
    002_S_4225: Step 3/10: HD-BET skull stripping
    002_S_4229: Step 2/10: N4 bias field correction
    002_S_4270: Step 3/10: HD-BET skull stripping
    002_S_4447: Step 3/10: HD-BET skull stripping
    002_S_4473: Step 2/10: N4 bias field correction
    002_S_4654: Step 2/10: N4 bias field correction
    002_S_4746: Step 2/10: N4 bias field correction
    002_S_5018: Step 2/10: N4 bias field correction
    003_S_4288: Step 3/10: HD-BET skull stripping
    003_S_4350: Step 2/10: N4 bias field correction
    003_S_4441: Step 2/10: N4 bias field correction
    003_S_4872: Step 2/10: N4 bias field correction
    003_S_4900: Step 2/10: N4 bias field correction
    005_S_0221: Step 3/10: HD-BET skull stripping
    005_S_0222: Step 3/10: HD-BET skull stripping
    005_S_0546: Step 2/10: N4 bias field correction
    005_S_0610: Step 3/10: HD-BET skull stripping
    005_S_0929: Step 1/10: DICOM -> NIfTI (dcm2niix)

[Live Progress] Done: 1 | Remaining: 629 | Failed: 1 | ETA: 18042.7 min
  Active subjects:
    002_S_4171: Step 3/10: HD-BET skull stripping
    002_S_4225: Step 3/10: HD-BET skull stripping
    002_S_4229: Step 2/10: N4 bias field correction
    002_S_4270: Step 3/10: HD-BET skull stripping
    002_S_4447: Step 3/10: HD-BET skull stripping
    002_S_4473: Step 2/10: N4 bias field correction
    002_S_4654: Step 2/10: N4 bias field correction
    002_S_4746: Step 2/10: N4 bias field correction
    002_S_5018: Step 2/10: N4 bias field correction
    003_S_4288: Step 3/10: HD-BET skull stripping
    003_S_4350: Step 2/10: N4 bias field correction
    003_S_4441: Step 2/10: N4 bias field correction
    003_S_4872: Step 2/10: N4 bias field correction
    003_S_4900: Step 2/10: N4 bias field correction
    005_S_0221: Step 3/10: HD-BET skull stripping
    005_S_0222: Step 3/10: HD-BET skull stripping
    005_S_0546: Step 2/10: N4 bias field correction
    005_S_0610: Step 3/10: HD-BET skull stripping
    005_S_0929: Step 1/10: DICOM -> NIfTI (dcm2niix)

[Live Progress] Done: 1 | Remaining: 629 | Failed: 1 | ETA: 18053.3 min
  Active subjects:
    002_S_4171: Step 3/10: HD-BET skull stripping
    002_S_4225: Step 3/10: HD-BET skull stripping
    002_S_4229: Step 2/10: N4 bias field correction
    002_S_4270: Step 3/10: HD-BET skull stripping
    002_S_4447: Step 3/10: HD-BET skull stripping
    002_S_4473: Step 2/10: N4 bias field correction
    002_S_4654: Step 2/10: N4 bias field correction
    002_S_4746: Step 2/10: N4 bias field correction
    002_S_5018: Step 2/10: N4 bias field correction
    003_S_4288: Step 3/10: HD-BET skull stripping
    003_S_4350: Step 2/10: N4 bias field correction
    003_S_4441: Step 2/10: N4 bias field correction
    003_S_4872: Step 2/10: N4 bias field correction
    003_S_4900: Step 2/10: N4 bias field correction
    005_S_0221: Step 3/10: HD-BET skull stripping
    005_S_0222: Step 3/10: HD-BET skull stripping
    005_S_0546: Step 2/10: N4 bias field correction
    005_S_0610: Step 3/10: HD-BET skull stripping
    005_S_0929: Step 1/10: DICOM -> NIfTI (dcm2niix)

[Live Progress] Done: 1 | Remaining: 629 | Failed: 1 | ETA: 18063.9 min
  Active subjects:
    002_S_4171: Step 3/10: HD-BET skull stripping
    002_S_4225: Step 3/10: HD-BET skull stripping
    002_S_4229: Step 2/10: N4 bias field correction
    002_S_4270: Step 3/10: HD-BET skull stripping
    002_S_4447: Step 3/10: HD-BET skull stripping
    002_S_4473: Step 2/10: N4 bias field correction
    002_S_4654: Step 2/10: N4 bias field correction
    002_S_4746: Step 2/10: N4 bias field correction
    002_S_5018: Step 2/10: N4 bias field correction
    003_S_4288: Step 3/10: HD-BET skull stripping
    003_S_4350: Step 2/10: N4 bias field correction
    003_S_4441: Step 2/10: N4 bias field correction
    003_S_4872: Step 2/10: N4 bias field correction
    003_S_4900: Step 2/10: N4 bias field correction
    005_S_0221: Step 3/10: HD-BET skull stripping
    005_S_0222: Step 3/10: HD-BET skull stripping
    005_S_0546: Step 2/10: N4 bias field correction
    005_S_0610: Step 3/10: HD-BET skull stripping
    005_S_0929: Step 1/10: DICOM -> NIfTI (dcm2niix)

[Live Progress] Done: 1 | Remaining: 629 | Failed: 1 | ETA: 18074.5 min
  Active subjects:
    002_S_4171: Step 3/10: HD-BET skull stripping
    002_S_4225: Step 3/10: HD-BET skull stripping
    002_S_4229: Step 2/10: N4 bias field correction
    002_S_4270: Step 3/10: HD-BET skull stripping
    002_S_4447: Step 3/10: HD-BET skull stripping
    002_S_4473: Step 2/10: N4 bias field correction
    002_S_4654: Step 2/10: N4 bias field correction
    002_S_4746: Step 2/10: N4 bias field correction
    002_S_5018: Step 2/10: N4 bias field correction
    003_S_4288: Step 3/10: HD-BET skull stripping
    003_S_4350: Step 2/10: N4 bias field correction
    003_S_4441: Step 2/10: N4 bias field correction
    003_S_4872: Step 2/10: N4 bias field correction
    003_S_4900: Step 2/10: N4 bias field correction
    005_S_0221: Step 3/10: HD-BET skull stripping
    005_S_0222: Step 3/10: HD-BET skull stripping
    005_S_0546: Step 2/10: N4 bias field correction
    005_S_0610: Step 3/10: HD-BET skull stripping
    005_S_0929: Step 1/10: DICOM -> NIfTI (dcm2niix)

[Live Progress] Done: 1 | Remaining: 629 | Failed: 1 | ETA: 18085.2 min
  Active subjects:
    002_S_4171: Step 3/10: HD-BET skull stripping
    002_S_4225: Step 3/10: HD-BET skull stripping
    002_S_4229: Step 2/10: N4 bias field correction
    002_S_4270: Step 3/10: HD-BET skull stripping
    002_S_4447: Step 3/10: HD-BET skull stripping
    002_S_4473: Step 2/10: N4 bias field correction
    002_S_4654: Step 2/10: N4 bias field correction
    002_S_4746: Step 2/10: N4 bias field correction
    002_S_5018: Step 2/10: N4 bias field correction
    003_S_4288: Step 3/10: HD-BET skull stripping
    003_S_4350: Step 2/10: N4 bias field correction
    003_S_4441: Step 2/10: N4 bias field correction
    003_S_4872: Step 2/10: N4 bias field correction
    003_S_4900: Step 2/10: N4 bias field correction
    005_S_0221: Step 3/10: HD-BET skull stripping
    005_S_0222: Step 3/10: HD-BET skull stripping
    005_S_0546: Step 2/10: N4 bias field correction
    005_S_0610: Step 3/10: HD-BET skull stripping
    005_S_0929: Step 1/10: DICOM -> NIfTI (dcm2niix)

[Live Progress] Done: 1 | Remaining: 629 | Failed: 1 | ETA: 18095.8 min
  Active subjects:
    002_S_4171: Step 3/10: HD-BET skull stripping
    002_S_4225: Step 3/10: HD-BET skull stripping
    002_S_4229: Step 2/10: N4 bias field correction
    002_S_4270: Step 3/10: HD-BET skull stripping
    002_S_4447: Step 3/10: HD-BET skull stripping
    002_S_4473: Step 2/10: N4 bias field correction
    002_S_4654: Step 2/10: N4 bias field correction
    002_S_4746: Step 2/10: N4 bias field correction
    002_S_5018: Step 2/10: N4 bias field correction
    003_S_4288: Step 3/10: HD-BET skull stripping
    003_S_4350: Step 2/10: N4 bias field correction
    003_S_4441: Step 2/10: N4 bias field correction
    003_S_4872: Step 2/10: N4 bias field correction
    003_S_4900: Step 2/10: N4 bias field correction
    005_S_0221: Step 3/10: HD-BET skull stripping
    005_S_0222: Step 3/10: HD-BET skull stripping
    005_S_0546: Step 2/10: N4 bias field correction
    005_S_0610: Step 3/10: HD-BET skull stripping
    005_S_0929: Step 1/10: DICOM -> NIfTI (dcm2niix)

[Live Progress] Done: 1 | Remaining: 629 | Failed: 1 | ETA: 18106.5 min
  Active subjects:
    002_S_4171: Step 3/10: HD-BET skull stripping
    002_S_4225: Step 3/10: HD-BET skull stripping
    002_S_4229: Step 2/10: N4 bias field correction
    002_S_4270: Step 3/10: HD-BET skull stripping
    002_S_4447: Step 3/10: HD-BET skull stripping
    002_S_4473: Step 2/10: N4 bias field correction
    002_S_4654: Step 2/10: N4 bias field correction
    002_S_4746: Step 2/10: N4 bias field correction
    002_S_5018: Step 2/10: N4 bias field correction
    003_S_4288: Step 3/10: HD-BET skull stripping
    003_S_4350: Step 2/10: N4 bias field correction
    003_S_4441: Step 2/10: N4 bias field correction
    003_S_4872: Step 2/10: N4 bias field correction
    003_S_4900: Step 2/10: N4 bias field correction
    005_S_0221: Step 3/10: HD-BET skull stripping
    005_S_0222: Step 3/10: HD-BET skull stripping
    005_S_0546: Step 2/10: N4 bias field correction
    005_S_0610: Step 3/10: HD-BET skull stripping
    005_S_0929: Step 1/10: DICOM -> NIfTI (dcm2niix)

[Live Progress] Done: 1 | Remaining: 629 | Failed: 1 | ETA: 18117.1 min
  Active subjects:
    002_S_4171: Step 3/10: HD-BET skull stripping
    002_S_4225: Step 3/10: HD-BET skull stripping
    002_S_4229: Step 2/10: N4 bias field correction
    002_S_4270: Step 3/10: HD-BET skull stripping
    002_S_4447: Step 3/10: HD-BET skull stripping
    002_S_4473: Step 2/10: N4 bias field correction
    002_S_4654: Step 2/10: N4 bias field correction
    002_S_4746: Step 2/10: N4 bias field correction
    002_S_5018: Step 2/10: N4 bias field correction
    003_S_4288: Step 3/10: HD-BET skull stripping
    003_S_4350: Step 2/10: N4 bias field correction
    003_S_4441: Step 2/10: N4 bias field correction
    003_S_4872: Step 2/10: N4 bias field correction
    003_S_4900: Step 2/10: N4 bias field correction
    005_S_0221: Step 3/10: HD-BET skull stripping
    005_S_0222: Step 3/10: HD-BET skull stripping
    005_S_0546: Step 2/10: N4 bias field correction
    005_S_0610: Step 3/10: HD-BET skull stripping
    005_S_0929: Step 1/10: DICOM -> NIfTI (dcm2niix)

[Live Progress] Done: 1 | Remaining: 629 | Failed: 1 | ETA: 18127.7 min
  Active subjects:
    002_S_4171: Step 3/10: HD-BET skull stripping
    002_S_4225: Step 3/10: HD-BET skull stripping
    002_S_4229: Step 2/10: N4 bias field correction
    002_S_4270: Step 3/10: HD-BET skull stripping
    002_S_4447: Step 3/10: HD-BET skull stripping
    002_S_4473: Step 2/10: N4 bias field correction
    002_S_4654: Step 2/10: N4 bias field correction
    002_S_4746: Step 2/10: N4 bias field correction
    002_S_5018: Step 2/10: N4 bias field correction
    003_S_4288: Step 3/10: HD-BET skull stripping
    003_S_4350: Step 2/10: N4 bias field correction
    003_S_4441: Step 2/10: N4 bias field correction
    003_S_4872: Step 2/10: N4 bias field correction
    003_S_4900: Step 2/10: N4 bias field correction
    005_S_0221: Step 3/10: HD-BET skull stripping
    005_S_0222: Step 3/10: HD-BET skull stripping
    005_S_0546: Step 2/10: N4 bias field correction
    005_S_0610: Step 3/10: HD-BET skull stripping
    005_S_0929: Step 1/10: DICOM -> NIfTI (dcm2niix)

[Live Progress] Done: 1 | Remaining: 629 | Failed: 1 | ETA: 18138.3 min
  Active subjects:
    002_S_4171: Step 3/10: HD-BET skull stripping
    002_S_4225: Step 3/10: HD-BET skull stripping
    002_S_4229: Step 2/10: N4 bias field correction
    002_S_4270: Step 3/10: HD-BET skull stripping
    002_S_4447: Step 3/10: HD-BET skull stripping
    002_S_4473: Step 2/10: N4 bias field correction
    002_S_4654: Step 2/10: N4 bias field correction
    002_S_4746: Step 2/10: N4 bias field correction
    002_S_5018: Step 2/10: N4 bias field correction
    003_S_4288: Step 3/10: HD-BET skull stripping
    003_S_4350: Step 2/10: N4 bias field correction
    003_S_4441: Step 2/10: N4 bias field correction
    003_S_4872: Step 2/10: N4 bias field correction
    003_S_4900: Step 2/10: N4 bias field correction
    005_S_0221: Step 3/10: HD-BET skull stripping
    005_S_0222: Step 3/10: HD-BET skull stripping
    005_S_0546: Step 2/10: N4 bias field correction
    005_S_0610: Step 3/10: HD-BET skull stripping
    005_S_0929: Step 1/10: DICOM -> NIfTI (dcm2niix)

[Live Progress] Done: 1 | Remaining: 629 | Failed: 1 | ETA: 18148.9 min
  Active subjects:
    002_S_4171: Step 3/10: HD-BET skull stripping
    002_S_4225: Step 3/10: HD-BET skull stripping
    002_S_4229: Step 2/10: N4 bias field correction
    002_S_4270: Step 3/10: HD-BET skull stripping
    002_S_4447: Step 3/10: HD-BET skull stripping
    002_S_4473: Step 2/10: N4 bias field correction
    002_S_4654: Step 2/10: N4 bias field correction
    002_S_4746: Step 2/10: N4 bias field correction
    002_S_5018: Step 2/10: N4 bias field correction
    003_S_4288: Step 3/10: HD-BET skull stripping
    003_S_4350: Step 2/10: N4 bias field correction
    003_S_4441: Step 2/10: N4 bias field correction
    003_S_4872: Step 2/10: N4 bias field correction
    003_S_4900: Step 2/10: N4 bias field correction
    005_S_0221: Step 3/10: HD-BET skull stripping
    005_S_0222: Step 3/10: HD-BET skull stripping
    005_S_0546: Step 2/10: N4 bias field correction
    005_S_0610: Step 3/10: HD-BET skull stripping
    005_S_0929: Step 1/10: DICOM -> NIfTI (dcm2niix)

[Live Progress] Done: 1 | Remaining: 629 | Failed: 1 | ETA: 18159.5 min
  Active subjects:
    002_S_4171: Step 3/10: HD-BET skull stripping
    002_S_4225: Step 3/10: HD-BET skull stripping
    002_S_4229: Step 2/10: N4 bias field correction
    002_S_4270: Step 3/10: HD-BET skull stripping
    002_S_4447: Step 3/10: HD-BET skull stripping
    002_S_4473: Step 2/10: N4 bias field correction
    002_S_4654: Step 2/10: N4 bias field correction
    002_S_4746: Step 2/10: N4 bias field correction
    002_S_5018: Step 2/10: N4 bias field correction
    003_S_4288: Step 3/10: HD-BET skull stripping
    003_S_4350: Step 2/10: N4 bias field correction
    003_S_4441: Step 2/10: N4 bias field correction
    003_S_4872: Step 2/10: N4 bias field correction
    003_S_4900: Step 2/10: N4 bias field correction
    005_S_0221: Step 3/10: HD-BET skull stripping
    005_S_0222: Step 3/10: HD-BET skull stripping
    005_S_0546: Step 2/10: N4 bias field correction
    005_S_0610: Step 3/10: HD-BET skull stripping
    005_S_0929: Step 1/10: DICOM -> NIfTI (dcm2niix)

[Live Progress] Done: 1 | Remaining: 629 | Failed: 1 | ETA: 18170.2 min
  Active subjects:
    002_S_4171: Step 3/10: HD-BET skull stripping
    002_S_4225: Step 3/10: HD-BET skull stripping
    002_S_4229: Step 2/10: N4 bias field correction
    002_S_4270: Step 3/10: HD-BET skull stripping
    002_S_4447: Step 3/10: HD-BET skull stripping
    002_S_4473: Step 2/10: N4 bias field correction
    002_S_4654: Step 2/10: N4 bias field correction
    002_S_4746: Step 2/10: N4 bias field correction
    002_S_5018: Step 2/10: N4 bias field correction
    003_S_4288: Step 3/10: HD-BET skull stripping
    003_S_4350: Step 2/10: N4 bias field correction
    003_S_4441: Step 2/10: N4 bias field correction
    003_S_4872: Step 2/10: N4 bias field correction
    003_S_4900: Step 2/10: N4 bias field correction
    005_S_0221: Step 3/10: HD-BET skull stripping
    005_S_0222: Step 3/10: HD-BET skull stripping
    005_S_0546: Step 2/10: N4 bias field correction
    005_S_0610: Step 3/10: HD-BET skull stripping
    005_S_0929: Step 1/10: DICOM -> NIfTI (dcm2niix)

[Live Progress] Done: 1 | Remaining: 629 | Failed: 1 | ETA: 18180.9 min
  Active subjects:
    002_S_4171: Step 3/10: HD-BET skull stripping
    002_S_4225: Step 3/10: HD-BET skull stripping
    002_S_4229: Step 2/10: N4 bias field correction
    002_S_4270: Step 3/10: HD-BET skull stripping
    002_S_4447: Step 3/10: HD-BET skull stripping
    002_S_4473: Step 2/10: N4 bias field correction
    002_S_4654: Step 2/10: N4 bias field correction
    002_S_4746: Step 2/10: N4 bias field correction
    002_S_5018: Step 2/10: N4 bias field correction
    003_S_4288: Step 3/10: HD-BET skull stripping
    003_S_4350: Step 2/10: N4 bias field correction
    003_S_4441: Step 2/10: N4 bias field correction
    003_S_4872: Step 2/10: N4 bias field correction
    003_S_4900: Step 2/10: N4 bias field correction
    005_S_0221: Step 3/10: HD-BET skull stripping
    005_S_0222: Step 3/10: HD-BET skull stripping
    005_S_0546: Step 2/10: N4 bias field correction
    005_S_0610: Step 3/10: HD-BET skull stripping
    005_S_0929: Step 1/10: DICOM -> NIfTI (dcm2niix)

[Live Progress] Done: 1 | Remaining: 629 | Failed: 1 | ETA: 18191.6 min
  Active subjects:
    002_S_4171: Step 3/10: HD-BET skull stripping
    002_S_4225: Step 3/10: HD-BET skull stripping
    002_S_4229: Step 2/10: N4 bias field correction
    002_S_4270: Step 3/10: HD-BET skull stripping
    002_S_4447: Step 3/10: HD-BET skull stripping
    002_S_4473: Step 2/10: N4 bias field correction
    002_S_4654: Step 2/10: N4 bias field correction
    002_S_4746: Step 2/10: N4 bias field correction
    002_S_5018: Step 2/10: N4 bias field correction
    003_S_4288: Step 3/10: HD-BET skull stripping
    003_S_4350: Step 2/10: N4 bias field correction
    003_S_4441: Step 2/10: N4 bias field correction
    003_S_4872: Step 2/10: N4 bias field correction
    003_S_4900: Step 2/10: N4 bias field correction
    005_S_0221: Step 3/10: HD-BET skull stripping
    005_S_0222: Step 3/10: HD-BET skull stripping
    005_S_0546: Step 2/10: N4 bias field correction
    005_S_0610: Step 3/10: HD-BET skull stripping
    005_S_0929: Step 1/10: DICOM -> NIfTI (dcm2niix)

[Live Progress] Done: 1 | Remaining: 629 | Failed: 1 | ETA: 18202.2 min
  Active subjects:
    002_S_4171: Step 3/10: HD-BET skull stripping
    002_S_4225: Step 3/10: HD-BET skull stripping
    002_S_4229: Step 2/10: N4 bias field correction
    002_S_4270: Step 3/10: HD-BET skull stripping
    002_S_4447: Step 3/10: HD-BET skull stripping
    002_S_4473: Step 2/10: N4 bias field correction
    002_S_4654: Step 2/10: N4 bias field correction
    002_S_4746: Step 2/10: N4 bias field correction
    002_S_5018: Step 2/10: N4 bias field correction
    003_S_4288: Step 3/10: HD-BET skull stripping
    003_S_4350: Step 2/10: N4 bias field correction
    003_S_4441: Step 2/10: N4 bias field correction
    003_S_4872: Step 2/10: N4 bias field correction
    003_S_4900: Step 2/10: N4 bias field correction
    005_S_0221: Step 3/10: HD-BET skull stripping
    005_S_0222: Step 3/10: HD-BET skull stripping
    005_S_0546: Step 2/10: N4 bias field correction
    005_S_0610: Step 3/10: HD-BET skull stripping
    005_S_0929: Step 1/10: DICOM -> NIfTI (dcm2niix)

[Live Progress] Done: 1 | Remaining: 629 | Failed: 1 | ETA: 18212.7 min
  Active subjects:
    002_S_4171: Step 3/10: HD-BET skull stripping
    002_S_4225: Step 3/10: HD-BET skull stripping
    002_S_4229: Step 2/10: N4 bias field correction
    002_S_4270: Step 3/10: HD-BET skull stripping
    002_S_4447: Step 3/10: HD-BET skull stripping
    002_S_4473: Step 2/10: N4 bias field correction
    002_S_4654: Step 2/10: N4 bias field correction
    002_S_4746: Step 2/10: N4 bias field correction
    002_S_5018: Step 2/10: N4 bias field correction
    003_S_4288: Step 3/10: HD-BET skull stripping
    003_S_4350: Step 2/10: N4 bias field correction
    003_S_4441: Step 2/10: N4 bias field correction
    003_S_4872: Step 2/10: N4 bias field correction
    003_S_4900: Step 2/10: N4 bias field correction
    005_S_0221: Step 3/10: HD-BET skull stripping
    005_S_0222: Step 3/10: HD-BET skull stripping
    005_S_0546: Step 2/10: N4 bias field correction
    005_S_0610: Step 3/10: HD-BET skull stripping
    005_S_0929: Step 1/10: DICOM -> NIfTI (dcm2niix)

[Live Progress] Done: 1 | Remaining: 629 | Failed: 1 | ETA: 18223.4 min
  Active subjects:
    002_S_4171: Step 3/10: HD-BET skull stripping
    002_S_4225: Step 3/10: HD-BET skull stripping
    002_S_4229: Step 2/10: N4 bias field correction
    002_S_4270: Step 3/10: HD-BET skull stripping
    002_S_4447: Step 3/10: HD-BET skull stripping
    002_S_4473: Step 2/10: N4 bias field correction
    002_S_4654: Step 2/10: N4 bias field correction
    002_S_4746: Step 2/10: N4 bias field correction
    002_S_5018: Step 2/10: N4 bias field correction
    003_S_4288: Step 3/10: HD-BET skull stripping
    003_S_4350: Step 2/10: N4 bias field correction
    003_S_4441: Step 2/10: N4 bias field correction
    003_S_4872: Step 2/10: N4 bias field correction
    003_S_4900: Step 2/10: N4 bias field correction
    005_S_0221: Step 3/10: HD-BET skull stripping
    005_S_0222: Step 3/10: HD-BET skull stripping
    005_S_0546: Step 2/10: N4 bias field correction
    005_S_0610: Step 3/10: HD-BET skull stripping
    005_S_0929: Step 1/10: DICOM -> NIfTI (dcm2niix)

[Live Progress] Done: 1 | Remaining: 629 | Failed: 1 | ETA: 18234.0 min
  Active subjects:
    002_S_4171: Step 3/10: HD-BET skull stripping
    002_S_4225: Step 3/10: HD-BET skull stripping
    002_S_4229: Step 2/10: N4 bias field correction
    002_S_4270: Step 3/10: HD-BET skull stripping
    002_S_4447: Step 3/10: HD-BET skull stripping
    002_S_4473: Step 2/10: N4 bias field correction
    002_S_4654: Step 2/10: N4 bias field correction
    002_S_4746: Step 2/10: N4 bias field correction
    002_S_5018: Step 2/10: N4 bias field correction
    003_S_4288: Step 3/10: HD-BET skull stripping
    003_S_4350: Step 2/10: N4 bias field correction
    003_S_4441: Step 2/10: N4 bias field correction
    003_S_4872: Step 2/10: N4 bias field correction
    003_S_4900: Step 2/10: N4 bias field correction
    005_S_0221: Step 3/10: HD-BET skull stripping
    005_S_0222: Step 3/10: HD-BET skull stripping
    005_S_0546: Step 2/10: N4 bias field correction
    005_S_0610: Step 3/10: HD-BET skull stripping
    005_S_0929: Step 1/10: DICOM -> NIfTI (dcm2niix)

[Live Progress] Done: 1 | Remaining: 629 | Failed: 1 | ETA: 18244.6 min
  Active subjects:
    002_S_4171: Step 3/10: HD-BET skull stripping
    002_S_4225: Step 3/10: HD-BET skull stripping
    002_S_4229: Step 2/10: N4 bias field correction
    002_S_4270: Step 3/10: HD-BET skull stripping
    002_S_4447: Step 3/10: HD-BET skull stripping
    002_S_4473: Step 2/10: N4 bias field correction
    002_S_4654: Step 2/10: N4 bias field correction
    002_S_4746: Step 2/10: N4 bias field correction
    002_S_5018: Step 2/10: N4 bias field correction
    003_S_4288: Step 3/10: HD-BET skull stripping
    003_S_4350: Step 2/10: N4 bias field correction
    003_S_4441: Step 2/10: N4 bias field correction
    003_S_4872: Step 2/10: N4 bias field correction
    003_S_4900: Step 2/10: N4 bias field correction
    005_S_0221: Step 3/10: HD-BET skull stripping
    005_S_0222: Step 3/10: HD-BET skull stripping
    005_S_0546: Step 2/10: N4 bias field correction
    005_S_0610: Step 3/10: HD-BET skull stripping
    005_S_0929: Step 1/10: DICOM -> NIfTI (dcm2niix)

[Live Progress] Done: 1 | Remaining: 629 | Failed: 1 | ETA: 18255.3 min
  Active subjects:
    002_S_4171: Step 3/10: HD-BET skull stripping
    002_S_4225: Step 3/10: HD-BET skull stripping
    002_S_4229: Step 2/10: N4 bias field correction
    002_S_4270: Step 3/10: HD-BET skull stripping
    002_S_4447: Step 3/10: HD-BET skull stripping
    002_S_4473: Step 2/10: N4 bias field correction
    002_S_4654: Step 2/10: N4 bias field correction
    002_S_4746: Step 2/10: N4 bias field correction
    002_S_5018: Step 2/10: N4 bias field correction
    003_S_4288: Step 3/10: HD-BET skull stripping
    003_S_4350: Step 2/10: N4 bias field correction
    003_S_4441: Step 2/10: N4 bias field correction
    003_S_4872: Step 2/10: N4 bias field correction
    003_S_4900: Step 2/10: N4 bias field correction
    005_S_0221: Step 3/10: HD-BET skull stripping
    005_S_0222: Step 3/10: HD-BET skull stripping
    005_S_0546: Step 2/10: N4 bias field correction
    005_S_0610: Step 3/10: HD-BET skull stripping
    005_S_0929: Step 1/10: DICOM -> NIfTI (dcm2niix)

[Live Progress] Done: 1 | Remaining: 629 | Failed: 1 | ETA: 18266.0 min
  Active subjects:
    002_S_4171: Step 3/10: HD-BET skull stripping
    002_S_4225: Step 3/10: HD-BET skull stripping
    002_S_4229: Step 2/10: N4 bias field correction
    002_S_4270: Step 3/10: HD-BET skull stripping
    002_S_4447: Step 3/10: HD-BET skull stripping
    002_S_4473: Step 2/10: N4 bias field correction
    002_S_4654: Step 2/10: N4 bias field correction
    002_S_4746: Step 2/10: N4 bias field correction
    002_S_5018: Step 2/10: N4 bias field correction
    003_S_4288: Step 3/10: HD-BET skull stripping
    003_S_4350: Step 2/10: N4 bias field correction
    003_S_4441: Step 2/10: N4 bias field correction
    003_S_4872: Step 2/10: N4 bias field correction
    003_S_4900: Step 2/10: N4 bias field correction
    005_S_0221: Step 3/10: HD-BET skull stripping
    005_S_0222: Step 3/10: HD-BET skull stripping
    005_S_0546: Step 2/10: N4 bias field correction
    005_S_0610: Step 3/10: HD-BET skull stripping
    005_S_0929: Step 1/10: DICOM -> NIfTI (dcm2niix)

[Live Progress] Done: 1 | Remaining: 629 | Failed: 1 | ETA: 18276.9 min
  Active subjects:
    002_S_4171: Step 3/10: HD-BET skull stripping
    002_S_4225: Step 3/10: HD-BET skull stripping
    002_S_4229: Step 2/10: N4 bias field correction
    002_S_4270: Step 3/10: HD-BET skull stripping
    002_S_4447: Step 3/10: HD-BET skull stripping
    002_S_4473: Step 2/10: N4 bias field correction
    002_S_4654: Step 2/10: N4 bias field correction
    002_S_4746: Step 2/10: N4 bias field correction
    002_S_5018: Step 2/10: N4 bias field correction
    003_S_4288: Step 3/10: HD-BET skull stripping
    003_S_4350: Step 2/10: N4 bias field correction
    003_S_4441: Step 2/10: N4 bias field correction
    003_S_4872: Step 2/10: N4 bias field correction
    003_S_4900: Step 2/10: N4 bias field correction
    005_S_0221: Step 3/10: HD-BET skull stripping
    005_S_0222: Step 3/10: HD-BET skull stripping
    005_S_0546: Step 2/10: N4 bias field correction
    005_S_0610: Step 3/10: HD-BET skull stripping
    005_S_0929: Step 1/10: DICOM -> NIfTI (dcm2niix)

[Live Progress] Done: 1 | Remaining: 629 | Failed: 1 | ETA: 18287.6 min
  Active subjects:
    002_S_4171: Step 3/10: HD-BET skull stripping
    002_S_4225: Step 3/10: HD-BET skull stripping
    002_S_4229: Step 2/10: N4 bias field correction
    002_S_4270: Step 3/10: HD-BET skull stripping
    002_S_4447: Step 3/10: HD-BET skull stripping
    002_S_4473: Step 2/10: N4 bias field correction
    002_S_4654: Step 2/10: N4 bias field correction
    002_S_4746: Step 2/10: N4 bias field correction
    002_S_5018: Step 2/10: N4 bias field correction
    003_S_4288: Step 3/10: HD-BET skull stripping
    003_S_4350: Step 2/10: N4 bias field correction
    003_S_4441: Step 2/10: N4 bias field correction
    003_S_4872: Step 2/10: N4 bias field correction
    003_S_4900: Step 2/10: N4 bias field correction
    005_S_0221: Step 3/10: HD-BET skull stripping
    005_S_0222: Step 3/10: HD-BET skull stripping
    005_S_0546: Step 2/10: N4 bias field correction
    005_S_0610: Step 3/10: HD-BET skull stripping
    005_S_0929: Step 1/10: DICOM -> NIfTI (dcm2niix)

[Live Progress] Done: 1 | Remaining: 629 | Failed: 1 | ETA: 18298.3 min
  Active subjects:
    002_S_4171: Step 3/10: HD-BET skull stripping
    002_S_4225: Step 3/10: HD-BET skull stripping
    002_S_4229: Step 2/10: N4 bias field correction
    002_S_4270: Step 3/10: HD-BET skull stripping
    002_S_4447: Step 3/10: HD-BET skull stripping
    002_S_4473: Step 2/10: N4 bias field correction
    002_S_4654: Step 2/10: N4 bias field correction
    002_S_4746: Step 2/10: N4 bias field correction
    002_S_5018: Step 2/10: N4 bias field correction
    003_S_4288: Step 3/10: HD-BET skull stripping
    003_S_4350: Step 2/10: N4 bias field correction
    003_S_4441: Step 2/10: N4 bias field correction
    003_S_4872: Step 2/10: N4 bias field correction
    003_S_4900: Step 2/10: N4 bias field correction
    005_S_0221: Step 3/10: HD-BET skull stripping
    005_S_0222: Step 3/10: HD-BET skull stripping
    005_S_0546: Step 2/10: N4 bias field correction
    005_S_0610: Step 3/10: HD-BET skull stripping
    005_S_0929: Step 1/10: DICOM -> NIfTI (dcm2niix)

[Live Progress] Done: 1 | Remaining: 629 | Failed: 1 | ETA: 18308.9 min
  Active subjects:
    002_S_4171: Step 3/10: HD-BET skull stripping
    002_S_4225: Step 3/10: HD-BET skull stripping
    002_S_4229: Step 2/10: N4 bias field correction
    002_S_4270: Step 3/10: HD-BET skull stripping
    002_S_4447: Step 3/10: HD-BET skull stripping
    002_S_4473: Step 2/10: N4 bias field correction
    002_S_4654: Step 2/10: N4 bias field correction
    002_S_4746: Step 2/10: N4 bias field correction
    002_S_5018: Step 2/10: N4 bias field correction
    003_S_4288: Step 3/10: HD-BET skull stripping
    003_S_4350: Step 2/10: N4 bias field correction
    003_S_4441: Step 2/10: N4 bias field correction
    003_S_4872: Step 2/10: N4 bias field correction
    003_S_4900: Step 2/10: N4 bias field correction
    005_S_0221: Step 3/10: HD-BET skull stripping
    005_S_0222: Step 3/10: HD-BET skull stripping
    005_S_0546: Step 2/10: N4 bias field correction
    005_S_0610: Step 3/10: HD-BET skull stripping
    005_S_0929: Step 1/10: DICOM -> NIfTI (dcm2niix)

[Live Progress] Done: 1 | Remaining: 629 | Failed: 1 | ETA: 18319.5 min
  Active subjects:
    002_S_4171: Step 3/10: HD-BET skull stripping
    002_S_4225: Step 3/10: HD-BET skull stripping
    002_S_4229: Step 2/10: N4 bias field correction
    002_S_4270: Step 3/10: HD-BET skull stripping
    002_S_4447: Step 3/10: HD-BET skull stripping
    002_S_4473: Step 2/10: N4 bias field correction
    002_S_4654: Step 2/10: N4 bias field correction
    002_S_4746: Step 2/10: N4 bias field correction
    002_S_5018: Step 2/10: N4 bias field correction
    003_S_4288: Step 3/10: HD-BET skull stripping
    003_S_4350: Step 2/10: N4 bias field correction
    003_S_4441: Step 2/10: N4 bias field correction
    003_S_4872: Step 2/10: N4 bias field correction
    003_S_4900: Step 2/10: N4 bias field correction
    005_S_0221: Step 3/10: HD-BET skull stripping
    005_S_0222: Step 3/10: HD-BET skull stripping
    005_S_0546: Step 2/10: N4 bias field correction
    005_S_0610: Step 3/10: HD-BET skull stripping
    005_S_0929: Step 1/10: DICOM -> NIfTI (dcm2niix)

[Live Progress] Done: 1 | Remaining: 629 | Failed: 1 | ETA: 18330.2 min
  Active subjects:
    002_S_4171: Step 3/10: HD-BET skull stripping
    002_S_4225: Step 3/10: HD-BET skull stripping
    002_S_4229: Step 2/10: N4 bias field correction
    002_S_4270: Step 3/10: HD-BET skull stripping
    002_S_4447: Step 3/10: HD-BET skull stripping
    002_S_4473: Step 2/10: N4 bias field correction
    002_S_4654: Step 2/10: N4 bias field correction
    002_S_4746: Step 2/10: N4 bias field correction
    002_S_5018: Step 2/10: N4 bias field correction
    003_S_4288: Step 3/10: HD-BET skull stripping
    003_S_4350: Step 2/10: N4 bias field correction
    003_S_4441: Step 2/10: N4 bias field correction
    003_S_4872: Step 2/10: N4 bias field correction
    003_S_4900: Step 2/10: N4 bias field correction
    005_S_0221: Step 3/10: HD-BET skull stripping
    005_S_0222: Step 3/10: HD-BET skull stripping
    005_S_0546: Step 2/10: N4 bias field correction
    005_S_0610: Step 3/10: HD-BET skull stripping
    005_S_0929: Step 1/10: DICOM -> NIfTI (dcm2niix)

[Live Progress] Done: 1 | Remaining: 629 | Failed: 1 | ETA: 18340.9 min
  Active subjects:
    002_S_4171: Step 3/10: HD-BET skull stripping
    002_S_4225: Step 3/10: HD-BET skull stripping
    002_S_4229: Step 2/10: N4 bias field correction
    002_S_4270: Step 3/10: HD-BET skull stripping
    002_S_4447: Step 3/10: HD-BET skull stripping
    002_S_4473: Step 2/10: N4 bias field correction
    002_S_4654: Step 2/10: N4 bias field correction
    002_S_4746: Step 2/10: N4 bias field correction
    002_S_5018: Step 2/10: N4 bias field correction
    003_S_4288: Step 3/10: HD-BET skull stripping
    003_S_4350: Step 2/10: N4 bias field correction
    003_S_4441: Step 2/10: N4 bias field correction
    003_S_4872: Step 2/10: N4 bias field correction
    003_S_4900: Step 2/10: N4 bias field correction
    005_S_0221: Step 3/10: HD-BET skull stripping
    005_S_0222: Step 3/10: HD-BET skull stripping
    005_S_0546: Step 2/10: N4 bias field correction
    005_S_0610: Step 3/10: HD-BET skull stripping
    005_S_0929: Step 1/10: DICOM -> NIfTI (dcm2niix)

[Live Progress] Done: 1 | Remaining: 629 | Failed: 1 | ETA: 18351.6 min
  Active subjects:
    002_S_4171: Step 3/10: HD-BET skull stripping
    002_S_4225: Step 3/10: HD-BET skull stripping
    002_S_4229: Step 2/10: N4 bias field correction
    002_S_4270: Step 3/10: HD-BET skull stripping
    002_S_4447: Step 3/10: HD-BET skull stripping
    002_S_4473: Step 2/10: N4 bias field correction
    002_S_4654: Step 2/10: N4 bias field correction
    002_S_4746: Step 2/10: N4 bias field correction
    002_S_5018: Step 2/10: N4 bias field correction
    003_S_4288: Step 3/10: HD-BET skull stripping
    003_S_4350: Step 2/10: N4 bias field correction
    003_S_4441: Step 2/10: N4 bias field correction
    003_S_4872: Step 2/10: N4 bias field correction
    003_S_4900: Step 2/10: N4 bias field correction
    005_S_0221: Step 3/10: HD-BET skull stripping
    005_S_0222: Step 3/10: HD-BET skull stripping
    005_S_0546: Step 2/10: N4 bias field correction
    005_S_0610: Step 3/10: HD-BET skull stripping
    005_S_0929: Step 1/10: DICOM -> NIfTI (dcm2niix)

[Live Progress] Done: 1 | Remaining: 629 | Failed: 1 | ETA: 18362.2 min
  Active subjects:
    002_S_4171: Step 3/10: HD-BET skull stripping
    002_S_4225: Step 3/10: HD-BET skull stripping
    002_S_4229: Step 2/10: N4 bias field correction
    002_S_4270: Step 3/10: HD-BET skull stripping
    002_S_4447: Step 3/10: HD-BET skull stripping
    002_S_4473: Step 2/10: N4 bias field correction
    002_S_4654: Step 2/10: N4 bias field correction
    002_S_4746: Step 2/10: N4 bias field correction
    002_S_5018: Step 2/10: N4 bias field correction
    003_S_4288: Step 3/10: HD-BET skull stripping
    003_S_4350: Step 2/10: N4 bias field correction
    003_S_4441: Step 2/10: N4 bias field correction
    003_S_4872: Step 2/10: N4 bias field correction
    003_S_4900: Step 2/10: N4 bias field correction
    005_S_0221: Step 3/10: HD-BET skull stripping
    005_S_0222: Step 3/10: HD-BET skull stripping
    005_S_0546: Step 2/10: N4 bias field correction
    005_S_0610: Step 3/10: HD-BET skull stripping
    005_S_0929: Step 1/10: DICOM -> NIfTI (dcm2niix)

[Live Progress] Done: 1 | Remaining: 629 | Failed: 1 | ETA: 18372.9 min
  Active subjects:
    002_S_4171: Step 3/10: HD-BET skull stripping
    002_S_4225: Step 3/10: HD-BET skull stripping
    002_S_4229: Step 2/10: N4 bias field correction
    002_S_4270: Step 3/10: HD-BET skull stripping
    002_S_4447: Step 3/10: HD-BET skull stripping
    002_S_4473: Step 2/10: N4 bias field correction
    002_S_4654: Step 2/10: N4 bias field correction
    002_S_4746: Step 2/10: N4 bias field correction
    002_S_5018: Step 2/10: N4 bias field correction
    003_S_4288: Step 3/10: HD-BET skull stripping
    003_S_4350: Step 2/10: N4 bias field correction
    003_S_4441: Step 2/10: N4 bias field correction
    003_S_4872: Step 2/10: N4 bias field correction
    003_S_4900: Step 2/10: N4 bias field correction
    005_S_0221: Step 3/10: HD-BET skull stripping
    005_S_0222: Step 3/10: HD-BET skull stripping
    005_S_0546: Step 2/10: N4 bias field correction
    005_S_0610: Step 3/10: HD-BET skull stripping
    005_S_0929: Step 1/10: DICOM -> NIfTI (dcm2niix)

[Live Progress] Done: 1 | Remaining: 629 | Failed: 1 | ETA: 18383.5 min
  Active subjects:
    002_S_4171: Step 3/10: HD-BET skull stripping
    002_S_4225: Step 3/10: HD-BET skull stripping
    002_S_4229: Step 2/10: N4 bias field correction
    002_S_4270: Step 3/10: HD-BET skull stripping
    002_S_4447: Step 3/10: HD-BET skull stripping
    002_S_4473: Step 2/10: N4 bias field correction
    002_S_4654: Step 2/10: N4 bias field correction
    002_S_4746: Step 2/10: N4 bias field correction
    002_S_5018: Step 2/10: N4 bias field correction
    003_S_4288: Step 3/10: HD-BET skull stripping
    003_S_4350: Step 2/10: N4 bias field correction
    003_S_4441: Step 2/10: N4 bias field correction
    003_S_4872: Step 2/10: N4 bias field correction
    003_S_4900: Step 2/10: N4 bias field correction
    005_S_0221: Step 3/10: HD-BET skull stripping
    005_S_0222: Step 3/10: HD-BET skull stripping
    005_S_0546: Step 2/10: N4 bias field correction
    005_S_0610: Step 3/10: HD-BET skull stripping
    005_S_0929: Step 1/10: DICOM -> NIfTI (dcm2niix)

[Live Progress] Done: 1 | Remaining: 629 | Failed: 1 | ETA: 18394.2 min
  Active subjects:
    002_S_4171: Step 3/10: HD-BET skull stripping
    002_S_4225: Step 3/10: HD-BET skull stripping
    002_S_4229: Step 2/10: N4 bias field correction
    002_S_4270: Step 3/10: HD-BET skull stripping
    002_S_4447: Step 3/10: HD-BET skull stripping
    002_S_4473: Step 2/10: N4 bias field correction
    002_S_4654: Step 2/10: N4 bias field correction
    002_S_4746: Step 2/10: N4 bias field correction
    002_S_5018: Step 2/10: N4 bias field correction
    003_S_4288: Step 3/10: HD-BET skull stripping
    003_S_4350: Step 2/10: N4 bias field correction
    003_S_4441: Step 2/10: N4 bias field correction
    003_S_4872: Step 2/10: N4 bias field correction
    003_S_4900: Step 2/10: N4 bias field correction
    005_S_0221: Step 3/10: HD-BET skull stripping
    005_S_0222: Step 3/10: HD-BET skull stripping
    005_S_0546: Step 2/10: N4 bias field correction
    005_S_0610: Step 3/10: HD-BET skull stripping
    005_S_0929: Step 1/10: DICOM -> NIfTI (dcm2niix)

[Live Progress] Done: 1 | Remaining: 629 | Failed: 1 | ETA: 18405.4 min
  Active subjects:
    002_S_4171: Step 3/10: HD-BET skull stripping
    002_S_4225: Step 3/10: HD-BET skull stripping
    002_S_4229: Step 2/10: N4 bias field correction
    002_S_4270: Step 3/10: HD-BET skull stripping
    002_S_4447: Step 3/10: HD-BET skull stripping
    002_S_4473: Step 2/10: N4 bias field correction
    002_S_4654: Step 2/10: N4 bias field correction
    002_S_4746: Step 2/10: N4 bias field correction
    002_S_5018: Step 2/10: N4 bias field correction
    003_S_4288: Step 3/10: HD-BET skull stripping
    003_S_4350: Step 2/10: N4 bias field correction
    003_S_4441: Step 2/10: N4 bias field correction
    003_S_4872: Step 2/10: N4 bias field correction
    003_S_4900: Step 2/10: N4 bias field correction
    005_S_0221: Step 3/10: HD-BET skull stripping
    005_S_0222: Step 3/10: HD-BET skull stripping
    005_S_0546: Step 2/10: N4 bias field correction
    005_S_0610: Step 3/10: HD-BET skull stripping
    005_S_0929: Step 1/10: DICOM -> NIfTI (dcm2niix)

[Live Progress] Done: 1 | Remaining: 629 | Failed: 1 | ETA: 18419.0 min
  Active subjects:
    002_S_4171: Step 3/10: HD-BET skull stripping
    002_S_4225: Step 3/10: HD-BET skull stripping
    002_S_4229: Step 2/10: N4 bias field correction
    002_S_4270: Step 3/10: HD-BET skull stripping
    002_S_4447: Step 3/10: HD-BET skull stripping
    002_S_4473: Step 2/10: N4 bias field correction
    002_S_4654: Step 2/10: N4 bias field correction
    002_S_4746: Step 2/10: N4 bias field correction
    002_S_5018: Step 2/10: N4 bias field correction
    003_S_4288: Step 3/10: HD-BET skull stripping
    003_S_4350: Step 2/10: N4 bias field correction
    003_S_4441: Step 2/10: N4 bias field correction
    003_S_4872: Step 2/10: N4 bias field correction
    003_S_4900: Step 2/10: N4 bias field correction
    005_S_0221: Step 3/10: HD-BET skull stripping
    005_S_0222: Step 3/10: HD-BET skull stripping
    005_S_0546: Step 2/10: N4 bias field correction
    005_S_0610: Step 3/10: HD-BET skull stripping
    005_S_0929: Step 1/10: DICOM -> NIfTI (dcm2niix)

[Live Progress] Done: 1 | Remaining: 629 | Failed: 1 | ETA: 18430.6 min
  Active subjects:
    002_S_4171: Step 3/10: HD-BET skull stripping
    002_S_4225: Step 3/10: HD-BET skull stripping
    002_S_4229: Step 2/10: N4 bias field correction
    002_S_4270: Step 3/10: HD-BET skull stripping
    002_S_4447: Step 3/10: HD-BET skull stripping
    002_S_4473: Step 2/10: N4 bias field correction
    002_S_4654: Step 2/10: N4 bias field correction
    002_S_4746: Step 2/10: N4 bias field correction
    002_S_5018: Step 2/10: N4 bias field correction
    003_S_4288: Step 3/10: HD-BET skull stripping
    003_S_4350: Step 2/10: N4 bias field correction
    003_S_4441: Step 2/10: N4 bias field correction
    003_S_4872: Step 2/10: N4 bias field correction
    003_S_4900: Step 2/10: N4 bias field correction
    005_S_0221: Step 3/10: HD-BET skull stripping
    005_S_0222: Step 3/10: HD-BET skull stripping
    005_S_0546: Step 2/10: N4 bias field correction
    005_S_0610: Step 3/10: HD-BET skull stripping
    005_S_0929: Step 1/10: DICOM -> NIfTI (dcm2niix)

[Live Progress] Done: 1 | Remaining: 629 | Failed: 1 | ETA: 18441.7 min
  Active subjects:
    002_S_4171: Step 3/10: HD-BET skull stripping
    002_S_4225: Step 3/10: HD-BET skull stripping
    002_S_4229: Step 2/10: N4 bias field correction
    002_S_4270: Step 3/10: HD-BET skull stripping
    002_S_4447: Step 3/10: HD-BET skull stripping
    002_S_4473: Step 2/10: N4 bias field correction
    002_S_4654: Step 2/10: N4 bias field correction
    002_S_4746: Step 2/10: N4 bias field correction
    002_S_5018: Step 2/10: N4 bias field correction
    003_S_4288: Step 3/10: HD-BET skull stripping
    003_S_4350: Step 2/10: N4 bias field correction
    003_S_4441: Step 2/10: N4 bias field correction
    003_S_4872: Step 2/10: N4 bias field correction
    003_S_4900: Step 2/10: N4 bias field correction
    005_S_0221: Step 3/10: HD-BET skull stripping
    005_S_0222: Step 3/10: HD-BET skull stripping
    005_S_0546: Step 2/10: N4 bias field correction
    005_S_0610: Step 3/10: HD-BET skull stripping
    005_S_0929: Step 1/10: DICOM -> NIfTI (dcm2niix)

[Live Progress] Done: 1 | Remaining: 629 | Failed: 1 | ETA: 18459.2 min
  Active subjects:
    002_S_4171: Step 3/10: HD-BET skull stripping
    002_S_4225: Step 3/10: HD-BET skull stripping
    002_S_4229: Step 2/10: N4 bias field correction
    002_S_4270: Step 3/10: HD-BET skull stripping
    002_S_4447: Step 3/10: HD-BET skull stripping
    002_S_4473: Step 2/10: N4 bias field correction
    002_S_4654: Step 2/10: N4 bias field correction
    002_S_4746: Step 2/10: N4 bias field correction
    002_S_5018: Step 2/10: N4 bias field correction
    003_S_4288: Step 3/10: HD-BET skull stripping
    003_S_4350: Step 2/10: N4 bias field correction
    003_S_4441: Step 2/10: N4 bias field correction
    003_S_4872: Step 2/10: N4 bias field correction
    003_S_4900: Step 2/10: N4 bias field correction
    005_S_0221: Step 3/10: HD-BET skull stripping
    005_S_0222: Step 3/10: HD-BET skull stripping
    005_S_0546: Step 2/10: N4 bias field correction
    005_S_0610: Step 3/10: HD-BET skull stripping
    005_S_0929: Step 1/10: DICOM -> NIfTI (dcm2niix)

[Live Progress] Done: 1 | Remaining: 629 | Failed: 1 | ETA: 18471.4 min
  Active subjects:
    002_S_4171: Step 3/10: HD-BET skull stripping
    002_S_4225: Step 3/10: HD-BET skull stripping
    002_S_4229: Step 2/10: N4 bias field correction
    002_S_4270: Step 3/10: HD-BET skull stripping
    002_S_4447: Step 3/10: HD-BET skull stripping
    002_S_4473: Step 2/10: N4 bias field correction
    002_S_4654: Step 2/10: N4 bias field correction
    002_S_4746: Step 2/10: N4 bias field correction
    002_S_5018: Step 2/10: N4 bias field correction
    003_S_4288: Step 3/10: HD-BET skull stripping
    003_S_4350: Step 2/10: N4 bias field correction
    003_S_4441: Step 2/10: N4 bias field correction
    003_S_4872: Step 2/10: N4 bias field correction
    003_S_4900: Step 2/10: N4 bias field correction
    005_S_0221: Step 3/10: HD-BET skull stripping
    005_S_0222: Step 3/10: HD-BET skull stripping
    005_S_0546: Step 2/10: N4 bias field correction
    005_S_0610: Step 3/10: HD-BET skull stripping
    005_S_0929: Step 1/10: DICOM -> NIfTI (dcm2niix)

[Live Progress] Done: 1 | Remaining: 629 | Failed: 1 | ETA: 18496.6 min
  Active subjects:
    002_S_4171: Step 3/10: HD-BET skull stripping
    002_S_4225: Step 3/10: HD-BET skull stripping
    002_S_4229: Step 2/10: N4 bias field correction
    002_S_4270: Step 3/10: HD-BET skull stripping
    002_S_4447: Step 3/10: HD-BET skull stripping
    002_S_4473: Step 2/10: N4 bias field correction
    002_S_4654: Step 2/10: N4 bias field correction
    002_S_4746: Step 2/10: N4 bias field correction
    002_S_5018: Step 2/10: N4 bias field correction
    003_S_4288: Step 3/10: HD-BET skull stripping
    003_S_4350: Step 2/10: N4 bias field correction
    003_S_4441: Step 2/10: N4 bias field correction
    003_S_4872: Step 2/10: N4 bias field correction
    003_S_4900: Step 2/10: N4 bias field correction
    005_S_0221: Step 3/10: HD-BET skull stripping
    005_S_0222: Step 3/10: HD-BET skull stripping
    005_S_0546: Step 2/10: N4 bias field correction
    005_S_0610: Step 3/10: HD-BET skull stripping
    005_S_0929: Step 1/10: DICOM -> NIfTI (dcm2niix)

[Live Progress] Done: 1 | Remaining: 629 | Failed: 1 | ETA: 18542.6 min
  Active subjects:
    002_S_4171: Step 3/10: HD-BET skull stripping
    002_S_4225: Step 3/10: HD-BET skull stripping
    002_S_4229: Step 2/10: N4 bias field correction
    002_S_4270: Step 3/10: HD-BET skull stripping
    002_S_4447: Step 3/10: HD-BET skull stripping
    002_S_4473: Step 2/10: N4 bias field correction
    002_S_4654: Step 2/10: N4 bias field correction
    002_S_4746: Step 2/10: N4 bias field correction
    002_S_5018: Step 2/10: N4 bias field correction
    003_S_4288: Step 3/10: HD-BET skull stripping
    003_S_4350: Step 2/10: N4 bias field correction
    003_S_4441: Step 2/10: N4 bias field correction
    003_S_4872: Step 2/10: N4 bias field correction
    003_S_4900: Step 2/10: N4 bias field correction
    005_S_0221: Step 3/10: HD-BET skull stripping
    005_S_0222: Step 3/10: HD-BET skull stripping
    005_S_0546: Step 2/10: N4 bias field correction
    005_S_0610: Step 3/10: HD-BET skull stripping
    005_S_0929: Step 1/10: DICOM -> NIfTI (dcm2niix)

[Live Progress] Done: 1 | Remaining: 629 | Failed: 1 | ETA: 18576.1 min
  Active subjects:
    002_S_4171: Step 3/10: HD-BET skull stripping
    002_S_4225: Step 3/10: HD-BET skull stripping
    002_S_4229: Step 2/10: N4 bias field correction
    002_S_4270: Step 3/10: HD-BET skull stripping
    002_S_4447: Step 3/10: HD-BET skull stripping
    002_S_4473: Step 2/10: N4 bias field correction
    002_S_4654: Step 2/10: N4 bias field correction
    002_S_4746: Step 2/10: N4 bias field correction
    002_S_5018: Step 2/10: N4 bias field correction
    003_S_4288: Step 3/10: HD-BET skull stripping
    003_S_4350: Step 2/10: N4 bias field correction
    003_S_4441: Step 2/10: N4 bias field correction
    003_S_4872: Step 2/10: N4 bias field correction
    003_S_4900: Step 2/10: N4 bias field correction
    005_S_0221: Step 3/10: HD-BET skull stripping
    005_S_0222: Step 3/10: HD-BET skull stripping
    005_S_0546: Step 2/10: N4 bias field correction
    005_S_0610: Step 3/10: HD-BET skull stripping
    005_S_0929: Step 1/10: DICOM -> NIfTI (dcm2niix)

[Live Progress] Done: 1 | Remaining: 629 | Failed: 1 | ETA: 18616.2 min
  Active subjects:
    002_S_4171: Step 3/10: HD-BET skull stripping
    002_S_4225: Step 3/10: HD-BET skull stripping
    002_S_4229: Step 2/10: N4 bias field correction
    002_S_4270: Step 3/10: HD-BET skull stripping
    002_S_4447: Step 3/10: HD-BET skull stripping
    002_S_4473: Step 2/10: N4 bias field correction
    002_S_4654: Step 2/10: N4 bias field correction
    002_S_4746: Step 2/10: N4 bias field correction
    002_S_5018: Step 2/10: N4 bias field correction
    003_S_4288: Step 3/10: HD-BET skull stripping
    003_S_4350: Step 2/10: N4 bias field correction
    003_S_4441: Step 2/10: N4 bias field correction
    003_S_4872: Step 2/10: N4 bias field correction
    003_S_4900: Step 2/10: N4 bias field correction
    005_S_0221: Step 3/10: HD-BET skull stripping
    005_S_0222: Step 3/10: HD-BET skull stripping
    005_S_0546: Step 2/10: N4 bias field correction
    005_S_0610: Step 3/10: HD-BET skull stripping
    005_S_0929: Step 1/10: DICOM -> NIfTI (dcm2niix)

[Live Progress] Done: 1 | Remaining: 629 | Failed: 1 | ETA: 18650.8 min
  Active subjects:
    002_S_4171: Step 3/10: HD-BET skull stripping
    002_S_4225: Step 3/10: HD-BET skull stripping
    002_S_4229: Step 2/10: N4 bias field correction
    002_S_4270: Step 3/10: HD-BET skull stripping
    002_S_4447: Step 3/10: HD-BET skull stripping
    002_S_4473: Step 2/10: N4 bias field correction
    002_S_4654: Step 2/10: N4 bias field correction
    002_S_4746: Step 2/10: N4 bias field correction
    002_S_5018: Step 2/10: N4 bias field correction
    003_S_4288: Step 3/10: HD-BET skull stripping
    003_S_4350: Step 2/10: N4 bias field correction
    003_S_4441: Step 2/10: N4 bias field correction
    003_S_4872: Step 2/10: N4 bias field correction
    003_S_4900: Step 2/10: N4 bias field correction
    005_S_0221: Step 3/10: HD-BET skull stripping
    005_S_0222: Step 3/10: HD-BET skull stripping
    005_S_0546: Step 2/10: N4 bias field correction
    005_S_0610: Step 3/10: HD-BET skull stripping
    005_S_0929: Step 1/10: DICOM -> NIfTI (dcm2niix)

[Live Progress] Done: 1 | Remaining: 629 | Failed: 1 | ETA: 18672.9 min
  Active subjects:
    002_S_4171: Step 3/10: HD-BET skull stripping
    002_S_4225: Step 3/10: HD-BET skull stripping
    002_S_4229: Step 2/10: N4 bias field correction
    002_S_4270: Step 3/10: HD-BET skull stripping
    002_S_4447: Step 3/10: HD-BET skull stripping
    002_S_4473: Step 2/10: N4 bias field correction
    002_S_4654: Step 2/10: N4 bias field correction
    002_S_4746: Step 2/10: N4 bias field correction
    002_S_5018: Step 2/10: N4 bias field correction
    003_S_4288: Step 3/10: HD-BET skull stripping
    003_S_4350: Step 2/10: N4 bias field correction
    003_S_4441: Step 2/10: N4 bias field correction
    003_S_4872: Step 2/10: N4 bias field correction
    003_S_4900: Step 2/10: N4 bias field correction
    005_S_0221: Step 3/10: HD-BET skull stripping
    005_S_0222: Step 3/10: HD-BET skull stripping
    005_S_0546: Step 2/10: N4 bias field correction
    005_S_0610: Step 3/10: HD-BET skull stripping
    005_S_0929: Step 1/10: DICOM -> NIfTI (dcm2niix)

[Live Progress] Done: 1 | Remaining: 629 | Failed: 1 | ETA: 18694.6 min
  Active subjects:
    002_S_4171: Step 3/10: HD-BET skull stripping
    002_S_4225: Step 3/10: HD-BET skull stripping
    002_S_4229: Step 2/10: N4 bias field correction
    002_S_4270: Step 3/10: HD-BET skull stripping
    002_S_4447: Step 3/10: HD-BET skull stripping
    002_S_4473: Step 2/10: N4 bias field correction
    002_S_4654: Step 2/10: N4 bias field correction
    002_S_4746: Step 2/10: N4 bias field correction
    002_S_5018: Step 2/10: N4 bias field correction
    003_S_4288: Step 3/10: HD-BET skull stripping
    003_S_4350: Step 2/10: N4 bias field correction
    003_S_4441: Step 2/10: N4 bias field correction
    003_S_4872: Step 2/10: N4 bias field correction
    003_S_4900: Step 2/10: N4 bias field correction
    005_S_0221: Step 3/10: HD-BET skull stripping
    005_S_0222: Step 3/10: HD-BET skull stripping
    005_S_0546: Step 2/10: N4 bias field correction
    005_S_0610: Step 3/10: HD-BET skull stripping
    005_S_0929: Step 1/10: DICOM -> NIfTI (dcm2niix)

[Live Progress] Done: 1 | Remaining: 629 | Failed: 1 | ETA: 18734.9 min
  Active subjects:
    002_S_4171: Step 3/10: HD-BET skull stripping
    002_S_4225: Step 3/10: HD-BET skull stripping
    002_S_4229: Step 2/10: N4 bias field correction
    002_S_4270: Step 3/10: HD-BET skull stripping
    002_S_4447: Step 3/10: HD-BET skull stripping
    002_S_4473: Step 2/10: N4 bias field correction
    002_S_4654: Step 2/10: N4 bias field correction
    002_S_4746: Step 2/10: N4 bias field correction
    002_S_5018: Step 2/10: N4 bias field correction
    003_S_4288: Step 3/10: HD-BET skull stripping
    003_S_4350: Step 2/10: N4 bias field correction
    003_S_4441: Step 2/10: N4 bias field correction
    003_S_4872: Step 2/10: N4 bias field correction
    003_S_4900: Step 2/10: N4 bias field correction
    005_S_0221: Step 3/10: HD-BET skull stripping
    005_S_0222: Step 3/10: HD-BET skull stripping
    005_S_0546: Step 2/10: N4 bias field correction
    005_S_0610: Step 3/10: HD-BET skull stripping
    005_S_0929: Step 1/10: DICOM -> NIfTI (dcm2niix)

[Live Progress] Done: 1 | Remaining: 629 | Failed: 1 | ETA: 18763.4 min
  Active subjects:
    002_S_4171: Step 3/10: HD-BET skull stripping
    002_S_4225: Step 3/10: HD-BET skull stripping
    002_S_4229: Step 2/10: N4 bias field correction
    002_S_4270: Step 3/10: HD-BET skull stripping
    002_S_4447: Step 3/10: HD-BET skull stripping
    002_S_4473: Step 2/10: N4 bias field correction
    002_S_4654: Step 2/10: N4 bias field correction
    002_S_4746: Step 2/10: N4 bias field correction
    002_S_5018: Step 2/10: N4 bias field correction
    003_S_4288: Step 3/10: HD-BET skull stripping
    003_S_4350: Step 2/10: N4 bias field correction
    003_S_4441: Step 2/10: N4 bias field correction
    003_S_4872: Step 2/10: N4 bias field correction
    003_S_4900: Step 2/10: N4 bias field correction
    005_S_0221: Step 3/10: HD-BET skull stripping
    005_S_0222: Step 3/10: HD-BET skull stripping
    005_S_0546: Step 2/10: N4 bias field correction
    005_S_0610: Step 3/10: HD-BET skull stripping
    005_S_0929: Step 1/10: DICOM -> NIfTI (dcm2niix)

[Live Progress] Done: 1 | Remaining: 629 | Failed: 1 | ETA: 18812.2 min
  Active subjects:
    002_S_4171: Step 3/10: HD-BET skull stripping
    002_S_4225: Step 3/10: HD-BET skull stripping
    002_S_4229: Step 2/10: N4 bias field correction
    002_S_4270: Step 3/10: HD-BET skull stripping
    002_S_4447: Step 3/10: HD-BET skull stripping
    002_S_4473: Step 2/10: N4 bias field correction
    002_S_4654: Step 2/10: N4 bias field correction
    002_S_4746: Step 2/10: N4 bias field correction
    002_S_5018: Step 2/10: N4 bias field correction
    003_S_4288: Step 3/10: HD-BET skull stripping
    003_S_4350: Step 2/10: N4 bias field correction
    003_S_4441: Step 2/10: N4 bias field correction
    003_S_4872: Step 2/10: N4 bias field correction
    003_S_4900: Step 2/10: N4 bias field correction
    005_S_0221: Step 3/10: HD-BET skull stripping
    005_S_0222: Step 3/10: HD-BET skull stripping
    005_S_0546: Step 2/10: N4 bias field correction
    005_S_0610: Step 3/10: HD-BET skull stripping
    005_S_0929: Step 1/10: DICOM -> NIfTI (dcm2niix)

[Live Progress] Done: 1 | Remaining: 629 | Failed: 1 | ETA: 19028.8 min
  Active subjects:
    002_S_4171: Step 3/10: HD-BET skull stripping
    002_S_4225: Step 3/10: HD-BET skull stripping
    002_S_4229: Step 2/10: N4 bias field correction
    002_S_4270: Step 3/10: HD-BET skull stripping
    002_S_4447: Step 3/10: HD-BET skull stripping
    002_S_4473: Step 2/10: N4 bias field correction
    002_S_4654: Step 2/10: N4 bias field correction
    002_S_4746: Step 2/10: N4 bias field correction
    002_S_5018: Step 2/10: N4 bias field correction
    003_S_4288: Step 3/10: HD-BET skull stripping
    003_S_4350: Step 2/10: N4 bias field correction
    003_S_4441: Step 2/10: N4 bias field correction
    003_S_4872: Step 2/10: N4 bias field correction
    003_S_4900: Step 2/10: N4 bias field correction
    005_S_0221: Step 3/10: HD-BET skull stripping
    005_S_0222: Step 3/10: HD-BET skull stripping
    005_S_0546: Step 2/10: N4 bias field correction
    005_S_0610: Step 3/10: HD-BET skull stripping
    005_S_0929: Step 1/10: DICOM -> NIfTI (dcm2niix)

[Live Progress] Done: 1 | Remaining: 629 | Failed: 1 | ETA: 19039.5 min
  Active subjects:
    002_S_4171: Step 3/10: HD-BET skull stripping
    002_S_4225: Step 3/10: HD-BET skull stripping
    002_S_4229: Step 2/10: N4 bias field correction
    002_S_4270: Step 3/10: HD-BET skull stripping
    002_S_4447: Step 3/10: HD-BET skull stripping
    002_S_4473: Step 2/10: N4 bias field correction
    002_S_4654: Step 2/10: N4 bias field correction
    002_S_4746: Step 2/10: N4 bias field correction
    002_S_5018: Step 2/10: N4 bias field correction
    003_S_4288: Step 3/10: HD-BET skull stripping
    003_S_4350: Step 2/10: N4 bias field correction
    003_S_4441: Step 2/10: N4 bias field correction
    003_S_4872: Step 2/10: N4 bias field correction
    003_S_4900: Step 2/10: N4 bias field correction
    005_S_0221: Step 3/10: HD-BET skull stripping
    005_S_0222: Step 3/10: HD-BET skull stripping
    005_S_0546: Step 2/10: N4 bias field correction
    005_S_0610: Step 3/10: HD-BET skull stripping
    005_S_0929: Step 1/10: DICOM -> NIfTI (dcm2niix)

[Live Progress] Done: 1 | Remaining: 629 | Failed: 1 | ETA: 19050.0 min
  Active subjects:
    002_S_4171: Step 3/10: HD-BET skull stripping
    002_S_4225: Step 3/10: HD-BET skull stripping
    002_S_4229: Step 2/10: N4 bias field correction
    002_S_4270: Step 3/10: HD-BET skull stripping
    002_S_4447: Step 3/10: HD-BET skull stripping
    002_S_4473: Step 2/10: N4 bias field correction
    002_S_4654: Step 2/10: N4 bias field correction
    002_S_4746: Step 2/10: N4 bias field correction
    002_S_5018: Step 2/10: N4 bias field correction
    003_S_4288: Step 3/10: HD-BET skull stripping
    003_S_4350: Step 2/10: N4 bias field correction
    003_S_4441: Step 2/10: N4 bias field correction
    003_S_4872: Step 2/10: N4 bias field correction
    003_S_4900: Step 2/10: N4 bias field correction
    005_S_0221: Step 3/10: HD-BET skull stripping
    005_S_0222: Step 3/10: HD-BET skull stripping
    005_S_0546: Step 2/10: N4 bias field correction
    005_S_0610: Step 3/10: HD-BET skull stripping
    005_S_0929: Step 1/10: DICOM -> NIfTI (dcm2niix)

[Live Progress] Done: 1 | Remaining: 629 | Failed: 1 | ETA: 19060.5 min
  Active subjects:
    002_S_4171: Step 3/10: HD-BET skull stripping
    002_S_4225: Step 3/10: HD-BET skull stripping
    002_S_4229: Step 2/10: N4 bias field correction
    002_S_4270: Step 3/10: HD-BET skull stripping
    002_S_4447: Step 3/10: HD-BET skull stripping
    002_S_4473: Step 2/10: N4 bias field correction
    002_S_4654: Step 2/10: N4 bias field correction
    002_S_4746: Step 2/10: N4 bias field correction
    002_S_5018: Step 2/10: N4 bias field correction
    003_S_4288: Step 3/10: HD-BET skull stripping
    003_S_4350: Step 2/10: N4 bias field correction
    003_S_4441: Step 2/10: N4 bias field correction
    003_S_4872: Step 2/10: N4 bias field correction
    003_S_4900: Step 2/10: N4 bias field correction
    005_S_0221: Step 3/10: HD-BET skull stripping
    005_S_0222: Step 3/10: HD-BET skull stripping
    005_S_0546: Step 2/10: N4 bias field correction
    005_S_0610: Step 3/10: HD-BET skull stripping
    005_S_0929: Step 1/10: DICOM -> NIfTI (dcm2niix)

[Live Progress] Done: 1 | Remaining: 629 | Failed: 1 | ETA: 19071.4 min
  Active subjects:
    002_S_4171: Step 3/10: HD-BET skull stripping
    002_S_4225: Step 3/10: HD-BET skull stripping
    002_S_4229: Step 2/10: N4 bias field correction
    002_S_4270: Step 3/10: HD-BET skull stripping
    002_S_4447: Step 3/10: HD-BET skull stripping
    002_S_4473: Step 2/10: N4 bias field correction
    002_S_4654: Step 2/10: N4 bias field correction
    002_S_4746: Step 2/10: N4 bias field correction
    002_S_5018: Step 2/10: N4 bias field correction
    003_S_4288: Step 3/10: HD-BET skull stripping
    003_S_4350: Step 2/10: N4 bias field correction
    003_S_4441: Step 2/10: N4 bias field correction
    003_S_4872: Step 2/10: N4 bias field correction
    003_S_4900: Step 2/10: N4 bias field correction
    005_S_0221: Step 3/10: HD-BET skull stripping
    005_S_0222: Step 3/10: HD-BET skull stripping
    005_S_0546: Step 2/10: N4 bias field correction
    005_S_0610: Step 3/10: HD-BET skull stripping
    005_S_0929: Step 1/10: DICOM -> NIfTI (dcm2niix)

[Live Progress] Done: 1 | Remaining: 629 | Failed: 1 | ETA: 19451.0 min
  Active subjects:
    002_S_4171: Step 3/10: HD-BET skull stripping
    002_S_4225: Step 3/10: HD-BET skull stripping
    002_S_4229: Step 2/10: N4 bias field correction
    002_S_4270: Step 3/10: HD-BET skull stripping
    002_S_4447: Step 3/10: HD-BET skull stripping
    002_S_4473: Step 2/10: N4 bias field correction
    002_S_4654: Step 2/10: N4 bias field correction
    002_S_4746: Step 2/10: N4 bias field correction
    002_S_5018: Step 2/10: N4 bias field correction
    003_S_4288: Step 3/10: HD-BET skull stripping
    003_S_4350: Step 2/10: N4 bias field correction
    003_S_4441: Step 2/10: N4 bias field correction
    003_S_4872: Step 2/10: N4 bias field correction
    003_S_4900: Step 2/10: N4 bias field correction
    005_S_0221: Step 3/10: HD-BET skull stripping
    005_S_0222: Step 3/10: HD-BET skull stripping
    005_S_0546: Step 2/10: N4 bias field correction
    005_S_0610: Step 3/10: HD-BET skull stripping
    005_S_0929: Step 1/10: DICOM -> NIfTI (dcm2niix)

[Live Progress] Done: 1 | Remaining: 629 | Failed: 1 | ETA: 19461.8 min
  Active subjects:
    002_S_4171: Step 3/10: HD-BET skull stripping
    002_S_4225: Step 3/10: HD-BET skull stripping
    002_S_4229: Step 2/10: N4 bias field correction
    002_S_4270: Step 3/10: HD-BET skull stripping
    002_S_4447: Step 3/10: HD-BET skull stripping
    002_S_4473: Step 2/10: N4 bias field correction
    002_S_4654: Step 2/10: N4 bias field correction
    002_S_4746: Step 2/10: N4 bias field correction
    002_S_5018: Step 2/10: N4 bias field correction
    003_S_4288: Step 3/10: HD-BET skull stripping
    003_S_4350: Step 2/10: N4 bias field correction
    003_S_4441: Step 2/10: N4 bias field correction
    003_S_4872: Step 2/10: N4 bias field correction
    003_S_4900: Step 2/10: N4 bias field correction
    005_S_0221: Step 3/10: HD-BET skull stripping
    005_S_0222: Step 3/10: HD-BET skull stripping
    005_S_0546: Step 2/10: N4 bias field correction
    005_S_0610: Step 3/10: HD-BET skull stripping
    005_S_0929: Step 1/10: DICOM -> NIfTI (dcm2niix)

[Live Progress] Done: 1 | Remaining: 629 | Failed: 1 | ETA: 19472.4 min
  Active subjects:
    002_S_4171: Step 3/10: HD-BET skull stripping
    002_S_4225: Step 3/10: HD-BET skull stripping
    002_S_4229: Step 2/10: N4 bias field correction
    002_S_4270: Step 3/10: HD-BET skull stripping
    002_S_4447: Step 3/10: HD-BET skull stripping
    002_S_4473: Step 2/10: N4 bias field correction
    002_S_4654: Step 2/10: N4 bias field correction
    002_S_4746: Step 2/10: N4 bias field correction
    002_S_5018: Step 2/10: N4 bias field correction
    003_S_4288: Step 3/10: HD-BET skull stripping
    003_S_4350: Step 2/10: N4 bias field correction
    003_S_4441: Step 2/10: N4 bias field correction
    003_S_4872: Step 2/10: N4 bias field correction
    003_S_4900: Step 2/10: N4 bias field correction
    005_S_0221: Step 3/10: HD-BET skull stripping
    005_S_0222: Step 3/10: HD-BET skull stripping
    005_S_0546: Step 2/10: N4 bias field correction
    005_S_0610: Step 3/10: HD-BET skull stripping
    005_S_0929: Step 1/10: DICOM -> NIfTI (dcm2niix)

[Live Progress] Done: 1 | Remaining: 629 | Failed: 1 | ETA: 19483.0 min
  Active subjects:
    002_S_4171: Step 3/10: HD-BET skull stripping
    002_S_4225: Step 3/10: HD-BET skull stripping
    002_S_4229: Step 2/10: N4 bias field correction
    002_S_4270: Step 3/10: HD-BET skull stripping
    002_S_4447: Step 3/10: HD-BET skull stripping
    002_S_4473: Step 2/10: N4 bias field correction
    002_S_4654: Step 2/10: N4 bias field correction
    002_S_4746: Step 2/10: N4 bias field correction
    002_S_5018: Step 2/10: N4 bias field correction
    003_S_4288: Step 3/10: HD-BET skull stripping
    003_S_4350: Step 2/10: N4 bias field correction
    003_S_4441: Step 2/10: N4 bias field correction
    003_S_4872: Step 2/10: N4 bias field correction
    003_S_4900: Step 2/10: N4 bias field correction
    005_S_0221: Step 3/10: HD-BET skull stripping
    005_S_0222: Step 3/10: HD-BET skull stripping
    005_S_0546: Step 2/10: N4 bias field correction
    005_S_0610: Step 3/10: HD-BET skull stripping
    005_S_0929: Step 1/10: DICOM -> NIfTI (dcm2niix)

[Live Progress] Done: 1 | Remaining: 629 | Failed: 1 | ETA: 19493.6 min
  Active subjects:
    002_S_4171: Step 3/10: HD-BET skull stripping
    002_S_4225: Step 3/10: HD-BET skull stripping
    002_S_4229: Step 2/10: N4 bias field correction
    002_S_4270: Step 3/10: HD-BET skull stripping
    002_S_4447: Step 3/10: HD-BET skull stripping
    002_S_4473: Step 2/10: N4 bias field correction
    002_S_4654: Step 2/10: N4 bias field correction
    002_S_4746: Step 2/10: N4 bias field correction
    002_S_5018: Step 2/10: N4 bias field correction
    003_S_4288: Step 3/10: HD-BET skull stripping
    003_S_4350: Step 2/10: N4 bias field correction
    003_S_4441: Step 2/10: N4 bias field correction
    003_S_4872: Step 2/10: N4 bias field correction
    003_S_4900: Step 2/10: N4 bias field correction
    005_S_0221: Step 3/10: HD-BET skull stripping
    005_S_0222: Step 3/10: HD-BET skull stripping
    005_S_0546: Step 2/10: N4 bias field correction
    005_S_0610: Step 3/10: HD-BET skull stripping
    005_S_0929: Step 1/10: DICOM -> NIfTI (dcm2niix)

[Live Progress] Done: 1 | Remaining: 629 | Failed: 1 | ETA: 19504.1 min
  Active subjects:
    002_S_4171: Step 3/10: HD-BET skull stripping
    002_S_4225: Step 3/10: HD-BET skull stripping
    002_S_4229: Step 2/10: N4 bias field correction
    002_S_4270: Step 3/10: HD-BET skull stripping
    002_S_4447: Step 3/10: HD-BET skull stripping
    002_S_4473: Step 2/10: N4 bias field correction
    002_S_4654: Step 2/10: N4 bias field correction
    002_S_4746: Step 2/10: N4 bias field correction
    002_S_5018: Step 2/10: N4 bias field correction
    003_S_4288: Step 3/10: HD-BET skull stripping
    003_S_4350: Step 2/10: N4 bias field correction
    003_S_4441: Step 2/10: N4 bias field correction
    003_S_4872: Step 2/10: N4 bias field correction
    003_S_4900: Step 2/10: N4 bias field correction
    005_S_0221: Step 3/10: HD-BET skull stripping
    005_S_0222: Step 3/10: HD-BET skull stripping
    005_S_0546: Step 2/10: N4 bias field correction
    005_S_0610: Step 3/10: HD-BET skull stripping
    005_S_0929: Step 1/10: DICOM -> NIfTI (dcm2niix)

[Live Progress] Done: 1 | Remaining: 629 | Failed: 1 | ETA: 19514.7 min
  Active subjects:
    002_S_4171: Step 3/10: HD-BET skull stripping
    002_S_4225: Step 3/10: HD-BET skull stripping
    002_S_4229: Step 2/10: N4 bias field correction
    002_S_4270: Step 3/10: HD-BET skull stripping
    002_S_4447: Step 3/10: HD-BET skull stripping
    002_S_4473: Step 2/10: N4 bias field correction
    002_S_4654: Step 2/10: N4 bias field correction
    002_S_4746: Step 2/10: N4 bias field correction
    002_S_5018: Step 2/10: N4 bias field correction
    003_S_4288: Step 3/10: HD-BET skull stripping
    003_S_4350: Step 2/10: N4 bias field correction
    003_S_4441: Step 2/10: N4 bias field correction
    003_S_4872: Step 2/10: N4 bias field correction
    003_S_4900: Step 3/10: HD-BET skull stripping
    005_S_0221: Step 3/10: HD-BET skull stripping
    005_S_0222: Step 3/10: HD-BET skull stripping
    005_S_0546: Step 2/10: N4 bias field correction
    005_S_0610: Step 3/10: HD-BET skull stripping
    005_S_0929: Step 1/10: DICOM -> NIfTI (dcm2niix)

[Live Progress] Done: 1 | Remaining: 629 | Failed: 1 | ETA: 19525.3 min
  Active subjects:
    002_S_4171: Step 3/10: HD-BET skull stripping
    002_S_4225: Step 3/10: HD-BET skull stripping
    002_S_4229: Step 2/10: N4 bias field correction
    002_S_4270: Step 3/10: HD-BET skull stripping
    002_S_4447: Step 3/10: HD-BET skull stripping
    002_S_4473: Step 2/10: N4 bias field correction
    002_S_4654: Step 2/10: N4 bias field correction
    002_S_4746: Step 2/10: N4 bias field correction
    002_S_5018: Step 2/10: N4 bias field correction
    003_S_4288: Step 3/10: HD-BET skull stripping
    003_S_4350: Step 2/10: N4 bias field correction
    003_S_4441: Step 2/10: N4 bias field correction
    003_S_4872: Step 2/10: N4 bias field correction
    003_S_4900: Step 3/10: HD-BET skull stripping
    005_S_0221: Step 3/10: HD-BET skull stripping
    005_S_0222: Step 3/10: HD-BET skull stripping
    005_S_0546: Step 2/10: N4 bias field correction
    005_S_0610: Step 3/10: HD-BET skull stripping
    005_S_0929: Step 1/10: DICOM -> NIfTI (dcm2niix)

[Live Progress] Done: 1 | Remaining: 629 | Failed: 1 | ETA: 19535.8 min
  Active subjects:
    002_S_4171: Step 3/10: HD-BET skull stripping
    002_S_4225: Step 3/10: HD-BET skull stripping
    002_S_4229: Step 2/10: N4 bias field correction
    002_S_4270: Step 3/10: HD-BET skull stripping
    002_S_4447: Step 3/10: HD-BET skull stripping
    002_S_4473: Step 2/10: N4 bias field correction
    002_S_4654: Step 2/10: N4 bias field correction
    002_S_4746: Step 2/10: N4 bias field correction
    002_S_5018: Step 2/10: N4 bias field correction
    003_S_4288: Step 3/10: HD-BET skull stripping
    003_S_4350: Step 2/10: N4 bias field correction
    003_S_4441: Step 2/10: N4 bias field correction
    003_S_4872: Step 2/10: N4 bias field correction
    003_S_4900: Step 3/10: HD-BET skull stripping
    005_S_0221: Step 3/10: HD-BET skull stripping
    005_S_0222: Step 3/10: HD-BET skull stripping
    005_S_0546: Step 2/10: N4 bias field correction
    005_S_0610: Step 3/10: HD-BET skull stripping
    005_S_0929: Step 1/10: DICOM -> NIfTI (dcm2niix)

[Live Progress] Done: 1 | Remaining: 629 | Failed: 1 | ETA: 19546.5 min
  Active subjects:
    002_S_4171: Step 3/10: HD-BET skull stripping
    002_S_4225: Step 3/10: HD-BET skull stripping
    002_S_4229: Step 2/10: N4 bias field correction
    002_S_4270: Step 3/10: HD-BET skull stripping
    002_S_4447: Step 3/10: HD-BET skull stripping
    002_S_4473: Step 2/10: N4 bias field correction
    002_S_4654: Step 2/10: N4 bias field correction
    002_S_4746: Step 2/10: N4 bias field correction
    002_S_5018: Step 2/10: N4 bias field correction
    003_S_4288: Step 3/10: HD-BET skull stripping
    003_S_4350: Step 2/10: N4 bias field correction
    003_S_4441: Step 2/10: N4 bias field correction
    003_S_4872: Step 2/10: N4 bias field correction
    003_S_4900: Step 3/10: HD-BET skull stripping
    005_S_0221: Step 3/10: HD-BET skull stripping
    005_S_0222: Step 3/10: HD-BET skull stripping
    005_S_0546: Step 2/10: N4 bias field correction
    005_S_0610: Step 3/10: HD-BET skull stripping
    005_S_0929: Step 1/10: DICOM -> NIfTI (dcm2niix)

[Live Progress] Done: 1 | Remaining: 629 | Failed: 1 | ETA: 19557.0 min
  Active subjects:
    002_S_4171: Step 3/10: HD-BET skull stripping
    002_S_4225: Step 3/10: HD-BET skull stripping
    002_S_4229: Step 2/10: N4 bias field correction
    002_S_4270: Step 3/10: HD-BET skull stripping
    002_S_4447: Step 3/10: HD-BET skull stripping
    002_S_4473: Step 2/10: N4 bias field correction
    002_S_4654: Step 2/10: N4 bias field correction
    002_S_4746: Step 3/10: HD-BET skull stripping
    002_S_5018: Step 2/10: N4 bias field correction
    003_S_4288: Step 3/10: HD-BET skull stripping
    003_S_4350: Step 2/10: N4 bias field correction
    003_S_4441: Step 2/10: N4 bias field correction
    003_S_4872: Step 2/10: N4 bias field correction
    003_S_4900: Step 3/10: HD-BET skull stripping
    005_S_0221: Step 3/10: HD-BET skull stripping
    005_S_0222: Step 3/10: HD-BET skull stripping
    005_S_0546: Step 2/10: N4 bias field correction
    005_S_0610: Step 3/10: HD-BET skull stripping
    005_S_0929: Step 1/10: DICOM -> NIfTI (dcm2niix)

[Live Progress] Done: 1 | Remaining: 629 | Failed: 1 | ETA: 19567.6 min
  Active subjects:
    002_S_4171: Step 3/10: HD-BET skull stripping
    002_S_4225: Step 3/10: HD-BET skull stripping
    002_S_4229: Step 2/10: N4 bias field correction
    002_S_4270: Step 3/10: HD-BET skull stripping
    002_S_4447: Step 3/10: HD-BET skull stripping
    002_S_4473: Step 2/10: N4 bias field correction
    002_S_4654: Step 2/10: N4 bias field correction
    002_S_4746: Step 3/10: HD-BET skull stripping
    002_S_5018: Step 2/10: N4 bias field correction
    003_S_4288: Step 3/10: HD-BET skull stripping
    003_S_4350: Step 2/10: N4 bias field correction
    003_S_4441: Step 2/10: N4 bias field correction
    003_S_4872: Step 2/10: N4 bias field correction
    003_S_4900: Step 3/10: HD-BET skull stripping
    005_S_0221: Step 3/10: HD-BET skull stripping
    005_S_0222: Step 3/10: HD-BET skull stripping
    005_S_0546: Step 2/10: N4 bias field correction
    005_S_0610: Step 3/10: HD-BET skull stripping
    005_S_0929: Step 1/10: DICOM -> NIfTI (dcm2niix)

[Live Progress] Done: 1 | Remaining: 629 | Failed: 1 | ETA: 19578.2 min
  Active subjects:
    002_S_4171: Step 3/10: HD-BET skull stripping
    002_S_4225: Step 3/10: HD-BET skull stripping
    002_S_4229: Step 2/10: N4 bias field correction
    002_S_4270: Step 3/10: HD-BET skull stripping
    002_S_4447: Step 3/10: HD-BET skull stripping
    002_S_4473: Step 2/10: N4 bias field correction
    002_S_4654: Step 2/10: N4 bias field correction
    002_S_4746: Step 3/10: HD-BET skull stripping
    002_S_5018: Step 2/10: N4 bias field correction
    003_S_4288: Step 3/10: HD-BET skull stripping
    003_S_4350: Step 2/10: N4 bias field correction
    003_S_4441: Step 2/10: N4 bias field correction
    003_S_4872: Step 2/10: N4 bias field correction
    003_S_4900: Step 3/10: HD-BET skull stripping
    005_S_0221: Step 3/10: HD-BET skull stripping
    005_S_0222: Step 3/10: HD-BET skull stripping
    005_S_0546: Step 2/10: N4 bias field correction
    005_S_0610: Step 3/10: HD-BET skull stripping
    005_S_0929: Step 1/10: DICOM -> NIfTI (dcm2niix)

[Live Progress] Done: 1 | Remaining: 629 | Failed: 1 | ETA: 19588.7 min
  Active subjects:
    002_S_4171: Step 3/10: HD-BET skull stripping
    002_S_4225: Step 3/10: HD-BET skull stripping
    002_S_4229: Step 2/10: N4 bias field correction
    002_S_4270: Step 3/10: HD-BET skull stripping
    002_S_4447: Step 3/10: HD-BET skull stripping
    002_S_4473: Step 2/10: N4 bias field correction
    002_S_4654: Step 2/10: N4 bias field correction
    002_S_4746: Step 3/10: HD-BET skull stripping
    002_S_5018: Step 2/10: N4 bias field correction
    003_S_4288: Step 3/10: HD-BET skull stripping
    003_S_4350: Step 2/10: N4 bias field correction
    003_S_4441: Step 2/10: N4 bias field correction
    003_S_4872: Step 2/10: N4 bias field correction
    003_S_4900: Step 3/10: HD-BET skull stripping
    005_S_0221: Step 3/10: HD-BET skull stripping
    005_S_0222: Step 3/10: HD-BET skull stripping
    005_S_0546: Step 2/10: N4 bias field correction
    005_S_0610: Step 3/10: HD-BET skull stripping
    005_S_0929: Step 1/10: DICOM -> NIfTI (dcm2niix)

[Live Progress] Done: 1 | Remaining: 629 | Failed: 1 | ETA: 19599.4 min
  Active subjects:
    002_S_4171: Step 3/10: HD-BET skull stripping
    002_S_4225: Step 3/10: HD-BET skull stripping
    002_S_4229: Step 2/10: N4 bias field correction
    002_S_4270: Step 3/10: HD-BET skull stripping
    002_S_4447: Step 3/10: HD-BET skull stripping
    002_S_4473: Step 2/10: N4 bias field correction
    002_S_4654: Step 2/10: N4 bias field correction
    002_S_4746: Step 3/10: HD-BET skull stripping
    002_S_5018: Step 2/10: N4 bias field correction
    003_S_4288: Step 3/10: HD-BET skull stripping
    003_S_4350: Step 2/10: N4 bias field correction
    003_S_4441: Step 2/10: N4 bias field correction
    003_S_4872: Step 2/10: N4 bias field correction
    003_S_4900: Step 3/10: HD-BET skull stripping
    005_S_0221: Step 3/10: HD-BET skull stripping
    005_S_0222: Step 3/10: HD-BET skull stripping
    005_S_0546: Step 2/10: N4 bias field correction
    005_S_0610: Step 3/10: HD-BET skull stripping
    005_S_0929: Step 1/10: DICOM -> NIfTI (dcm2niix)

[Live Progress] Done: 1 | Remaining: 629 | Failed: 1 | ETA: 19610.0 min
  Active subjects:
    002_S_4171: Step 3/10: HD-BET skull stripping
    002_S_4225: Step 3/10: HD-BET skull stripping
    002_S_4229: Step 2/10: N4 bias field correction
    002_S_4270: Step 3/10: HD-BET skull stripping
    002_S_4447: Step 3/10: HD-BET skull stripping
    002_S_4473: Step 2/10: N4 bias field correction
    002_S_4654: Step 2/10: N4 bias field correction
    002_S_4746: Step 3/10: HD-BET skull stripping
    002_S_5018: Step 2/10: N4 bias field correction
    003_S_4288: Step 3/10: HD-BET skull stripping
    003_S_4350: Step 2/10: N4 bias field correction
    003_S_4441: Step 2/10: N4 bias field correction
    003_S_4872: Step 2/10: N4 bias field correction
    003_S_4900: Step 3/10: HD-BET skull stripping
    005_S_0221: Step 3/10: HD-BET skull stripping
    005_S_0222: Step 3/10: HD-BET skull stripping
    005_S_0546: Step 2/10: N4 bias field correction
    005_S_0610: Step 3/10: HD-BET skull stripping
    005_S_0929: Step 1/10: DICOM -> NIfTI (dcm2niix)

[Live Progress] Done: 1 | Remaining: 629 | Failed: 1 | ETA: 19620.5 min
  Active subjects:
    002_S_4171: Step 3/10: HD-BET skull stripping
    002_S_4225: Step 3/10: HD-BET skull stripping
    002_S_4229: Step 2/10: N4 bias field correction
    002_S_4270: Step 3/10: HD-BET skull stripping
    002_S_4447: Step 3/10: HD-BET skull stripping
    002_S_4473: Step 2/10: N4 bias field correction
    002_S_4654: Step 2/10: N4 bias field correction
    002_S_4746: Step 3/10: HD-BET skull stripping
    002_S_5018: Step 2/10: N4 bias field correction
    003_S_4288: Step 3/10: HD-BET skull stripping
    003_S_4350: Step 2/10: N4 bias field correction
    003_S_4441: Step 2/10: N4 bias field correction
    003_S_4872: Step 2/10: N4 bias field correction
    003_S_4900: Step 3/10: HD-BET skull stripping
    005_S_0221: Step 3/10: HD-BET skull stripping
    005_S_0222: Step 3/10: HD-BET skull stripping
    005_S_0546: Step 2/10: N4 bias field correction
    005_S_0610: Step 3/10: HD-BET skull stripping
    005_S_0929: Step 1/10: DICOM -> NIfTI (dcm2niix)

[Live Progress] Done: 1 | Remaining: 629 | Failed: 1 | ETA: 19631.2 min
  Active subjects:
    002_S_4171: Step 3/10: HD-BET skull stripping
    002_S_4225: Step 3/10: HD-BET skull stripping
    002_S_4229: Step 2/10: N4 bias field correction
    002_S_4270: Step 3/10: HD-BET skull stripping
    002_S_4447: Step 3/10: HD-BET skull stripping
    002_S_4473: Step 2/10: N4 bias field correction
    002_S_4654: Step 2/10: N4 bias field correction
    002_S_4746: Step 3/10: HD-BET skull stripping
    002_S_5018: Step 2/10: N4 bias field correction
    003_S_4288: Step 3/10: HD-BET skull stripping
    003_S_4350: Step 2/10: N4 bias field correction
    003_S_4441: Step 2/10: N4 bias field correction
    003_S_4872: Step 2/10: N4 bias field correction
    003_S_4900: Step 3/10: HD-BET skull stripping
    005_S_0221: Step 3/10: HD-BET skull stripping
    005_S_0222: Step 3/10: HD-BET skull stripping
    005_S_0546: Step 2/10: N4 bias field correction
    005_S_0610: Step 3/10: HD-BET skull stripping
    005_S_0929: Step 1/10: DICOM -> NIfTI (dcm2niix)

[Live Progress] Done: 1 | Remaining: 629 | Failed: 1 | ETA: 19641.7 min
  Active subjects:
    002_S_4171: Step 3/10: HD-BET skull stripping
    002_S_4225: Step 3/10: HD-BET skull stripping
    002_S_4229: Step 2/10: N4 bias field correction
    002_S_4270: Step 3/10: HD-BET skull stripping
    002_S_4447: Step 3/10: HD-BET skull stripping
    002_S_4473: Step 2/10: N4 bias field correction
    002_S_4654: Step 2/10: N4 bias field correction
    002_S_4746: Step 3/10: HD-BET skull stripping
    002_S_5018: Step 2/10: N4 bias field correction
    003_S_4288: Step 3/10: HD-BET skull stripping
    003_S_4350: Step 2/10: N4 bias field correction
    003_S_4441: Step 2/10: N4 bias field correction
    003_S_4872: Step 2/10: N4 bias field correction
    003_S_4900: Step 3/10: HD-BET skull stripping
    005_S_0221: Step 3/10: HD-BET skull stripping
    005_S_0222: Step 3/10: HD-BET skull stripping
    005_S_0546: Step 2/10: N4 bias field correction
    005_S_0610: Step 3/10: HD-BET skull stripping
    005_S_0929: Step 1/10: DICOM -> NIfTI (dcm2niix)

[Live Progress] Done: 1 | Remaining: 629 | Failed: 1 | ETA: 19652.3 min
  Active subjects:
    002_S_4171: Step 3/10: HD-BET skull stripping
    002_S_4225: Step 3/10: HD-BET skull stripping
    002_S_4229: Step 2/10: N4 bias field correction
    002_S_4270: Step 3/10: HD-BET skull stripping
    002_S_4447: Step 3/10: HD-BET skull stripping
    002_S_4473: Step 2/10: N4 bias field correction
    002_S_4654: Step 2/10: N4 bias field correction
    002_S_4746: Step 3/10: HD-BET skull stripping
    002_S_5018: Step 2/10: N4 bias field correction
    003_S_4288: Step 3/10: HD-BET skull stripping
    003_S_4350: Step 2/10: N4 bias field correction
    003_S_4441: Step 2/10: N4 bias field correction
    003_S_4872: Step 2/10: N4 bias field correction
    003_S_4900: Step 3/10: HD-BET skull stripping
    005_S_0221: Step 3/10: HD-BET skull stripping
    005_S_0222: Step 3/10: HD-BET skull stripping
    005_S_0546: Step 2/10: N4 bias field correction
    005_S_0610: Step 3/10: HD-BET skull stripping
    005_S_0929: Step 1/10: DICOM -> NIfTI (dcm2niix)

[Live Progress] Done: 1 | Remaining: 629 | Failed: 1 | ETA: 19662.9 min
  Active subjects:
    002_S_4171: Step 3/10: HD-BET skull stripping
    002_S_4225: Step 3/10: HD-BET skull stripping
    002_S_4229: Step 2/10: N4 bias field correction
    002_S_4270: Step 3/10: HD-BET skull stripping
    002_S_4447: Step 3/10: HD-BET skull stripping
    002_S_4473: Step 2/10: N4 bias field correction
    002_S_4654: Step 2/10: N4 bias field correction
    002_S_4746: Step 3/10: HD-BET skull stripping
    002_S_5018: Step 2/10: N4 bias field correction
    003_S_4288: Step 3/10: HD-BET skull stripping
    003_S_4350: Step 2/10: N4 bias field correction
    003_S_4441: Step 2/10: N4 bias field correction
    003_S_4872: Step 2/10: N4 bias field correction
    003_S_4900: Step 3/10: HD-BET skull stripping
    005_S_0221: Step 3/10: HD-BET skull stripping
    005_S_0222: Step 3/10: HD-BET skull stripping
    005_S_0546: Step 2/10: N4 bias field correction
    005_S_0610: Step 3/10: HD-BET skull stripping
    005_S_0929: Step 1/10: DICOM -> NIfTI (dcm2niix)

[Live Progress] Done: 1 | Remaining: 629 | Failed: 1 | ETA: 19673.4 min
  Active subjects:
    002_S_4171: Step 3/10: HD-BET skull stripping
    002_S_4225: Step 3/10: HD-BET skull stripping
    002_S_4229: Step 2/10: N4 bias field correction
    002_S_4270: Step 3/10: HD-BET skull stripping
    002_S_4447: Step 3/10: HD-BET skull stripping
    002_S_4473: Step 2/10: N4 bias field correction
    002_S_4654: Step 2/10: N4 bias field correction
    002_S_4746: Step 3/10: HD-BET skull stripping
    002_S_5018: Step 2/10: N4 bias field correction
    003_S_4288: Step 3/10: HD-BET skull stripping
    003_S_4350: Step 2/10: N4 bias field correction
    003_S_4441: Step 2/10: N4 bias field correction
    003_S_4872: Step 2/10: N4 bias field correction
    003_S_4900: Step 3/10: HD-BET skull stripping
    005_S_0221: Step 3/10: HD-BET skull stripping
    005_S_0222: Step 3/10: HD-BET skull stripping
    005_S_0546: Step 2/10: N4 bias field correction
    005_S_0610: Step 3/10: HD-BET skull stripping
    005_S_0929: Step 1/10: DICOM -> NIfTI (dcm2niix)

[Live Progress] Done: 1 | Remaining: 629 | Failed: 1 | ETA: 19684.0 min
  Active subjects:
    002_S_4171: Step 3/10: HD-BET skull stripping
    002_S_4225: Step 3/10: HD-BET skull stripping
    002_S_4229: Step 2/10: N4 bias field correction
    002_S_4270: Step 3/10: HD-BET skull stripping
    002_S_4447: Step 3/10: HD-BET skull stripping
    002_S_4473: Step 2/10: N4 bias field correction
    002_S_4654: Step 2/10: N4 bias field correction
    002_S_4746: Step 3/10: HD-BET skull stripping
    002_S_5018: Step 2/10: N4 bias field correction
    003_S_4288: Step 3/10: HD-BET skull stripping
    003_S_4350: Step 2/10: N4 bias field correction
    003_S_4441: Step 2/10: N4 bias field correction
    003_S_4872: Step 2/10: N4 bias field correction
    003_S_4900: Step 3/10: HD-BET skull stripping
    005_S_0221: Step 3/10: HD-BET skull stripping
    005_S_0222: Step 3/10: HD-BET skull stripping
    005_S_0546: Step 2/10: N4 bias field correction
    005_S_0610: Step 3/10: HD-BET skull stripping
    005_S_0929: Step 2/10: N4 bias field correction

[Live Progress] Done: 1 | Remaining: 629 | Failed: 1 | ETA: 19694.5 min
  Active subjects:
    002_S_4171: Step 3/10: HD-BET skull stripping
    002_S_4225: Step 3/10: HD-BET skull stripping
    002_S_4229: Step 2/10: N4 bias field correction
    002_S_4270: Step 3/10: HD-BET skull stripping
    002_S_4447: Step 3/10: HD-BET skull stripping
    002_S_4473: Step 2/10: N4 bias field correction
    002_S_4654: Step 2/10: N4 bias field correction
    002_S_4746: Step 3/10: HD-BET skull stripping
    002_S_5018: Step 2/10: N4 bias field correction
    003_S_4288: Step 3/10: HD-BET skull stripping
    003_S_4350: Step 2/10: N4 bias field correction
    003_S_4441: Step 2/10: N4 bias field correction
    003_S_4872: Step 2/10: N4 bias field correction
    003_S_4900: Step 3/10: HD-BET skull stripping
    005_S_0221: Step 3/10: HD-BET skull stripping
    005_S_0222: Step 3/10: HD-BET skull stripping
    005_S_0546: Step 2/10: N4 bias field correction
    005_S_0610: Step 3/10: HD-BET skull stripping
    005_S_0929: Step 2/10: N4 bias field correction

[Live Progress] Done: 1 | Remaining: 629 | Failed: 1 | ETA: 19705.0 min
  Active subjects:
    002_S_4171: Step 3/10: HD-BET skull stripping
    002_S_4225: Step 3/10: HD-BET skull stripping
    002_S_4229: Step 2/10: N4 bias field correction
    002_S_4270: Step 3/10: HD-BET skull stripping
    002_S_4447: Step 3/10: HD-BET skull stripping
    002_S_4473: Step 2/10: N4 bias field correction
    002_S_4654: Step 2/10: N4 bias field correction
    002_S_4746: Step 3/10: HD-BET skull stripping
    002_S_5018: Step 2/10: N4 bias field correction
    003_S_4288: Step 3/10: HD-BET skull stripping
    003_S_4350: Step 2/10: N4 bias field correction
    003_S_4441: Step 2/10: N4 bias field correction
    003_S_4872: Step 2/10: N4 bias field correction
    003_S_4900: Step 3/10: HD-BET skull stripping
    005_S_0221: Step 3/10: HD-BET skull stripping
    005_S_0222: Step 3/10: HD-BET skull stripping
    005_S_0546: Step 2/10: N4 bias field correction
    005_S_0610: Step 3/10: HD-BET skull stripping
    005_S_0929: Step 2/10: N4 bias field correction

[Live Progress] Done: 1 | Remaining: 629 | Failed: 1 | ETA: 19716.0 min
  Active subjects:
    002_S_4171: Step 3/10: HD-BET skull stripping
    002_S_4225: Step 3/10: HD-BET skull stripping
    002_S_4229: Step 2/10: N4 bias field correction
    002_S_4270: Step 3/10: HD-BET skull stripping
    002_S_4447: Step 3/10: HD-BET skull stripping
    002_S_4473: Step 2/10: N4 bias field correction
    002_S_4654: Step 2/10: N4 bias field correction
    002_S_4746: Step 3/10: HD-BET skull stripping
    002_S_5018: Step 2/10: N4 bias field correction
    003_S_4288: Step 3/10: HD-BET skull stripping
    003_S_4350: Step 2/10: N4 bias field correction
    003_S_4441: Step 2/10: N4 bias field correction
    003_S_4872: Step 2/10: N4 bias field correction
    003_S_4900: Step 3/10: HD-BET skull stripping
    005_S_0221: Step 3/10: HD-BET skull stripping
    005_S_0222: Step 3/10: HD-BET skull stripping
    005_S_0546: Step 2/10: N4 bias field correction
    005_S_0610: Step 3/10: HD-BET skull stripping
    005_S_0929: Step 2/10: N4 bias field correction

[Live Progress] Done: 1 | Remaining: 629 | Failed: 1 | ETA: 19727.4 min
  Active subjects:
    002_S_4171: Step 3/10: HD-BET skull stripping
    002_S_4225: Step 3/10: HD-BET skull stripping
    002_S_4229: Step 2/10: N4 bias field correction
    002_S_4270: Step 3/10: HD-BET skull stripping
    002_S_4447: Step 3/10: HD-BET skull stripping
    002_S_4473: Step 2/10: N4 bias field correction
    002_S_4654: Step 2/10: N4 bias field correction
    002_S_4746: Step 3/10: HD-BET skull stripping
    002_S_5018: Step 2/10: N4 bias field correction
    003_S_4288: Step 3/10: HD-BET skull stripping
    003_S_4350: Step 2/10: N4 bias field correction
    003_S_4441: Step 2/10: N4 bias field correction
    003_S_4872: Step 2/10: N4 bias field correction
    003_S_4900: Step 3/10: HD-BET skull stripping
    005_S_0221: Step 3/10: HD-BET skull stripping
    005_S_0222: Step 3/10: HD-BET skull stripping
    005_S_0546: Step 2/10: N4 bias field correction
    005_S_0610: Step 3/10: HD-BET skull stripping
    005_S_0929: Step 2/10: N4 bias field correction

[Live Progress] Done: 1 | Remaining: 629 | Failed: 1 | ETA: 19738.2 min
  Active subjects:
    002_S_4171: Step 3/10: HD-BET skull stripping
    002_S_4225: Step 3/10: HD-BET skull stripping
    002_S_4229: Step 2/10: N4 bias field correction
    002_S_4270: Step 3/10: HD-BET skull stripping
    002_S_4447: Step 3/10: HD-BET skull stripping
    002_S_4473: Step 2/10: N4 bias field correction
    002_S_4654: Step 2/10: N4 bias field correction
    002_S_4746: Step 3/10: HD-BET skull stripping
    002_S_5018: Step 2/10: N4 bias field correction
    003_S_4288: Step 3/10: HD-BET skull stripping
    003_S_4350: Step 2/10: N4 bias field correction
    003_S_4441: Step 2/10: N4 bias field correction
    003_S_4872: Step 2/10: N4 bias field correction
    003_S_4900: Step 3/10: HD-BET skull stripping
    005_S_0221: Step 3/10: HD-BET skull stripping
    005_S_0222: Step 3/10: HD-BET skull stripping
    005_S_0546: Step 2/10: N4 bias field correction
    005_S_0610: Step 3/10: HD-BET skull stripping
    005_S_0929: Step 2/10: N4 bias field correction

[Live Progress] Done: 1 | Remaining: 629 | Failed: 1 | ETA: 19749.5 min
  Active subjects:
    002_S_4171: Step 3/10: HD-BET skull stripping
    002_S_4225: Step 3/10: HD-BET skull stripping
    002_S_4229: Step 2/10: N4 bias field correction
    002_S_4270: Step 3/10: HD-BET skull stripping
    002_S_4447: Step 3/10: HD-BET skull stripping
    002_S_4473: Step 2/10: N4 bias field correction
    002_S_4654: Step 2/10: N4 bias field correction
    002_S_4746: Step 3/10: HD-BET skull stripping
    002_S_5018: Step 2/10: N4 bias field correction
    003_S_4288: Step 3/10: HD-BET skull stripping
    003_S_4350: Step 2/10: N4 bias field correction
    003_S_4441: Step 2/10: N4 bias field correction
    003_S_4872: Step 2/10: N4 bias field correction
    003_S_4900: Step 3/10: HD-BET skull stripping
    005_S_0221: Step 3/10: HD-BET skull stripping
    005_S_0222: Step 3/10: HD-BET skull stripping
    005_S_0546: Step 2/10: N4 bias field correction
    005_S_0610: Step 3/10: HD-BET skull stripping
    005_S_0929: Step 2/10: N4 bias field correction

[Live Progress] Done: 1 | Remaining: 629 | Failed: 1 | ETA: 19766.7 min
  Active subjects:
    002_S_4171: Step 3/10: HD-BET skull stripping
    002_S_4225: Step 3/10: HD-BET skull stripping
    002_S_4229: Step 2/10: N4 bias field correction
    002_S_4270: Step 3/10: HD-BET skull stripping
    002_S_4447: Step 3/10: HD-BET skull stripping
    002_S_4473: Step 2/10: N4 bias field correction
    002_S_4654: Step 2/10: N4 bias field correction
    002_S_4746: Step 3/10: HD-BET skull stripping
    002_S_5018: Step 2/10: N4 bias field correction
    003_S_4288: Step 3/10: HD-BET skull stripping
    003_S_4350: Step 2/10: N4 bias field correction
    003_S_4441: Step 2/10: N4 bias field correction
    003_S_4872: Step 2/10: N4 bias field correction
    003_S_4900: Step 3/10: HD-BET skull stripping
    005_S_0221: Step 3/10: HD-BET skull stripping
    005_S_0222: Step 3/10: HD-BET skull stripping
    005_S_0546: Step 2/10: N4 bias field correction
    005_S_0610: Step 3/10: HD-BET skull stripping
    005_S_0929: Step 2/10: N4 bias field correction

[Live Progress] Done: 1 | Remaining: 629 | Failed: 1 | ETA: 19785.1 min
  Active subjects:
    002_S_4171: Step 3/10: HD-BET skull stripping
    002_S_4225: Step 3/10: HD-BET skull stripping
    002_S_4229: Step 2/10: N4 bias field correction
    002_S_4270: Step 3/10: HD-BET skull stripping
    002_S_4447: Step 3/10: HD-BET skull stripping
    002_S_4473: Step 2/10: N4 bias field correction
    002_S_4654: Step 2/10: N4 bias field correction
    002_S_4746: Step 3/10: HD-BET skull stripping
    002_S_5018: Step 2/10: N4 bias field correction
    003_S_4288: Step 3/10: HD-BET skull stripping
    003_S_4350: Step 2/10: N4 bias field correction
    003_S_4441: Step 2/10: N4 bias field correction
    003_S_4872: Step 2/10: N4 bias field correction
    003_S_4900: Step 3/10: HD-BET skull stripping
    005_S_0221: Step 3/10: HD-BET skull stripping
    005_S_0222: Step 3/10: HD-BET skull stripping
    005_S_0546: Step 2/10: N4 bias field correction
    005_S_0610: Step 3/10: HD-BET skull stripping
    005_S_0929: Step 2/10: N4 bias field correction

[Live Progress] Done: 1 | Remaining: 629 | Failed: 1 | ETA: 19808.4 min
  Active subjects:
    002_S_4171: Step 3/10: HD-BET skull stripping
    002_S_4225: Step 3/10: HD-BET skull stripping
    002_S_4229: Step 2/10: N4 bias field correction
    002_S_4270: Step 3/10: HD-BET skull stripping
    002_S_4447: Step 3/10: HD-BET skull stripping
    002_S_4473: Step 2/10: N4 bias field correction
    002_S_4654: Step 2/10: N4 bias field correction
    002_S_4746: Step 3/10: HD-BET skull stripping
    002_S_5018: Step 2/10: N4 bias field correction
    003_S_4288: Step 3/10: HD-BET skull stripping
    003_S_4350: Step 2/10: N4 bias field correction
    003_S_4441: Step 2/10: N4 bias field correction
    003_S_4872: Step 2/10: N4 bias field correction
    003_S_4900: Step 3/10: HD-BET skull stripping
    005_S_0221: Step 3/10: HD-BET skull stripping
    005_S_0222: Step 3/10: HD-BET skull stripping
    005_S_0546: Step 2/10: N4 bias field correction
    005_S_0610: Step 3/10: HD-BET skull stripping
    005_S_0929: Step 2/10: N4 bias field correction

[Live Progress] Done: 1 | Remaining: 629 | Failed: 1 | ETA: 19836.9 min
  Active subjects:
    002_S_4171: Step 3/10: HD-BET skull stripping
    002_S_4225: Step 3/10: HD-BET skull stripping
    002_S_4229: Step 2/10: N4 bias field correction
    002_S_4270: Step 3/10: HD-BET skull stripping
    002_S_4447: Step 3/10: HD-BET skull stripping
    002_S_4473: Step 2/10: N4 bias field correction
    002_S_4654: Step 2/10: N4 bias field correction
    002_S_4746: Step 3/10: HD-BET skull stripping
    002_S_5018: Step 2/10: N4 bias field correction
    003_S_4288: Step 3/10: HD-BET skull stripping
    003_S_4350: Step 2/10: N4 bias field correction
    003_S_4441: Step 2/10: N4 bias field correction
    003_S_4872: Step 2/10: N4 bias field correction
    003_S_4900: Step 3/10: HD-BET skull stripping
    005_S_0221: Step 3/10: HD-BET skull stripping
    005_S_0222: Step 3/10: HD-BET skull stripping
    005_S_0546: Step 2/10: N4 bias field correction
    005_S_0610: Step 3/10: HD-BET skull stripping
    005_S_0929: Step 2/10: N4 bias field correction

[Live Progress] Done: 1 | Remaining: 629 | Failed: 1 | ETA: 19866.8 min
  Active subjects:
    002_S_4171: Step 3/10: HD-BET skull stripping
    002_S_4225: Step 3/10: HD-BET skull stripping
    002_S_4229: Step 2/10: N4 bias field correction
    002_S_4270: Step 3/10: HD-BET skull stripping
    002_S_4447: Step 3/10: HD-BET skull stripping
    002_S_4473: Step 2/10: N4 bias field correction
    002_S_4654: Step 2/10: N4 bias field correction
    002_S_4746: Step 3/10: HD-BET skull stripping
    002_S_5018: Step 2/10: N4 bias field correction
    003_S_4288: Step 3/10: HD-BET skull stripping
    003_S_4350: Step 2/10: N4 bias field correction
    003_S_4441: Step 2/10: N4 bias field correction
    003_S_4872: Step 2/10: N4 bias field correction
    003_S_4900: Step 3/10: HD-BET skull stripping
    005_S_0221: Step 3/10: HD-BET skull stripping
    005_S_0222: Step 3/10: HD-BET skull stripping
    005_S_0546: Step 2/10: N4 bias field correction
    005_S_0610: Step 3/10: HD-BET skull stripping
    005_S_0929: Step 2/10: N4 bias field correction

[Live Progress] Done: 1 | Remaining: 629 | Failed: 1 | ETA: 19883.1 min
  Active subjects:
    002_S_4171: Step 3/10: HD-BET skull stripping
    002_S_4225: Step 3/10: HD-BET skull stripping
    002_S_4229: Step 2/10: N4 bias field correction
    002_S_4270: Step 3/10: HD-BET skull stripping
    002_S_4447: Step 3/10: HD-BET skull stripping
    002_S_4473: Step 2/10: N4 bias field correction
    002_S_4654: Step 2/10: N4 bias field correction
    002_S_4746: Step 3/10: HD-BET skull stripping
    002_S_5018: Step 2/10: N4 bias field correction
    003_S_4288: Step 3/10: HD-BET skull stripping
    003_S_4350: Step 2/10: N4 bias field correction
    003_S_4441: Step 2/10: N4 bias field correction
    003_S_4872: Step 2/10: N4 bias field correction
    003_S_4900: Step 3/10: HD-BET skull stripping
    005_S_0221: Step 3/10: HD-BET skull stripping
    005_S_0222: Step 3/10: HD-BET skull stripping
    005_S_0546: Step 2/10: N4 bias field correction
    005_S_0610: Step 3/10: HD-BET skull stripping
    005_S_0929: Step 2/10: N4 bias field correction

[Live Progress] Done: 1 | Remaining: 629 | Failed: 1 | ETA: 19912.0 min
  Active subjects:
    002_S_4171: Step 3/10: HD-BET skull stripping
    002_S_4225: Step 3/10: HD-BET skull stripping
    002_S_4229: Step 2/10: N4 bias field correction
    002_S_4270: Step 3/10: HD-BET skull stripping
    002_S_4447: Step 3/10: HD-BET skull stripping
    002_S_4473: Step 2/10: N4 bias field correction
    002_S_4654: Step 2/10: N4 bias field correction
    002_S_4746: Step 3/10: HD-BET skull stripping
    002_S_5018: Step 2/10: N4 bias field correction
    003_S_4288: Step 3/10: HD-BET skull stripping
    003_S_4350: Step 2/10: N4 bias field correction
    003_S_4441: Step 2/10: N4 bias field correction
    003_S_4872: Step 2/10: N4 bias field correction
    003_S_4900: Step 3/10: HD-BET skull stripping
    005_S_0221: Step 3/10: HD-BET skull stripping
    005_S_0222: Step 3/10: HD-BET skull stripping
    005_S_0546: Step 2/10: N4 bias field correction
    005_S_0610: Step 3/10: HD-BET skull stripping
    005_S_0929: Step 2/10: N4 bias field correction

[Live Progress] Done: 1 | Remaining: 629 | Failed: 1 | ETA: 19928.6 min
  Active subjects:
    002_S_4171: Step 3/10: HD-BET skull stripping
    002_S_4225: Step 3/10: HD-BET skull stripping
    002_S_4229: Step 2/10: N4 bias field correction
    002_S_4270: Step 3/10: HD-BET skull stripping
    002_S_4447: Step 3/10: HD-BET skull stripping
    002_S_4473: Step 2/10: N4 bias field correction
    002_S_4654: Step 2/10: N4 bias field correction
    002_S_4746: Step 3/10: HD-BET skull stripping
    002_S_5018: Step 2/10: N4 bias field correction
    003_S_4288: Step 3/10: HD-BET skull stripping
    003_S_4350: Step 2/10: N4 bias field correction
    003_S_4441: Step 2/10: N4 bias field correction
    003_S_4872: Step 2/10: N4 bias field correction
    003_S_4900: Step 3/10: HD-BET skull stripping
    005_S_0221: Step 3/10: HD-BET skull stripping
    005_S_0222: Step 3/10: HD-BET skull stripping
    005_S_0546: Step 2/10: N4 bias field correction
    005_S_0610: Step 3/10: HD-BET skull stripping
    005_S_0929: Step 2/10: N4 bias field correction

[Live Progress] Done: 1 | Remaining: 629 | Failed: 1 | ETA: 19945.7 min
  Active subjects:
    002_S_4171: Step 3/10: HD-BET skull stripping
    002_S_4225: Step 3/10: HD-BET skull stripping
    002_S_4229: Step 2/10: N4 bias field correction
    002_S_4270: Step 3/10: HD-BET skull stripping
    002_S_4447: Step 3/10: HD-BET skull stripping
    002_S_4473: Step 2/10: N4 bias field correction
    002_S_4654: Step 2/10: N4 bias field correction
    002_S_4746: Step 3/10: HD-BET skull stripping
    002_S_5018: Step 2/10: N4 bias field correction
    003_S_4288: Step 3/10: HD-BET skull stripping
    003_S_4350: Step 2/10: N4 bias field correction
    003_S_4441: Step 2/10: N4 bias field correction
    003_S_4872: Step 2/10: N4 bias field correction
    003_S_4900: Step 3/10: HD-BET skull stripping
    005_S_0221: Step 3/10: HD-BET skull stripping
    005_S_0222: Step 3/10: HD-BET skull stripping
    005_S_0546: Step 2/10: N4 bias field correction
    005_S_0610: Step 3/10: HD-BET skull stripping
    005_S_0929: Step 2/10: N4 bias field correction

[Live Progress] Done: 1 | Remaining: 629 | Failed: 1 | ETA: 19966.3 min
  Active subjects:
    002_S_4171: Step 3/10: HD-BET skull stripping
    002_S_4225: Step 3/10: HD-BET skull stripping
    002_S_4229: Step 2/10: N4 bias field correction
    002_S_4270: Step 3/10: HD-BET skull stripping
    002_S_4447: Step 3/10: HD-BET skull stripping
    002_S_4473: Step 2/10: N4 bias field correction
    002_S_4654: Step 2/10: N4 bias field correction
    002_S_4746: Step 3/10: HD-BET skull stripping
    002_S_5018: Step 2/10: N4 bias field correction
    003_S_4288: Step 3/10: HD-BET skull stripping
    003_S_4350: Step 2/10: N4 bias field correction
    003_S_4441: Step 2/10: N4 bias field correction
    003_S_4872: Step 2/10: N4 bias field correction
    003_S_4900: Step 3/10: HD-BET skull stripping
    005_S_0221: Step 3/10: HD-BET skull stripping
    005_S_0222: Step 3/10: HD-BET skull stripping
    005_S_0546: Step 2/10: N4 bias field correction
    005_S_0610: Step 3/10: HD-BET skull stripping
    005_S_0929: Step 2/10: N4 bias field correction

[Live Progress] Done: 1 | Remaining: 629 | Failed: 1 | ETA: 19984.9 min
  Active subjects:
    002_S_4171: Step 3/10: HD-BET skull stripping
    002_S_4225: Step 3/10: HD-BET skull stripping
    002_S_4229: Step 2/10: N4 bias field correction
    002_S_4270: Step 3/10: HD-BET skull stripping
    002_S_4447: Step 3/10: HD-BET skull stripping
    002_S_4473: Step 2/10: N4 bias field correction
    002_S_4654: Step 2/10: N4 bias field correction
    002_S_4746: Step 3/10: HD-BET skull stripping
    002_S_5018: Step 2/10: N4 bias field correction
    003_S_4288: Step 3/10: HD-BET skull stripping
    003_S_4350: Step 2/10: N4 bias field correction
    003_S_4441: Step 2/10: N4 bias field correction
    003_S_4872: Step 2/10: N4 bias field correction
    003_S_4900: Step 3/10: HD-BET skull stripping
    005_S_0221: Step 3/10: HD-BET skull stripping
    005_S_0222: Step 3/10: HD-BET skull stripping
    005_S_0546: Step 2/10: N4 bias field correction
    005_S_0610: Step 3/10: HD-BET skull stripping
    005_S_0929: Step 2/10: N4 bias field correction

[Live Progress] Done: 1 | Remaining: 629 | Failed: 1 | ETA: 20017.4 min
  Active subjects:
    002_S_4171: Step 3/10: HD-BET skull stripping
    002_S_4225: Step 3/10: HD-BET skull stripping
    002_S_4229: Step 2/10: N4 bias field correction
    002_S_4270: Step 3/10: HD-BET skull stripping
    002_S_4447: Step 3/10: HD-BET skull stripping
    002_S_4473: Step 2/10: N4 bias field correction
    002_S_4654: Step 2/10: N4 bias field correction
    002_S_4746: Step 3/10: HD-BET skull stripping
    002_S_5018: Step 2/10: N4 bias field correction
    003_S_4288: Step 3/10: HD-BET skull stripping
    003_S_4350: Step 2/10: N4 bias field correction
    003_S_4441: Step 2/10: N4 bias field correction
    003_S_4872: Step 2/10: N4 bias field correction
    003_S_4900: Step 3/10: HD-BET skull stripping
    005_S_0221: Step 3/10: HD-BET skull stripping
    005_S_0222: Step 3/10: HD-BET skull stripping
    005_S_0546: Step 2/10: N4 bias field correction
    005_S_0610: Step 3/10: HD-BET skull stripping
    005_S_0929: Step 2/10: N4 bias field correction

[Live Progress] Done: 1 | Remaining: 629 | Failed: 1 | ETA: 20035.9 min
  Active subjects:
    002_S_4171: Step 3/10: HD-BET skull stripping
    002_S_4225: Step 3/10: HD-BET skull stripping
    002_S_4229: Step 2/10: N4 bias field correction
    002_S_4270: Step 3/10: HD-BET skull stripping
    002_S_4447: Step 3/10: HD-BET skull stripping
    002_S_4473: Step 2/10: N4 bias field correction
    002_S_4654: Step 2/10: N4 bias field correction
    002_S_4746: Step 3/10: HD-BET skull stripping
    002_S_5018: Step 2/10: N4 bias field correction
    003_S_4288: Step 3/10: HD-BET skull stripping
    003_S_4350: Step 2/10: N4 bias field correction
    003_S_4441: Step 2/10: N4 bias field correction
    003_S_4872: Step 2/10: N4 bias field correction
    003_S_4900: Step 3/10: HD-BET skull stripping
    005_S_0221: Step 3/10: HD-BET skull stripping
    005_S_0222: Step 3/10: HD-BET skull stripping
    005_S_0546: Step 2/10: N4 bias field correction
    005_S_0610: Step 3/10: HD-BET skull stripping
    005_S_0929: Step 2/10: N4 bias field correction

[Live Progress] Done: 1 | Remaining: 629 | Failed: 1 | ETA: 20051.2 min
  Active subjects:
    002_S_4171: Step 3/10: HD-BET skull stripping
    002_S_4225: Step 3/10: HD-BET skull stripping
    002_S_4229: Step 2/10: N4 bias field correction
    002_S_4270: Step 3/10: HD-BET skull stripping
    002_S_4447: Step 3/10: HD-BET skull stripping
    002_S_4473: Step 2/10: N4 bias field correction
    002_S_4654: Step 2/10: N4 bias field correction
    002_S_4746: Step 3/10: HD-BET skull stripping
    002_S_5018: Step 2/10: N4 bias field correction
    003_S_4288: Step 3/10: HD-BET skull stripping
    003_S_4350: Step 2/10: N4 bias field correction
    003_S_4441: Step 2/10: N4 bias field correction
    003_S_4872: Step 2/10: N4 bias field correction
    003_S_4900: Step 3/10: HD-BET skull stripping
    005_S_0221: Step 3/10: HD-BET skull stripping
    005_S_0222: Step 3/10: HD-BET skull stripping
    005_S_0546: Step 2/10: N4 bias field correction
    005_S_0610: Step 3/10: HD-BET skull stripping
    005_S_0929: Step 2/10: N4 bias field correction

[Live Progress] Done: 1 | Remaining: 629 | Failed: 1 | ETA: 20074.4 min
  Active subjects:
    002_S_4171: Step 3/10: HD-BET skull stripping
    002_S_4225: Step 3/10: HD-BET skull stripping
    002_S_4229: Step 2/10: N4 bias field correction
    002_S_4270: Step 3/10: HD-BET skull stripping
    002_S_4447: Step 3/10: HD-BET skull stripping
    002_S_4473: Step 2/10: N4 bias field correction
    002_S_4654: Step 2/10: N4 bias field correction
    002_S_4746: Step 3/10: HD-BET skull stripping
    002_S_5018: Step 2/10: N4 bias field correction
    003_S_4288: Step 3/10: HD-BET skull stripping
    003_S_4350: Step 2/10: N4 bias field correction
    003_S_4441: Step 2/10: N4 bias field correction
    003_S_4872: Step 2/10: N4 bias field correction
    003_S_4900: Step 3/10: HD-BET skull stripping
    005_S_0221: Step 3/10: HD-BET skull stripping
    005_S_0222: Step 3/10: HD-BET skull stripping
    005_S_0546: Step 2/10: N4 bias field correction
    005_S_0610: Step 3/10: HD-BET skull stripping
    005_S_0929: Step 2/10: N4 bias field correction

[Live Progress] Done: 1 | Remaining: 629 | Failed: 1 | ETA: 20096.4 min
  Active subjects:
    002_S_4171: Step 3/10: HD-BET skull stripping
    002_S_4225: Step 3/10: HD-BET skull stripping
    002_S_4229: Step 2/10: N4 bias field correction
    002_S_4270: Step 3/10: HD-BET skull stripping
    002_S_4447: Step 3/10: HD-BET skull stripping
    002_S_4473: Step 2/10: N4 bias field correction
    002_S_4654: Step 2/10: N4 bias field correction
    002_S_4746: Step 3/10: HD-BET skull stripping
    002_S_5018: Step 2/10: N4 bias field correction
    003_S_4288: Step 3/10: HD-BET skull stripping
    003_S_4350: Step 2/10: N4 bias field correction
    003_S_4441: Step 2/10: N4 bias field correction
    003_S_4872: Step 2/10: N4 bias field correction
    003_S_4900: Step 3/10: HD-BET skull stripping
    005_S_0221: Step 3/10: HD-BET skull stripping
    005_S_0222: Step 3/10: HD-BET skull stripping
    005_S_0546: Step 2/10: N4 bias field correction
    005_S_0610: Step 3/10: HD-BET skull stripping
    005_S_0929: Step 2/10: N4 bias field correction

[Live Progress] Done: 1 | Remaining: 629 | Failed: 1 | ETA: 20127.0 min
  Active subjects:
    002_S_4171: Step 3/10: HD-BET skull stripping
    002_S_4225: Step 3/10: HD-BET skull stripping
    002_S_4229: Step 2/10: N4 bias field correction
    002_S_4270: Step 3/10: HD-BET skull stripping
    002_S_4447: Step 3/10: HD-BET skull stripping
    002_S_4473: Step 2/10: N4 bias field correction
    002_S_4654: Step 2/10: N4 bias field correction
    002_S_4746: Step 3/10: HD-BET skull stripping
    002_S_5018: Step 2/10: N4 bias field correction
    003_S_4288: Step 3/10: HD-BET skull stripping
    003_S_4350: Step 2/10: N4 bias field correction
    003_S_4441: Step 2/10: N4 bias field correction
    003_S_4872: Step 2/10: N4 bias field correction
    003_S_4900: Step 3/10: HD-BET skull stripping
    005_S_0221: Step 3/10: HD-BET skull stripping
    005_S_0222: Step 3/10: HD-BET skull stripping
    005_S_0546: Step 2/10: N4 bias field correction
    005_S_0610: Step 3/10: HD-BET skull stripping
    005_S_0929: Step 2/10: N4 bias field correction

[Live Progress] Done: 1 | Remaining: 629 | Failed: 1 | ETA: 20151.2 min
  Active subjects:
    002_S_4171: Step 3/10: HD-BET skull stripping
    002_S_4225: Step 3/10: HD-BET skull stripping
    002_S_4229: Step 2/10: N4 bias field correction
    002_S_4270: Step 3/10: HD-BET skull stripping
    002_S_4447: Step 3/10: HD-BET skull stripping
    002_S_4473: Step 2/10: N4 bias field correction
    002_S_4654: Step 2/10: N4 bias field correction
    002_S_4746: Step 3/10: HD-BET skull stripping
    002_S_5018: Step 2/10: N4 bias field correction
    003_S_4288: Step 3/10: HD-BET skull stripping
    003_S_4350: Step 2/10: N4 bias field correction
    003_S_4441: Step 2/10: N4 bias field correction
    003_S_4872: Step 2/10: N4 bias field correction
    003_S_4900: Step 3/10: HD-BET skull stripping
    005_S_0221: Step 3/10: HD-BET skull stripping
    005_S_0222: Step 3/10: HD-BET skull stripping
    005_S_0546: Step 2/10: N4 bias field correction
    005_S_0610: Step 3/10: HD-BET skull stripping
    005_S_0929: Step 2/10: N4 bias field correction

[Live Progress] Done: 1 | Remaining: 629 | Failed: 1 | ETA: 20179.4 min
  Active subjects:
    002_S_4171: Step 3/10: HD-BET skull stripping
    002_S_4225: Step 3/10: HD-BET skull stripping
    002_S_4229: Step 2/10: N4 bias field correction
    002_S_4270: Step 3/10: HD-BET skull stripping
    002_S_4447: Step 3/10: HD-BET skull stripping
    002_S_4473: Step 2/10: N4 bias field correction
    002_S_4654: Step 2/10: N4 bias field correction
    002_S_4746: Step 3/10: HD-BET skull stripping
    002_S_5018: Step 2/10: N4 bias field correction
    003_S_4288: Step 3/10: HD-BET skull stripping
    003_S_4350: Step 2/10: N4 bias field correction
    003_S_4441: Step 2/10: N4 bias field correction
    003_S_4872: Step 2/10: N4 bias field correction
    003_S_4900: Step 3/10: HD-BET skull stripping
    005_S_0221: Step 3/10: HD-BET skull stripping
    005_S_0222: Step 3/10: HD-BET skull stripping
    005_S_0546: Step 2/10: N4 bias field correction
    005_S_0610: Step 3/10: HD-BET skull stripping
    005_S_0929: Step 2/10: N4 bias field correction

[Live Progress] Done: 1 | Remaining: 629 | Failed: 1 | ETA: 20200.9 min
  Active subjects:
    002_S_4171: Step 3/10: HD-BET skull stripping
    002_S_4225: Step 3/10: HD-BET skull stripping
    002_S_4229: Step 2/10: N4 bias field correction
    002_S_4270: Step 3/10: HD-BET skull stripping
    002_S_4447: Step 3/10: HD-BET skull stripping
    002_S_4473: Step 2/10: N4 bias field correction
    002_S_4654: Step 2/10: N4 bias field correction
    002_S_4746: Step 3/10: HD-BET skull stripping
    002_S_5018: Step 2/10: N4 bias field correction
    003_S_4288: Step 3/10: HD-BET skull stripping
    003_S_4350: Step 2/10: N4 bias field correction
    003_S_4441: Step 2/10: N4 bias field correction
    003_S_4872: Step 2/10: N4 bias field correction
    003_S_4900: Step 3/10: HD-BET skull stripping
    005_S_0221: Step 3/10: HD-BET skull stripping
    005_S_0222: Step 3/10: HD-BET skull stripping
    005_S_0546: Step 2/10: N4 bias field correction
    005_S_0610: Step 3/10: HD-BET skull stripping
    005_S_0929: Step 2/10: N4 bias field correction

[Live Progress] Done: 1 | Remaining: 629 | Failed: 1 | ETA: 20217.0 min
  Active subjects:
    002_S_4171: Step 3/10: HD-BET skull stripping
    002_S_4225: Step 3/10: HD-BET skull stripping
    002_S_4229: Step 2/10: N4 bias field correction
    002_S_4270: Step 3/10: HD-BET skull stripping
    002_S_4447: Step 3/10: HD-BET skull stripping
    002_S_4473: Step 2/10: N4 bias field correction
    002_S_4654: Step 2/10: N4 bias field correction
    002_S_4746: Step 3/10: HD-BET skull stripping
    002_S_5018: Step 2/10: N4 bias field correction
    003_S_4288: Step 3/10: HD-BET skull stripping
    003_S_4350: Step 2/10: N4 bias field correction
    003_S_4441: Step 2/10: N4 bias field correction
    003_S_4872: Step 2/10: N4 bias field correction
    003_S_4900: Step 3/10: HD-BET skull stripping
    005_S_0221: Step 3/10: HD-BET skull stripping
    005_S_0222: Step 3/10: HD-BET skull stripping
    005_S_0546: Step 2/10: N4 bias field correction
    005_S_0610: Step 3/10: HD-BET skull stripping
    005_S_0929: Step 2/10: N4 bias field correction

[Live Progress] Done: 1 | Remaining: 629 | Failed: 1 | ETA: 20243.4 min
  Active subjects:
    002_S_4171: Step 3/10: HD-BET skull stripping
    002_S_4225: Step 3/10: HD-BET skull stripping
    002_S_4229: Step 2/10: N4 bias field correction
    002_S_4270: Step 3/10: HD-BET skull stripping
    002_S_4447: Step 3/10: HD-BET skull stripping
    002_S_4473: Step 2/10: N4 bias field correction
    002_S_4654: Step 2/10: N4 bias field correction
    002_S_4746: Step 3/10: HD-BET skull stripping
    002_S_5018: Step 2/10: N4 bias field correction
    003_S_4288: Step 3/10: HD-BET skull stripping
    003_S_4350: Step 2/10: N4 bias field correction
    003_S_4441: Step 2/10: N4 bias field correction
    003_S_4872: Step 2/10: N4 bias field correction
    003_S_4900: Step 3/10: HD-BET skull stripping
    005_S_0221: Step 3/10: HD-BET skull stripping
    005_S_0222: Step 3/10: HD-BET skull stripping
    005_S_0546: Step 2/10: N4 bias field correction
    005_S_0610: Step 3/10: HD-BET skull stripping
    005_S_0929: Step 2/10: N4 bias field correction

[Live Progress] Done: 1 | Remaining: 629 | Failed: 1 | ETA: 20269.0 min
  Active subjects:
    002_S_4171: Step 3/10: HD-BET skull stripping
    002_S_4225: Step 3/10: HD-BET skull stripping
    002_S_4229: Step 2/10: N4 bias field correction
    002_S_4270: Step 3/10: HD-BET skull stripping
    002_S_4447: Step 3/10: HD-BET skull stripping
    002_S_4473: Step 2/10: N4 bias field correction
    002_S_4654: Step 2/10: N4 bias field correction
    002_S_4746: Step 3/10: HD-BET skull stripping
    002_S_5018: Step 2/10: N4 bias field correction
    003_S_4288: Step 3/10: HD-BET skull stripping
    003_S_4350: Step 2/10: N4 bias field correction
    003_S_4441: Step 2/10: N4 bias field correction
    003_S_4872: Step 2/10: N4 bias field correction
    003_S_4900: Step 3/10: HD-BET skull stripping
    005_S_0221: Step 3/10: HD-BET skull stripping
    005_S_0222: Step 3/10: HD-BET skull stripping
    005_S_0546: Step 2/10: N4 bias field correction
    005_S_0610: Step 3/10: HD-BET skull stripping
    005_S_0929: Step 2/10: N4 bias field correction

[Live Progress] Done: 1 | Remaining: 629 | Failed: 1 | ETA: 20309.2 min
  Active subjects:
    002_S_4171: Step 3/10: HD-BET skull stripping
    002_S_4225: Step 3/10: HD-BET skull stripping
    002_S_4229: Step 2/10: N4 bias field correction
    002_S_4270: Step 3/10: HD-BET skull stripping
    002_S_4447: Step 3/10: HD-BET skull stripping
    002_S_4473: Step 2/10: N4 bias field correction
    002_S_4654: Step 2/10: N4 bias field correction
    002_S_4746: Step 3/10: HD-BET skull stripping
    002_S_5018: Step 2/10: N4 bias field correction
    003_S_4288: Step 3/10: HD-BET skull stripping
    003_S_4350: Step 2/10: N4 bias field correction
    003_S_4441: Step 2/10: N4 bias field correction
    003_S_4872: Step 2/10: N4 bias field correction
    003_S_4900: Step 3/10: HD-BET skull stripping
    005_S_0221: Step 3/10: HD-BET skull stripping
    005_S_0222: Step 3/10: HD-BET skull stripping
    005_S_0546: Step 2/10: N4 bias field correction
    005_S_0610: Step 3/10: HD-BET skull stripping
    005_S_0929: Step 2/10: N4 bias field correction

[Live Progress] Done: 1 | Remaining: 629 | Failed: 1 | ETA: 20348.9 min
  Active subjects:
    002_S_4171: Step 3/10: HD-BET skull stripping
    002_S_4225: Step 3/10: HD-BET skull stripping
    002_S_4229: Step 2/10: N4 bias field correction
    002_S_4270: Step 3/10: HD-BET skull stripping
    002_S_4447: Step 3/10: HD-BET skull stripping
    002_S_4473: Step 2/10: N4 bias field correction
    002_S_4654: Step 2/10: N4 bias field correction
    002_S_4746: Step 3/10: HD-BET skull stripping
    002_S_5018: Step 2/10: N4 bias field correction
    003_S_4288: Step 3/10: HD-BET skull stripping
    003_S_4350: Step 2/10: N4 bias field correction
    003_S_4441: Step 2/10: N4 bias field correction
    003_S_4872: Step 2/10: N4 bias field correction
    003_S_4900: Step 3/10: HD-BET skull stripping
    005_S_0221: Step 3/10: HD-BET skull stripping
    005_S_0222: Step 3/10: HD-BET skull stripping
    005_S_0546: Step 2/10: N4 bias field correction
    005_S_0610: Step 3/10: HD-BET skull stripping
    005_S_0929: Step 2/10: N4 bias field correction

[Live Progress] Done: 1 | Remaining: 629 | Failed: 1 | ETA: 20390.7 min
  Active subjects:
    002_S_4171: Step 3/10: HD-BET skull stripping
    002_S_4225: Step 3/10: HD-BET skull stripping
    002_S_4229: Step 2/10: N4 bias field correction
    002_S_4270: Step 3/10: HD-BET skull stripping
    002_S_4447: Step 3/10: HD-BET skull stripping
    002_S_4473: Step 2/10: N4 bias field correction
    002_S_4654: Step 2/10: N4 bias field correction
    002_S_4746: Step 3/10: HD-BET skull stripping
    002_S_5018: Step 2/10: N4 bias field correction
    003_S_4288: Step 3/10: HD-BET skull stripping
    003_S_4350: Step 2/10: N4 bias field correction
    003_S_4441: Step 2/10: N4 bias field correction
    003_S_4872: Step 2/10: N4 bias field correction
    003_S_4900: Step 3/10: HD-BET skull stripping
    005_S_0221: Step 3/10: HD-BET skull stripping
    005_S_0222: Step 3/10: HD-BET skull stripping
    005_S_0546: Step 2/10: N4 bias field correction
    005_S_0610: Step 3/10: HD-BET skull stripping
    005_S_0929: Step 2/10: N4 bias field correction

[Live Progress] Done: 1 | Remaining: 629 | Failed: 1 | ETA: 20426.7 min
  Active subjects:
    002_S_4171: Step 3/10: HD-BET skull stripping
    002_S_4225: Step 3/10: HD-BET skull stripping
    002_S_4229: Step 2/10: N4 bias field correction
    002_S_4270: Step 3/10: HD-BET skull stripping
    002_S_4447: Step 3/10: HD-BET skull stripping
    002_S_4473: Step 2/10: N4 bias field correction
    002_S_4654: Step 2/10: N4 bias field correction
    002_S_4746: Step 3/10: HD-BET skull stripping
    002_S_5018: Step 2/10: N4 bias field correction
    003_S_4288: Step 3/10: HD-BET skull stripping
    003_S_4350: Step 2/10: N4 bias field correction
    003_S_4441: Step 2/10: N4 bias field correction
    003_S_4872: Step 2/10: N4 bias field correction
    003_S_4900: Step 3/10: HD-BET skull stripping
    005_S_0221: Step 3/10: HD-BET skull stripping
    005_S_0222: Step 3/10: HD-BET skull stripping
    005_S_0546: Step 2/10: N4 bias field correction
    005_S_0610: Step 3/10: HD-BET skull stripping
    005_S_0929: Step 2/10: N4 bias field correction

[Live Progress] Done: 1 | Remaining: 629 | Failed: 1 | ETA: 20462.2 min
  Active subjects:
    002_S_4171: Step 3/10: HD-BET skull stripping
    002_S_4225: Step 3/10: HD-BET skull stripping
    002_S_4229: Step 2/10: N4 bias field correction
    002_S_4270: Step 3/10: HD-BET skull stripping
    002_S_4447: Step 3/10: HD-BET skull stripping
    002_S_4473: Step 2/10: N4 bias field correction
    002_S_4654: Step 2/10: N4 bias field correction
    002_S_4746: Step 3/10: HD-BET skull stripping
    002_S_5018: Step 2/10: N4 bias field correction
    003_S_4288: Step 3/10: HD-BET skull stripping
    003_S_4350: Step 2/10: N4 bias field correction
    003_S_4441: Step 2/10: N4 bias field correction
    003_S_4872: Step 2/10: N4 bias field correction
    003_S_4900: Step 3/10: HD-BET skull stripping
    005_S_0221: Step 3/10: HD-BET skull stripping
    005_S_0222: Step 3/10: HD-BET skull stripping
    005_S_0546: Step 2/10: N4 bias field correction
    005_S_0610: Step 3/10: HD-BET skull stripping
    005_S_0929: Step 2/10: N4 bias field correction

[Live Progress] Done: 1 | Remaining: 629 | Failed: 1 | ETA: 20493.8 min
  Active subjects:
    002_S_4171: Step 3/10: HD-BET skull stripping
    002_S_4225: Step 3/10: HD-BET skull stripping
    002_S_4229: Step 2/10: N4 bias field correction
    002_S_4270: Step 3/10: HD-BET skull stripping
    002_S_4447: Step 3/10: HD-BET skull stripping
    002_S_4473: Step 2/10: N4 bias field correction
    002_S_4654: Step 2/10: N4 bias field correction
    002_S_4746: Step 3/10: HD-BET skull stripping
    002_S_5018: Step 2/10: N4 bias field correction
    003_S_4288: Step 3/10: HD-BET skull stripping
    003_S_4350: Step 2/10: N4 bias field correction
    003_S_4441: Step 2/10: N4 bias field correction
    003_S_4872: Step 2/10: N4 bias field correction
    003_S_4900: Step 3/10: HD-BET skull stripping
    005_S_0221: Step 3/10: HD-BET skull stripping
    005_S_0222: Step 3/10: HD-BET skull stripping
    005_S_0546: Step 2/10: N4 bias field correction
    005_S_0610: Step 3/10: HD-BET skull stripping
    005_S_0929: Step 2/10: N4 bias field correction

[Live Progress] Done: 1 | Remaining: 629 | Failed: 1 | ETA: 20517.9 min
  Active subjects:
    002_S_4171: Step 3/10: HD-BET skull stripping
    002_S_4225: Step 3/10: HD-BET skull stripping
    002_S_4229: Step 2/10: N4 bias field correction
    002_S_4270: Step 3/10: HD-BET skull stripping
    002_S_4447: Step 3/10: HD-BET skull stripping
    002_S_4473: Step 2/10: N4 bias field correction
    002_S_4654: Step 2/10: N4 bias field correction
    002_S_4746: Step 3/10: HD-BET skull stripping
    002_S_5018: Step 2/10: N4 bias field correction
    003_S_4288: Step 3/10: HD-BET skull stripping
    003_S_4350: Step 2/10: N4 bias field correction
    003_S_4441: Step 2/10: N4 bias field correction
    003_S_4872: Step 2/10: N4 bias field correction
    003_S_4900: Step 3/10: HD-BET skull stripping
    005_S_0221: Step 3/10: HD-BET skull stripping
    005_S_0222: Step 3/10: HD-BET skull stripping
    005_S_0546: Step 2/10: N4 bias field correction
    005_S_0610: Step 3/10: HD-BET skull stripping
    005_S_0929: Step 2/10: N4 bias field correction

[Live Progress] Done: 1 | Remaining: 629 | Failed: 1 | ETA: 20546.2 min
  Active subjects:
    002_S_4171: Step 3/10: HD-BET skull stripping
    002_S_4225: Step 3/10: HD-BET skull stripping
    002_S_4229: Step 2/10: N4 bias field correction
    002_S_4270: Step 3/10: HD-BET skull stripping
    002_S_4447: Step 3/10: HD-BET skull stripping
    002_S_4473: Step 2/10: N4 bias field correction
    002_S_4654: Step 2/10: N4 bias field correction
    002_S_4746: Step 3/10: HD-BET skull stripping
    002_S_5018: Step 2/10: N4 bias field correction
    003_S_4288: Step 3/10: HD-BET skull stripping
    003_S_4350: Step 2/10: N4 bias field correction
    003_S_4441: Step 2/10: N4 bias field correction
    003_S_4872: Step 2/10: N4 bias field correction
    003_S_4900: Step 3/10: HD-BET skull stripping
    005_S_0221: Step 3/10: HD-BET skull stripping
    005_S_0222: Step 3/10: HD-BET skull stripping
    005_S_0546: Step 2/10: N4 bias field correction
    005_S_0610: Step 3/10: HD-BET skull stripping
    005_S_0929: Step 2/10: N4 bias field correction

[Live Progress] Done: 1 | Remaining: 629 | Failed: 1 | ETA: 20576.6 min
  Active subjects:
    002_S_4171: Step 3/10: HD-BET skull stripping
    002_S_4225: Step 3/10: HD-BET skull stripping
    002_S_4229: Step 2/10: N4 bias field correction
    002_S_4270: Step 3/10: HD-BET skull stripping
    002_S_4447: Step 3/10: HD-BET skull stripping
    002_S_4473: Step 2/10: N4 bias field correction
    002_S_4654: Step 2/10: N4 bias field correction
    002_S_4746: Step 3/10: HD-BET skull stripping
    002_S_5018: Step 2/10: N4 bias field correction
    003_S_4288: Step 3/10: HD-BET skull stripping
    003_S_4350: Step 2/10: N4 bias field correction
    003_S_4441: Step 2/10: N4 bias field correction
    003_S_4872: Step 2/10: N4 bias field correction
    003_S_4900: Step 3/10: HD-BET skull stripping
    005_S_0221: Step 3/10: HD-BET skull stripping
    005_S_0222: Step 3/10: HD-BET skull stripping
    005_S_0546: Step 2/10: N4 bias field correction
    005_S_0610: Step 3/10: HD-BET skull stripping
    005_S_0929: Step 2/10: N4 bias field correction

[Live Progress] Done: 1 | Remaining: 629 | Failed: 1 | ETA: 20609.6 min
  Active subjects:
    002_S_4171: Step 3/10: HD-BET skull stripping
    002_S_4225: Step 3/10: HD-BET skull stripping
    002_S_4229: Step 2/10: N4 bias field correction
    002_S_4270: Step 3/10: HD-BET skull stripping
    002_S_4447: Step 3/10: HD-BET skull stripping
    002_S_4473: Step 2/10: N4 bias field correction
    002_S_4654: Step 2/10: N4 bias field correction
    002_S_4746: Step 3/10: HD-BET skull stripping
    002_S_5018: Step 2/10: N4 bias field correction
    003_S_4288: Step 3/10: HD-BET skull stripping
    003_S_4350: Step 2/10: N4 bias field correction
    003_S_4441: Step 2/10: N4 bias field correction
    003_S_4872: Step 2/10: N4 bias field correction
    003_S_4900: Step 3/10: HD-BET skull stripping
    005_S_0221: Step 3/10: HD-BET skull stripping
    005_S_0222: Step 3/10: HD-BET skull stripping
    005_S_0546: Step 2/10: N4 bias field correction
    005_S_0610: Step 3/10: HD-BET skull stripping
    005_S_0929: Step 2/10: N4 bias field correction

[Live Progress] Done: 1 | Remaining: 629 | Failed: 1 | ETA: 20640.4 min
  Active subjects:
    002_S_4171: Step 3/10: HD-BET skull stripping
    002_S_4225: Step 3/10: HD-BET skull stripping
    002_S_4229: Step 2/10: N4 bias field correction
    002_S_4270: Step 3/10: HD-BET skull stripping
    002_S_4447: Step 3/10: HD-BET skull stripping
    002_S_4473: Step 2/10: N4 bias field correction
    002_S_4654: Step 2/10: N4 bias field correction
    002_S_4746: Step 3/10: HD-BET skull stripping
    002_S_5018: Step 2/10: N4 bias field correction
    003_S_4288: Step 3/10: HD-BET skull stripping
    003_S_4350: Step 2/10: N4 bias field correction
    003_S_4441: Step 2/10: N4 bias field correction
    003_S_4872: Step 2/10: N4 bias field correction
    003_S_4900: Step 3/10: HD-BET skull stripping
    005_S_0221: Step 3/10: HD-BET skull stripping
    005_S_0222: Step 3/10: HD-BET skull stripping
    005_S_0546: Step 2/10: N4 bias field correction
    005_S_0610: Step 3/10: HD-BET skull stripping
    005_S_0929: Step 2/10: N4 bias field correction

[Live Progress] Done: 1 | Remaining: 629 | Failed: 1 | ETA: 20664.5 min
  Active subjects:
    002_S_4171: Step 3/10: HD-BET skull stripping
    002_S_4225: Step 3/10: HD-BET skull stripping
    002_S_4229: Step 2/10: N4 bias field correction
    002_S_4270: Step 3/10: HD-BET skull stripping
    002_S_4447: Step 3/10: HD-BET skull stripping
    002_S_4473: Step 2/10: N4 bias field correction
    002_S_4654: Step 2/10: N4 bias field correction
    002_S_4746: Step 3/10: HD-BET skull stripping
    002_S_5018: Step 2/10: N4 bias field correction
    003_S_4288: Step 3/10: HD-BET skull stripping
    003_S_4350: Step 2/10: N4 bias field correction
    003_S_4441: Step 2/10: N4 bias field correction
    003_S_4872: Step 2/10: N4 bias field correction
    003_S_4900: Step 3/10: HD-BET skull stripping
    005_S_0221: Step 3/10: HD-BET skull stripping
    005_S_0222: Step 3/10: HD-BET skull stripping
    005_S_0546: Step 2/10: N4 bias field correction
    005_S_0610: Step 3/10: HD-BET skull stripping
    005_S_0929: Step 2/10: N4 bias field correction

[Live Progress] Done: 1 | Remaining: 629 | Failed: 1 | ETA: 20690.8 min
  Active subjects:
    002_S_4171: Step 3/10: HD-BET skull stripping
    002_S_4225: Step 3/10: HD-BET skull stripping
    002_S_4229: Step 2/10: N4 bias field correction
    002_S_4270: Step 3/10: HD-BET skull stripping
    002_S_4447: Step 3/10: HD-BET skull stripping
    002_S_4473: Step 2/10: N4 bias field correction
    002_S_4654: Step 2/10: N4 bias field correction
    002_S_4746: Step 3/10: HD-BET skull stripping
    002_S_5018: Step 2/10: N4 bias field correction
    003_S_4288: Step 3/10: HD-BET skull stripping
    003_S_4350: Step 2/10: N4 bias field correction
    003_S_4441: Step 2/10: N4 bias field correction
    003_S_4872: Step 2/10: N4 bias field correction
    003_S_4900: Step 3/10: HD-BET skull stripping
    005_S_0221: Step 3/10: HD-BET skull stripping
    005_S_0222: Step 3/10: HD-BET skull stripping
    005_S_0546: Step 2/10: N4 bias field correction
    005_S_0610: Step 3/10: HD-BET skull stripping
    005_S_0929: Step 2/10: N4 bias field correction

[Live Progress] Done: 1 | Remaining: 629 | Failed: 1 | ETA: 20708.2 min
  Active subjects:
    002_S_4171: Step 3/10: HD-BET skull stripping
    002_S_4225: Step 3/10: HD-BET skull stripping
    002_S_4229: Step 2/10: N4 bias field correction
    002_S_4270: Step 3/10: HD-BET skull stripping
    002_S_4447: Step 3/10: HD-BET skull stripping
    002_S_4473: Step 2/10: N4 bias field correction
    002_S_4654: Step 2/10: N4 bias field correction
    002_S_4746: Step 3/10: HD-BET skull stripping
    002_S_5018: Step 2/10: N4 bias field correction
    003_S_4288: Step 3/10: HD-BET skull stripping
    003_S_4350: Step 2/10: N4 bias field correction
    003_S_4441: Step 2/10: N4 bias field correction
    003_S_4872: Step 2/10: N4 bias field correction
    003_S_4900: Step 3/10: HD-BET skull stripping
    005_S_0221: Step 3/10: HD-BET skull stripping
    005_S_0222: Step 3/10: HD-BET skull stripping
    005_S_0546: Step 2/10: N4 bias field correction
    005_S_0610: Step 3/10: HD-BET skull stripping
    005_S_0929: Step 2/10: N4 bias field correction

[Live Progress] Done: 1 | Remaining: 629 | Failed: 1 | ETA: 20751.1 min
  Active subjects:
    002_S_4171: Step 3/10: HD-BET skull stripping
    002_S_4225: Step 3/10: HD-BET skull stripping
    002_S_4229: Step 2/10: N4 bias field correction
    002_S_4270: Step 3/10: HD-BET skull stripping
    002_S_4447: Step 3/10: HD-BET skull stripping
    002_S_4473: Step 2/10: N4 bias field correction
    002_S_4654: Step 2/10: N4 bias field correction
    002_S_4746: Step 3/10: HD-BET skull stripping
    002_S_5018: Step 2/10: N4 bias field correction
    003_S_4288: Step 3/10: HD-BET skull stripping
    003_S_4350: Step 2/10: N4 bias field correction
    003_S_4441: Step 2/10: N4 bias field correction
    003_S_4872: Step 2/10: N4 bias field correction
    003_S_4900: Step 3/10: HD-BET skull stripping
    005_S_0221: Step 3/10: HD-BET skull stripping
    005_S_0222: Step 3/10: HD-BET skull stripping
    005_S_0546: Step 2/10: N4 bias field correction
    005_S_0610: Step 3/10: HD-BET skull stripping
    005_S_0929: Step 2/10: N4 bias field correction

[Live Progress] Done: 1 | Remaining: 629 | Failed: 1 | ETA: 20775.4 min
  Active subjects:
    002_S_4171: Step 3/10: HD-BET skull stripping
    002_S_4225: Step 3/10: HD-BET skull stripping
    002_S_4229: Step 2/10: N4 bias field correction
    002_S_4270: Step 3/10: HD-BET skull stripping
    002_S_4447: Step 3/10: HD-BET skull stripping
    002_S_4473: Step 2/10: N4 bias field correction
    002_S_4654: Step 2/10: N4 bias field correction
    002_S_4746: Step 3/10: HD-BET skull stripping
    002_S_5018: Step 2/10: N4 bias field correction
    003_S_4288: Step 3/10: HD-BET skull stripping
    003_S_4350: Step 2/10: N4 bias field correction
    003_S_4441: Step 2/10: N4 bias field correction
    003_S_4872: Step 2/10: N4 bias field correction
    003_S_4900: Step 3/10: HD-BET skull stripping
    005_S_0221: Step 3/10: HD-BET skull stripping
    005_S_0222: Step 3/10: HD-BET skull stripping
    005_S_0546: Step 2/10: N4 bias field correction
    005_S_0610: Step 3/10: HD-BET skull stripping
    005_S_0929: Step 2/10: N4 bias field correction

[Live Progress] Done: 1 | Remaining: 629 | Failed: 1 | ETA: 20816.3 min
  Active subjects:
    002_S_4171: Step 3/10: HD-BET skull stripping
    002_S_4225: Step 3/10: HD-BET skull stripping
    002_S_4229: Step 2/10: N4 bias field correction
    002_S_4270: Step 3/10: HD-BET skull stripping
    002_S_4447: Step 3/10: HD-BET skull stripping
    002_S_4473: Step 2/10: N4 bias field correction
    002_S_4654: Step 2/10: N4 bias field correction
    002_S_4746: Step 3/10: HD-BET skull stripping
    002_S_5018: Step 2/10: N4 bias field correction
    003_S_4288: Step 3/10: HD-BET skull stripping
    003_S_4350: Step 2/10: N4 bias field correction
    003_S_4441: Step 2/10: N4 bias field correction
    003_S_4872: Step 2/10: N4 bias field correction
    003_S_4900: Step 3/10: HD-BET skull stripping
    005_S_0221: Step 3/10: HD-BET skull stripping
    005_S_0222: Step 3/10: HD-BET skull stripping
    005_S_0546: Step 2/10: N4 bias field correction
    005_S_0610: Step 3/10: HD-BET skull stripping
    005_S_0929: Step 2/10: N4 bias field correction

[Live Progress] Done: 1 | Remaining: 629 | Failed: 1 | ETA: 20853.9 min
  Active subjects:
    002_S_4171: Step 3/10: HD-BET skull stripping
    002_S_4225: Step 3/10: HD-BET skull stripping
    002_S_4229: Step 2/10: N4 bias field correction
    002_S_4270: Step 3/10: HD-BET skull stripping
    002_S_4447: Step 3/10: HD-BET skull stripping
    002_S_4473: Step 2/10: N4 bias field correction
    002_S_4654: Step 2/10: N4 bias field correction
    002_S_4746: Step 3/10: HD-BET skull stripping
    002_S_5018: Step 2/10: N4 bias field correction
    003_S_4288: Step 3/10: HD-BET skull stripping
    003_S_4350: Step 2/10: N4 bias field correction
    003_S_4441: Step 2/10: N4 bias field correction
    003_S_4872: Step 2/10: N4 bias field correction
    003_S_4900: Step 3/10: HD-BET skull stripping
    005_S_0221: Step 3/10: HD-BET skull stripping
    005_S_0222: Step 3/10: HD-BET skull stripping
    005_S_0546: Step 2/10: N4 bias field correction
    005_S_0610: Step 3/10: HD-BET skull stripping
    005_S_0929: Step 2/10: N4 bias field correction

[Live Progress] Done: 1 | Remaining: 629 | Failed: 1 | ETA: 20880.7 min
  Active subjects:
    002_S_4171: Step 3/10: HD-BET skull stripping
    002_S_4225: Step 3/10: HD-BET skull stripping
    002_S_4229: Step 2/10: N4 bias field correction
    002_S_4270: Step 3/10: HD-BET skull stripping
    002_S_4447: Step 3/10: HD-BET skull stripping
    002_S_4473: Step 2/10: N4 bias field correction
    002_S_4654: Step 2/10: N4 bias field correction
    002_S_4746: Step 3/10: HD-BET skull stripping
    002_S_5018: Step 2/10: N4 bias field correction
    003_S_4288: Step 3/10: HD-BET skull stripping
    003_S_4350: Step 2/10: N4 bias field correction
    003_S_4441: Step 2/10: N4 bias field correction
    003_S_4872: Step 2/10: N4 bias field correction
    003_S_4900: Step 3/10: HD-BET skull stripping
    005_S_0221: Step 3/10: HD-BET skull stripping
    005_S_0222: Step 3/10: HD-BET skull stripping
    005_S_0546: Step 2/10: N4 bias field correction
    005_S_0610: Step 3/10: HD-BET skull stripping
    005_S_0929: Step 2/10: N4 bias field correction

[Live Progress] Done: 1 | Remaining: 629 | Failed: 1 | ETA: 20935.0 min
  Active subjects:
    002_S_4171: Step 3/10: HD-BET skull stripping
    002_S_4225: Step 3/10: HD-BET skull stripping
    002_S_4229: Step 2/10: N4 bias field correction
    002_S_4270: Step 3/10: HD-BET skull stripping
    002_S_4447: Step 3/10: HD-BET skull stripping
    002_S_4473: Step 2/10: N4 bias field correction
    002_S_4654: Step 2/10: N4 bias field correction
    002_S_4746: Step 3/10: HD-BET skull stripping
    002_S_5018: Step 2/10: N4 bias field correction
    003_S_4288: Step 3/10: HD-BET skull stripping
    003_S_4350: Step 2/10: N4 bias field correction
    003_S_4441: Step 2/10: N4 bias field correction
    003_S_4872: Step 2/10: N4 bias field correction
    003_S_4900: Step 3/10: HD-BET skull stripping
    005_S_0221: Step 3/10: HD-BET skull stripping
    005_S_0222: Step 3/10: HD-BET skull stripping
    005_S_0546: Step 2/10: N4 bias field correction
    005_S_0610: Step 3/10: HD-BET skull stripping
    005_S_0929: Step 2/10: N4 bias field correction

[Live Progress] Done: 1 | Remaining: 629 | Failed: 1 | ETA: 21018.6 min
  Active subjects:
    002_S_4171: Step 3/10: HD-BET skull stripping
    002_S_4225: Step 3/10: HD-BET skull stripping
    002_S_4229: Step 2/10: N4 bias field correction
    002_S_4270: Step 3/10: HD-BET skull stripping
    002_S_4447: Step 3/10: HD-BET skull stripping
    002_S_4473: Step 2/10: N4 bias field correction
    002_S_4654: Step 2/10: N4 bias field correction
    002_S_4746: Step 3/10: HD-BET skull stripping
    002_S_5018: Step 2/10: N4 bias field correction
    003_S_4288: Step 3/10: HD-BET skull stripping
    003_S_4350: Step 2/10: N4 bias field correction
    003_S_4441: Step 2/10: N4 bias field correction
    003_S_4872: Step 2/10: N4 bias field correction
    003_S_4900: Step 3/10: HD-BET skull stripping
    005_S_0221: Step 3/10: HD-BET skull stripping
    005_S_0222: Step 3/10: HD-BET skull stripping
    005_S_0546: Step 2/10: N4 bias field correction
    005_S_0610: Step 3/10: HD-BET skull stripping
    005_S_0929: Step 2/10: N4 bias field correction

[Live Progress] Done: 1 | Remaining: 629 | Failed: 1 | ETA: 21068.0 min
  Active subjects:
    002_S_4171: Step 3/10: HD-BET skull stripping
    002_S_4225: Step 3/10: HD-BET skull stripping
    002_S_4229: Step 2/10: N4 bias field correction
    002_S_4270: Step 3/10: HD-BET skull stripping
    002_S_4447: Step 3/10: HD-BET skull stripping
    002_S_4473: Step 2/10: N4 bias field correction
    002_S_4654: Step 2/10: N4 bias field correction
    002_S_4746: Step 3/10: HD-BET skull stripping
    002_S_5018: Step 2/10: N4 bias field correction
    003_S_4288: Step 3/10: HD-BET skull stripping
    003_S_4350: Step 2/10: N4 bias field correction
    003_S_4441: Step 2/10: N4 bias field correction
    003_S_4872: Step 2/10: N4 bias field correction
    003_S_4900: Step 3/10: HD-BET skull stripping
    005_S_0221: Step 3/10: HD-BET skull stripping
    005_S_0222: Step 3/10: HD-BET skull stripping
    005_S_0546: Step 2/10: N4 bias field correction
    005_S_0610: Step 3/10: HD-BET skull stripping
    005_S_0929: Step 2/10: N4 bias field correction

[Live Progress] Done: 1 | Remaining: 629 | Failed: 1 | ETA: 21113.4 min
  Active subjects:
    002_S_4171: Step 3/10: HD-BET skull stripping
    002_S_4225: Step 3/10: HD-BET skull stripping
    002_S_4229: Step 2/10: N4 bias field correction
    002_S_4270: Step 3/10: HD-BET skull stripping
    002_S_4447: Step 3/10: HD-BET skull stripping
    002_S_4473: Step 2/10: N4 bias field correction
    002_S_4654: Step 2/10: N4 bias field correction
    002_S_4746: Step 3/10: HD-BET skull stripping
    002_S_5018: Step 2/10: N4 bias field correction
    003_S_4288: Step 3/10: HD-BET skull stripping
    003_S_4350: Step 2/10: N4 bias field correction
    003_S_4441: Step 2/10: N4 bias field correction
    003_S_4872: Step 2/10: N4 bias field correction
    003_S_4900: Step 3/10: HD-BET skull stripping
    005_S_0221: Step 3/10: HD-BET skull stripping
    005_S_0222: Step 3/10: HD-BET skull stripping
    005_S_0546: Step 2/10: N4 bias field correction
    005_S_0610: Step 3/10: HD-BET skull stripping
    005_S_0929: Step 2/10: N4 bias field correction

[Live Progress] Done: 1 | Remaining: 629 | Failed: 1 | ETA: 21602.8 min
  Active subjects:
    002_S_4171: Step 3/10: HD-BET skull stripping
    002_S_4225: Step 3/10: HD-BET skull stripping
    002_S_4229: Step 2/10: N4 bias field correction
    002_S_4270: Step 3/10: HD-BET skull stripping
    002_S_4447: Step 3/10: HD-BET skull stripping
    002_S_4473: Step 2/10: N4 bias field correction
    002_S_4654: Step 2/10: N4 bias field correction
    002_S_4746: Step 3/10: HD-BET skull stripping
    002_S_5018: Step 2/10: N4 bias field correction
    003_S_4288: Step 3/10: HD-BET skull stripping
    003_S_4350: Step 2/10: N4 bias field correction
    003_S_4441: Step 2/10: N4 bias field correction
    003_S_4872: Step 2/10: N4 bias field correction
    003_S_4900: Step 3/10: HD-BET skull stripping
    005_S_0221: Step 3/10: HD-BET skull stripping
    005_S_0222: Step 3/10: HD-BET skull stripping
    005_S_0546: Step 2/10: N4 bias field correction
    005_S_0610: Step 3/10: HD-BET skull stripping
    005_S_0929: Step 2/10: N4 bias field correction

[Live Progress] Done: 1 | Remaining: 629 | Failed: 1 | ETA: 21613.5 min
  Active subjects:
    002_S_4171: Step 3/10: HD-BET skull stripping
    002_S_4225: Step 3/10: HD-BET skull stripping
    002_S_4229: Step 2/10: N4 bias field correction
    002_S_4270: Step 3/10: HD-BET skull stripping
    002_S_4447: Step 3/10: HD-BET skull stripping
    002_S_4473: Step 2/10: N4 bias field correction
    002_S_4654: Step 2/10: N4 bias field correction
    002_S_4746: Step 3/10: HD-BET skull stripping
    002_S_5018: Step 2/10: N4 bias field correction
    003_S_4288: Step 3/10: HD-BET skull stripping
    003_S_4350: Step 2/10: N4 bias field correction
    003_S_4441: Step 2/10: N4 bias field correction
    003_S_4872: Step 2/10: N4 bias field correction
    003_S_4900: Step 3/10: HD-BET skull stripping
    005_S_0221: Step 3/10: HD-BET skull stripping
    005_S_0222: Step 3/10: HD-BET skull stripping
    005_S_0546: Step 2/10: N4 bias field correction
    005_S_0610: Step 3/10: HD-BET skull stripping
    005_S_0929: Step 2/10: N4 bias field correction

[Live Progress] Done: 1 | Remaining: 629 | Failed: 1 | ETA: 21624.1 min
  Active subjects:
    002_S_4171: Step 3/10: HD-BET skull stripping
    002_S_4225: Step 3/10: HD-BET skull stripping
    002_S_4229: Step 2/10: N4 bias field correction
    002_S_4270: Step 3/10: HD-BET skull stripping
    002_S_4447: Step 3/10: HD-BET skull stripping
    002_S_4473: Step 2/10: N4 bias field correction
    002_S_4654: Step 2/10: N4 bias field correction
    002_S_4746: Step 3/10: HD-BET skull stripping
    002_S_5018: Step 2/10: N4 bias field correction
    003_S_4288: Step 3/10: HD-BET skull stripping
    003_S_4350: Step 2/10: N4 bias field correction
    003_S_4441: Step 2/10: N4 bias field correction
    003_S_4872: Step 2/10: N4 bias field correction
    003_S_4900: Step 3/10: HD-BET skull stripping
    005_S_0221: Step 3/10: HD-BET skull stripping
    005_S_0222: Step 3/10: HD-BET skull stripping
    005_S_0546: Step 2/10: N4 bias field correction
    005_S_0610: Step 3/10: HD-BET skull stripping
    005_S_0929: Step 2/10: N4 bias field correction

[Live Progress] Done: 1 | Remaining: 629 | Failed: 1 | ETA: 21634.8 min
  Active subjects:
    002_S_4171: Step 3/10: HD-BET skull stripping
    002_S_4225: Step 3/10: HD-BET skull stripping
    002_S_4229: Step 2/10: N4 bias field correction
    002_S_4270: Step 3/10: HD-BET skull stripping
    002_S_4447: Step 3/10: HD-BET skull stripping
    002_S_4473: Step 2/10: N4 bias field correction
    002_S_4654: Step 2/10: N4 bias field correction
    002_S_4746: Step 3/10: HD-BET skull stripping
    002_S_5018: Step 2/10: N4 bias field correction
    003_S_4288: Step 3/10: HD-BET skull stripping
    003_S_4350: Step 2/10: N4 bias field correction
    003_S_4441: Step 2/10: N4 bias field correction
    003_S_4872: Step 2/10: N4 bias field correction
    003_S_4900: Step 3/10: HD-BET skull stripping
    005_S_0221: Step 3/10: HD-BET skull stripping
    005_S_0222: Step 3/10: HD-BET skull stripping
    005_S_0546: Step 2/10: N4 bias field correction
    005_S_0610: Step 3/10: HD-BET skull stripping
    005_S_0929: Step 2/10: N4 bias field correction

[Live Progress] Done: 1 | Remaining: 629 | Failed: 1 | ETA: 21645.3 min
  Active subjects:
    002_S_4171: Step 3/10: HD-BET skull stripping
    002_S_4225: Step 3/10: HD-BET skull stripping
    002_S_4229: Step 2/10: N4 bias field correction
    002_S_4270: Step 3/10: HD-BET skull stripping
    002_S_4447: Step 3/10: HD-BET skull stripping
    002_S_4473: Step 2/10: N4 bias field correction
    002_S_4654: Step 2/10: N4 bias field correction
    002_S_4746: Step 3/10: HD-BET skull stripping
    002_S_5018: Step 2/10: N4 bias field correction
    003_S_4288: Step 3/10: HD-BET skull stripping
    003_S_4350: Step 2/10: N4 bias field correction
    003_S_4441: Step 2/10: N4 bias field correction
    003_S_4872: Step 2/10: N4 bias field correction
    003_S_4900: Step 3/10: HD-BET skull stripping
    005_S_0221: Step 3/10: HD-BET skull stripping
    005_S_0222: Step 3/10: HD-BET skull stripping
    005_S_0546: Step 2/10: N4 bias field correction
    005_S_0610: Step 3/10: HD-BET skull stripping
    005_S_0929: Step 2/10: N4 bias field correction

[Live Progress] Done: 1 | Remaining: 629 | Failed: 1 | ETA: 21655.8 min
  Active subjects:
    002_S_4171: Step 3/10: HD-BET skull stripping
    002_S_4225: Step 3/10: HD-BET skull stripping
    002_S_4229: Step 2/10: N4 bias field correction
    002_S_4270: Step 3/10: HD-BET skull stripping
    002_S_4447: Step 3/10: HD-BET skull stripping
    002_S_4473: Step 2/10: N4 bias field correction
    002_S_4654: Step 2/10: N4 bias field correction
    002_S_4746: Step 3/10: HD-BET skull stripping
    002_S_5018: Step 2/10: N4 bias field correction
    003_S_4288: Step 3/10: HD-BET skull stripping
    003_S_4350: Step 2/10: N4 bias field correction
    003_S_4441: Step 2/10: N4 bias field correction
    003_S_4872: Step 2/10: N4 bias field correction
    003_S_4900: Step 3/10: HD-BET skull stripping
    005_S_0221: Step 3/10: HD-BET skull stripping
    005_S_0222: Step 3/10: HD-BET skull stripping
    005_S_0546: Step 2/10: N4 bias field correction
    005_S_0610: Step 3/10: HD-BET skull stripping
    005_S_0929: Step 2/10: N4 bias field correction

[Live Progress] Done: 1 | Remaining: 629 | Failed: 1 | ETA: 21666.4 min
  Active subjects:
    002_S_4171: Step 3/10: HD-BET skull stripping
    002_S_4225: Step 3/10: HD-BET skull stripping
    002_S_4229: Step 2/10: N4 bias field correction
    002_S_4270: Step 3/10: HD-BET skull stripping
    002_S_4447: Step 3/10: HD-BET skull stripping
    002_S_4473: Step 2/10: N4 bias field correction
    002_S_4654: Step 2/10: N4 bias field correction
    002_S_4746: Step 3/10: HD-BET skull stripping
    002_S_5018: Step 2/10: N4 bias field correction
    003_S_4288: Step 3/10: HD-BET skull stripping
    003_S_4350: Step 2/10: N4 bias field correction
    003_S_4441: Step 2/10: N4 bias field correction
    003_S_4872: Step 2/10: N4 bias field correction
    003_S_4900: Step 3/10: HD-BET skull stripping
    005_S_0221: Step 3/10: HD-BET skull stripping
    005_S_0222: Step 3/10: HD-BET skull stripping
    005_S_0546: Step 2/10: N4 bias field correction
    005_S_0610: Step 3/10: HD-BET skull stripping
    005_S_0929: Step 2/10: N4 bias field correction

[Live Progress] Done: 1 | Remaining: 629 | Failed: 1 | ETA: 21677.0 min
  Active subjects:
    002_S_4171: Step 3/10: HD-BET skull stripping
    002_S_4225: Step 3/10: HD-BET skull stripping
    002_S_4229: Step 2/10: N4 bias field correction
    002_S_4270: Step 3/10: HD-BET skull stripping
    002_S_4447: Step 3/10: HD-BET skull stripping
    002_S_4473: Step 2/10: N4 bias field correction
    002_S_4654: Step 2/10: N4 bias field correction
    002_S_4746: Step 3/10: HD-BET skull stripping
    002_S_5018: Step 2/10: N4 bias field correction
    003_S_4288: Step 3/10: HD-BET skull stripping
    003_S_4350: Step 2/10: N4 bias field correction
    003_S_4441: Step 2/10: N4 bias field correction
    003_S_4872: Step 2/10: N4 bias field correction
    003_S_4900: Step 3/10: HD-BET skull stripping
    005_S_0221: Step 3/10: HD-BET skull stripping
    005_S_0222: Step 3/10: HD-BET skull stripping
    005_S_0546: Step 2/10: N4 bias field correction
    005_S_0610: Step 3/10: HD-BET skull stripping
    005_S_0929: Step 2/10: N4 bias field correction

[Live Progress] Done: 1 | Remaining: 629 | Failed: 1 | ETA: 21687.7 min
  Active subjects:
    002_S_4171: Step 3/10: HD-BET skull stripping
    002_S_4225: Step 3/10: HD-BET skull stripping
    002_S_4229: Step 2/10: N4 bias field correction
    002_S_4270: Step 3/10: HD-BET skull stripping
    002_S_4447: Step 3/10: HD-BET skull stripping
    002_S_4473: Step 2/10: N4 bias field correction
    002_S_4654: Step 2/10: N4 bias field correction
    002_S_4746: Step 3/10: HD-BET skull stripping
    002_S_5018: Step 2/10: N4 bias field correction
    003_S_4288: Step 3/10: HD-BET skull stripping
    003_S_4350: Step 2/10: N4 bias field correction
    003_S_4441: Step 2/10: N4 bias field correction
    003_S_4872: Step 2/10: N4 bias field correction
    003_S_4900: Step 3/10: HD-BET skull stripping
    005_S_0221: Step 3/10: HD-BET skull stripping
    005_S_0222: Step 3/10: HD-BET skull stripping
    005_S_0546: Step 2/10: N4 bias field correction
    005_S_0610: Step 3/10: HD-BET skull stripping
    005_S_0929: Step 2/10: N4 bias field correction

[Live Progress] Done: 1 | Remaining: 629 | Failed: 1 | ETA: 21698.2 min
  Active subjects:
    002_S_4171: Step 3/10: HD-BET skull stripping
    002_S_4225: Step 3/10: HD-BET skull stripping
    002_S_4229: Step 2/10: N4 bias field correction
    002_S_4270: Step 3/10: HD-BET skull stripping
    002_S_4447: Step 3/10: HD-BET skull stripping
    002_S_4473: Step 2/10: N4 bias field correction
    002_S_4654: Step 2/10: N4 bias field correction
    002_S_4746: Step 3/10: HD-BET skull stripping
    002_S_5018: Step 2/10: N4 bias field correction
    003_S_4288: Step 3/10: HD-BET skull stripping
    003_S_4350: Step 2/10: N4 bias field correction
    003_S_4441: Step 2/10: N4 bias field correction
    003_S_4872: Step 2/10: N4 bias field correction
    003_S_4900: Step 3/10: HD-BET skull stripping
    005_S_0221: Step 3/10: HD-BET skull stripping
    005_S_0222: Step 3/10: HD-BET skull stripping
    005_S_0546: Step 2/10: N4 bias field correction
    005_S_0610: Step 3/10: HD-BET skull stripping
    005_S_0929: Step 2/10: N4 bias field correction

[Live Progress] Done: 1 | Remaining: 629 | Failed: 1 | ETA: 21708.7 min
  Active subjects:
    002_S_4171: Step 3/10: HD-BET skull stripping
    002_S_4225: Step 3/10: HD-BET skull stripping
    002_S_4229: Step 2/10: N4 bias field correction
    002_S_4270: Step 3/10: HD-BET skull stripping
    002_S_4447: Step 3/10: HD-BET skull stripping
    002_S_4473: Step 2/10: N4 bias field correction
    002_S_4654: Step 2/10: N4 bias field correction
    002_S_4746: Step 3/10: HD-BET skull stripping
    002_S_5018: Step 2/10: N4 bias field correction
    003_S_4288: Step 3/10: HD-BET skull stripping
    003_S_4350: Step 2/10: N4 bias field correction
    003_S_4441: Step 2/10: N4 bias field correction
    003_S_4872: Step 2/10: N4 bias field correction
    003_S_4900: Step 3/10: HD-BET skull stripping
    005_S_0221: Step 3/10: HD-BET skull stripping
    005_S_0222: Step 3/10: HD-BET skull stripping
    005_S_0546: Step 2/10: N4 bias field correction
    005_S_0610: Step 3/10: HD-BET skull stripping
    005_S_0929: Step 2/10: N4 bias field correction

[Live Progress] Done: 1 | Remaining: 629 | Failed: 1 | ETA: 21719.3 min
  Active subjects:
    002_S_4171: Step 3/10: HD-BET skull stripping
    002_S_4225: Step 3/10: HD-BET skull stripping
    002_S_4229: Step 2/10: N4 bias field correction
    002_S_4270: Step 3/10: HD-BET skull stripping
    002_S_4447: Step 3/10: HD-BET skull stripping
    002_S_4473: Step 2/10: N4 bias field correction
    002_S_4654: Step 2/10: N4 bias field correction
    002_S_4746: Step 3/10: HD-BET skull stripping
    002_S_5018: Step 2/10: N4 bias field correction
    003_S_4288: Step 3/10: HD-BET skull stripping
    003_S_4350: Step 2/10: N4 bias field correction
    003_S_4441: Step 2/10: N4 bias field correction
    003_S_4872: Step 2/10: N4 bias field correction
    003_S_4900: Step 3/10: HD-BET skull stripping
    005_S_0221: Step 3/10: HD-BET skull stripping
    005_S_0222: Step 3/10: HD-BET skull stripping
    005_S_0546: Step 2/10: N4 bias field correction
    005_S_0610: Step 3/10: HD-BET skull stripping
    005_S_0929: Step 2/10: N4 bias field correction

[Live Progress] Done: 1 | Remaining: 629 | Failed: 1 | ETA: 21729.8 min
  Active subjects:
    002_S_4171: Step 3/10: HD-BET skull stripping
    002_S_4225: Step 3/10: HD-BET skull stripping
    002_S_4229: Step 2/10: N4 bias field correction
    002_S_4270: Step 3/10: HD-BET skull stripping
    002_S_4447: Step 3/10: HD-BET skull stripping
    002_S_4473: Step 2/10: N4 bias field correction
    002_S_4654: Step 2/10: N4 bias field correction
    002_S_4746: Step 3/10: HD-BET skull stripping
    002_S_5018: Step 2/10: N4 bias field correction
    003_S_4288: Step 3/10: HD-BET skull stripping
    003_S_4350: Step 2/10: N4 bias field correction
    003_S_4441: Step 2/10: N4 bias field correction
    003_S_4872: Step 2/10: N4 bias field correction
    003_S_4900: Step 3/10: HD-BET skull stripping
    005_S_0221: Step 3/10: HD-BET skull stripping
    005_S_0222: Step 3/10: HD-BET skull stripping
    005_S_0546: Step 2/10: N4 bias field correction
    005_S_0610: Step 3/10: HD-BET skull stripping
    005_S_0929: Step 2/10: N4 bias field correction

[Live Progress] Done: 1 | Remaining: 629 | Failed: 1 | ETA: 21740.4 min
  Active subjects:
    002_S_4171: Step 3/10: HD-BET skull stripping
    002_S_4225: Step 3/10: HD-BET skull stripping
    002_S_4229: Step 2/10: N4 bias field correction
    002_S_4270: Step 3/10: HD-BET skull stripping
    002_S_4447: Step 3/10: HD-BET skull stripping
    002_S_4473: Step 2/10: N4 bias field correction
    002_S_4654: Step 2/10: N4 bias field correction
    002_S_4746: Step 3/10: HD-BET skull stripping
    002_S_5018: Step 2/10: N4 bias field correction
    003_S_4288: Step 3/10: HD-BET skull stripping
    003_S_4350: Step 2/10: N4 bias field correction
    003_S_4441: Step 2/10: N4 bias field correction
    003_S_4872: Step 2/10: N4 bias field correction
    003_S_4900: Step 3/10: HD-BET skull stripping
    005_S_0221: Step 3/10: HD-BET skull stripping
    005_S_0222: Step 3/10: HD-BET skull stripping
    005_S_0546: Step 2/10: N4 bias field correction
    005_S_0610: Step 3/10: HD-BET skull stripping
    005_S_0929: Step 2/10: N4 bias field correction

[Live Progress] Done: 1 | Remaining: 629 | Failed: 1 | ETA: 21751.0 min
  Active subjects:
    002_S_4171: Step 3/10: HD-BET skull stripping
    002_S_4225: Step 3/10: HD-BET skull stripping
    002_S_4229: Step 2/10: N4 bias field correction
    002_S_4270: Step 3/10: HD-BET skull stripping
    002_S_4447: Step 3/10: HD-BET skull stripping
    002_S_4473: Step 2/10: N4 bias field correction
    002_S_4654: Step 3/10: HD-BET skull stripping
    002_S_4746: Step 3/10: HD-BET skull stripping
    002_S_5018: Step 2/10: N4 bias field correction
    003_S_4288: Step 3/10: HD-BET skull stripping
    003_S_4350: Step 2/10: N4 bias field correction
    003_S_4441: Step 2/10: N4 bias field correction
    003_S_4872: Step 2/10: N4 bias field correction
    003_S_4900: Step 3/10: HD-BET skull stripping
    005_S_0221: Step 3/10: HD-BET skull stripping
    005_S_0222: Step 3/10: HD-BET skull stripping
    005_S_0546: Step 2/10: N4 bias field correction
    005_S_0610: Step 3/10: HD-BET skull stripping
    005_S_0929: Step 2/10: N4 bias field correction

[Live Progress] Done: 1 | Remaining: 629 | Failed: 1 | ETA: 21761.5 min
  Active subjects:
    002_S_4171: Step 3/10: HD-BET skull stripping
    002_S_4225: Step 3/10: HD-BET skull stripping
    002_S_4229: Step 2/10: N4 bias field correction
    002_S_4270: Step 3/10: HD-BET skull stripping
    002_S_4447: Step 3/10: HD-BET skull stripping
    002_S_4473: Step 2/10: N4 bias field correction
    002_S_4654: Step 3/10: HD-BET skull stripping
    002_S_4746: Step 3/10: HD-BET skull stripping
    002_S_5018: Step 2/10: N4 bias field correction
    003_S_4288: Step 3/10: HD-BET skull stripping
    003_S_4350: Step 2/10: N4 bias field correction
    003_S_4441: Step 2/10: N4 bias field correction
    003_S_4872: Step 2/10: N4 bias field correction
    003_S_4900: Step 3/10: HD-BET skull stripping
    005_S_0221: Step 3/10: HD-BET skull stripping
    005_S_0222: Step 3/10: HD-BET skull stripping
    005_S_0546: Step 2/10: N4 bias field correction
    005_S_0610: Step 3/10: HD-BET skull stripping
    005_S_0929: Step 2/10: N4 bias field correction

[Live Progress] Done: 1 | Remaining: 629 | Failed: 1 | ETA: 21772.1 min
  Active subjects:
    002_S_4171: Step 3/10: HD-BET skull stripping
    002_S_4225: Step 3/10: HD-BET skull stripping
    002_S_4229: Step 2/10: N4 bias field correction
    002_S_4270: Step 3/10: HD-BET skull stripping
    002_S_4447: Step 3/10: HD-BET skull stripping
    002_S_4473: Step 2/10: N4 bias field correction
    002_S_4654: Step 3/10: HD-BET skull stripping
    002_S_4746: Step 3/10: HD-BET skull stripping
    002_S_5018: Step 2/10: N4 bias field correction
    003_S_4288: Step 3/10: HD-BET skull stripping
    003_S_4350: Step 2/10: N4 bias field correction
    003_S_4441: Step 2/10: N4 bias field correction
    003_S_4872: Step 2/10: N4 bias field correction
    003_S_4900: Step 3/10: HD-BET skull stripping
    005_S_0221: Step 3/10: HD-BET skull stripping
    005_S_0222: Step 3/10: HD-BET skull stripping
    005_S_0546: Step 2/10: N4 bias field correction
    005_S_0610: Step 3/10: HD-BET skull stripping
    005_S_0929: Step 2/10: N4 bias field correction

[Live Progress] Done: 1 | Remaining: 629 | Failed: 1 | ETA: 21782.6 min
  Active subjects:
    002_S_4171: Step 3/10: HD-BET skull stripping
    002_S_4225: Step 3/10: HD-BET skull stripping
    002_S_4229: Step 2/10: N4 bias field correction
    002_S_4270: Step 3/10: HD-BET skull stripping
    002_S_4447: Step 3/10: HD-BET skull stripping
    002_S_4473: Step 2/10: N4 bias field correction
    002_S_4654: Step 3/10: HD-BET skull stripping
    002_S_4746: Step 3/10: HD-BET skull stripping
    002_S_5018: Step 2/10: N4 bias field correction
    003_S_4288: Step 3/10: HD-BET skull stripping
    003_S_4350: Step 2/10: N4 bias field correction
    003_S_4441: Step 2/10: N4 bias field correction
    003_S_4872: Step 3/10: HD-BET skull stripping
    003_S_4900: Step 3/10: HD-BET skull stripping
    005_S_0221: Step 3/10: HD-BET skull stripping
    005_S_0222: Step 3/10: HD-BET skull stripping
    005_S_0546: Step 2/10: N4 bias field correction
    005_S_0610: Step 3/10: HD-BET skull stripping
    005_S_0929: Step 2/10: N4 bias field correction

[Live Progress] Done: 1 | Remaining: 629 | Failed: 1 | ETA: 21793.2 min
  Active subjects:
    002_S_4171: Step 3/10: HD-BET skull stripping
    002_S_4225: Step 3/10: HD-BET skull stripping
    002_S_4229: Step 2/10: N4 bias field correction
    002_S_4270: Step 3/10: HD-BET skull stripping
    002_S_4447: Step 3/10: HD-BET skull stripping
    002_S_4473: Step 2/10: N4 bias field correction
    002_S_4654: Step 3/10: HD-BET skull stripping
    002_S_4746: Step 3/10: HD-BET skull stripping
    002_S_5018: Step 2/10: N4 bias field correction
    003_S_4288: Step 3/10: HD-BET skull stripping
    003_S_4350: Step 2/10: N4 bias field correction
    003_S_4441: Step 2/10: N4 bias field correction
    003_S_4872: Step 3/10: HD-BET skull stripping
    003_S_4900: Step 3/10: HD-BET skull stripping
    005_S_0221: Step 3/10: HD-BET skull stripping
    005_S_0222: Step 3/10: HD-BET skull stripping
    005_S_0546: Step 2/10: N4 bias field correction
    005_S_0610: Step 3/10: HD-BET skull stripping
    005_S_0929: Step 2/10: N4 bias field correction

[Live Progress] Done: 1 | Remaining: 629 | Failed: 1 | ETA: 21803.9 min
  Active subjects:
    002_S_4171: Step 3/10: HD-BET skull stripping
    002_S_4225: Step 3/10: HD-BET skull stripping
    002_S_4229: Step 2/10: N4 bias field correction
    002_S_4270: Step 3/10: HD-BET skull stripping
    002_S_4447: Step 3/10: HD-BET skull stripping
    002_S_4473: Step 2/10: N4 bias field correction
    002_S_4654: Step 3/10: HD-BET skull stripping
    002_S_4746: Step 3/10: HD-BET skull stripping
    002_S_5018: Step 2/10: N4 bias field correction
    003_S_4288: Step 3/10: HD-BET skull stripping
    003_S_4350: Step 2/10: N4 bias field correction
    003_S_4441: Step 2/10: N4 bias field correction
    003_S_4872: Step 3/10: HD-BET skull stripping
    003_S_4900: Step 3/10: HD-BET skull stripping
    005_S_0221: Step 3/10: HD-BET skull stripping
    005_S_0222: Step 3/10: HD-BET skull stripping
    005_S_0546: Step 2/10: N4 bias field correction
    005_S_0610: Step 3/10: HD-BET skull stripping
    005_S_0929: Step 2/10: N4 bias field correction

[Live Progress] Done: 1 | Remaining: 629 | Failed: 1 | ETA: 21815.3 min
  Active subjects:
    002_S_4171: Step 3/10: HD-BET skull stripping
    002_S_4225: Step 3/10: HD-BET skull stripping
    002_S_4229: Step 2/10: N4 bias field correction
    002_S_4270: Step 3/10: HD-BET skull stripping
    002_S_4447: Step 3/10: HD-BET skull stripping
    002_S_4473: Step 2/10: N4 bias field correction
    002_S_4654: Step 3/10: HD-BET skull stripping
    002_S_4746: Step 3/10: HD-BET skull stripping
    002_S_5018: Step 2/10: N4 bias field correction
    003_S_4288: Step 3/10: HD-BET skull stripping
    003_S_4350: Step 2/10: N4 bias field correction
    003_S_4441: Step 2/10: N4 bias field correction
    003_S_4872: Step 3/10: HD-BET skull stripping
    003_S_4900: Step 3/10: HD-BET skull stripping
    005_S_0221: Step 3/10: HD-BET skull stripping
    005_S_0222: Step 3/10: HD-BET skull stripping
    005_S_0546: Step 2/10: N4 bias field correction
    005_S_0610: Step 3/10: HD-BET skull stripping
    005_S_0929: Step 2/10: N4 bias field correction

[Live Progress] Done: 1 | Remaining: 629 | Failed: 1 | ETA: 21826.2 min
  Active subjects:
    002_S_4171: Step 3/10: HD-BET skull stripping
    002_S_4225: Step 3/10: HD-BET skull stripping
    002_S_4229: Step 2/10: N4 bias field correction
    002_S_4270: Step 3/10: HD-BET skull stripping
    002_S_4447: Step 3/10: HD-BET skull stripping
    002_S_4473: Step 2/10: N4 bias field correction
    002_S_4654: Step 3/10: HD-BET skull stripping
    002_S_4746: Step 3/10: HD-BET skull stripping
    002_S_5018: Step 2/10: N4 bias field correction
    003_S_4288: Step 3/10: HD-BET skull stripping
    003_S_4350: Step 2/10: N4 bias field correction
    003_S_4441: Step 2/10: N4 bias field correction
    003_S_4872: Step 3/10: HD-BET skull stripping
    003_S_4900: Step 3/10: HD-BET skull stripping
    005_S_0221: Step 3/10: HD-BET skull stripping
    005_S_0222: Step 3/10: HD-BET skull stripping
    005_S_0546: Step 2/10: N4 bias field correction
    005_S_0610: Step 3/10: HD-BET skull stripping
    005_S_0929: Step 2/10: N4 bias field correction

[Live Progress] Done: 1 | Remaining: 629 | Failed: 1 | ETA: 21836.8 min
  Active subjects:
    002_S_4171: Step 3/10: HD-BET skull stripping
    002_S_4225: Step 3/10: HD-BET skull stripping
    002_S_4229: Step 2/10: N4 bias field correction
    002_S_4270: Step 3/10: HD-BET skull stripping
    002_S_4447: Step 3/10: HD-BET skull stripping
    002_S_4473: Step 2/10: N4 bias field correction
    002_S_4654: Step 3/10: HD-BET skull stripping
    002_S_4746: Step 3/10: HD-BET skull stripping
    002_S_5018: Step 2/10: N4 bias field correction
    003_S_4288: Step 3/10: HD-BET skull stripping
    003_S_4350: Step 2/10: N4 bias field correction
    003_S_4441: Step 2/10: N4 bias field correction
    003_S_4872: Step 3/10: HD-BET skull stripping
    003_S_4900: Step 3/10: HD-BET skull stripping
    005_S_0221: Step 3/10: HD-BET skull stripping
    005_S_0222: Step 3/10: HD-BET skull stripping
    005_S_0546: Step 2/10: N4 bias field correction
    005_S_0610: Step 3/10: HD-BET skull stripping
    005_S_0929: Step 2/10: N4 bias field correction

[Live Progress] Done: 1 | Remaining: 629 | Failed: 1 | ETA: 21847.4 min
  Active subjects:
    002_S_4171: Step 3/10: HD-BET skull stripping
    002_S_4225: Step 3/10: HD-BET skull stripping
    002_S_4229: Step 2/10: N4 bias field correction
    002_S_4270: Step 3/10: HD-BET skull stripping
    002_S_4447: Step 3/10: HD-BET skull stripping
    002_S_4473: Step 2/10: N4 bias field correction
    002_S_4654: Step 3/10: HD-BET skull stripping
    002_S_4746: Step 3/10: HD-BET skull stripping
    002_S_5018: Step 2/10: N4 bias field correction
    003_S_4288: Step 3/10: HD-BET skull stripping
    003_S_4350: Step 2/10: N4 bias field correction
    003_S_4441: Step 2/10: N4 bias field correction
    003_S_4872: Step 3/10: HD-BET skull stripping
    003_S_4900: Step 3/10: HD-BET skull stripping
    005_S_0221: Step 3/10: HD-BET skull stripping
    005_S_0222: Step 3/10: HD-BET skull stripping
    005_S_0546: Step 2/10: N4 bias field correction
    005_S_0610: Step 3/10: HD-BET skull stripping
    005_S_0929: Step 2/10: N4 bias field correction

[Live Progress] Done: 1 | Remaining: 629 | Failed: 1 | ETA: 21858.1 min
  Active subjects:
    002_S_4171: Step 3/10: HD-BET skull stripping
    002_S_4225: Step 3/10: HD-BET skull stripping
    002_S_4229: Step 2/10: N4 bias field correction
    002_S_4270: Step 3/10: HD-BET skull stripping
    002_S_4447: Step 3/10: HD-BET skull stripping
    002_S_4473: Step 2/10: N4 bias field correction
    002_S_4654: Step 3/10: HD-BET skull stripping
    002_S_4746: Step 3/10: HD-BET skull stripping
    002_S_5018: Step 2/10: N4 bias field correction
    003_S_4288: Step 3/10: HD-BET skull stripping
    003_S_4350: Step 2/10: N4 bias field correction
    003_S_4441: Step 2/10: N4 bias field correction
    003_S_4872: Step 3/10: HD-BET skull stripping
    003_S_4900: Step 3/10: HD-BET skull stripping
    005_S_0221: Step 3/10: HD-BET skull stripping
    005_S_0222: Step 3/10: HD-BET skull stripping
    005_S_0546: Step 2/10: N4 bias field correction
    005_S_0610: Step 3/10: HD-BET skull stripping
    005_S_0929: Step 2/10: N4 bias field correction

[Live Progress] Done: 1 | Remaining: 629 | Failed: 1 | ETA: 21868.9 min
  Active subjects:
    002_S_4171: Step 3/10: HD-BET skull stripping
    002_S_4225: Step 3/10: HD-BET skull stripping
    002_S_4229: Step 2/10: N4 bias field correction
    002_S_4270: Step 3/10: HD-BET skull stripping
    002_S_4447: Step 3/10: HD-BET skull stripping
    002_S_4473: Step 2/10: N4 bias field correction
    002_S_4654: Step 3/10: HD-BET skull stripping
    002_S_4746: Step 3/10: HD-BET skull stripping
    002_S_5018: Step 2/10: N4 bias field correction
    003_S_4288: Step 3/10: HD-BET skull stripping
    003_S_4350: Step 2/10: N4 bias field correction
    003_S_4441: Step 2/10: N4 bias field correction
    003_S_4872: Step 3/10: HD-BET skull stripping
    003_S_4900: Step 3/10: HD-BET skull stripping
    005_S_0221: Step 3/10: HD-BET skull stripping
    005_S_0222: Step 3/10: HD-BET skull stripping
    005_S_0546: Step 2/10: N4 bias field correction
    005_S_0610: Step 3/10: HD-BET skull stripping
    005_S_0929: Step 2/10: N4 bias field correction

[Live Progress] Done: 1 | Remaining: 629 | Failed: 1 | ETA: 21880.7 min
  Active subjects:
    002_S_4171: Step 3/10: HD-BET skull stripping
    002_S_4225: Step 3/10: HD-BET skull stripping
    002_S_4229: Step 2/10: N4 bias field correction
    002_S_4270: Step 3/10: HD-BET skull stripping
    002_S_4447: Step 3/10: HD-BET skull stripping
    002_S_4473: Step 2/10: N4 bias field correction
    002_S_4654: Step 3/10: HD-BET skull stripping
    002_S_4746: Step 3/10: HD-BET skull stripping
    002_S_5018: Step 2/10: N4 bias field correction
    003_S_4288: Step 3/10: HD-BET skull stripping
    003_S_4350: Step 2/10: N4 bias field correction
    003_S_4441: Step 2/10: N4 bias field correction
    003_S_4872: Step 3/10: HD-BET skull stripping
    003_S_4900: Step 3/10: HD-BET skull stripping
    005_S_0221: Step 3/10: HD-BET skull stripping
    005_S_0222: Step 3/10: HD-BET skull stripping
    005_S_0546: Step 2/10: N4 bias field correction
    005_S_0610: Step 3/10: HD-BET skull stripping
    005_S_0929: Step 2/10: N4 bias field correction

[Live Progress] Done: 1 | Remaining: 629 | Failed: 1 | ETA: 21891.9 min
  Active subjects:
    002_S_4171: Step 3/10: HD-BET skull stripping
    002_S_4225: Step 3/10: HD-BET skull stripping
    002_S_4229: Step 2/10: N4 bias field correction
    002_S_4270: Step 3/10: HD-BET skull stripping
    002_S_4447: Step 3/10: HD-BET skull stripping
    002_S_4473: Step 2/10: N4 bias field correction
    002_S_4654: Step 3/10: HD-BET skull stripping
    002_S_4746: Step 3/10: HD-BET skull stripping
    002_S_5018: Step 2/10: N4 bias field correction
    003_S_4288: Step 3/10: HD-BET skull stripping
    003_S_4350: Step 2/10: N4 bias field correction
    003_S_4441: Step 2/10: N4 bias field correction
    003_S_4872: Step 3/10: HD-BET skull stripping
    003_S_4900: Step 3/10: HD-BET skull stripping
    005_S_0221: Step 3/10: HD-BET skull stripping
    005_S_0222: Step 3/10: HD-BET skull stripping
    005_S_0546: Step 2/10: N4 bias field correction
    005_S_0610: Step 3/10: HD-BET skull stripping
    005_S_0929: Step 2/10: N4 bias field correction

[Live Progress] Done: 1 | Remaining: 629 | Failed: 1 | ETA: 21903.5 min
  Active subjects:
    002_S_4171: Step 3/10: HD-BET skull stripping
    002_S_4225: Step 3/10: HD-BET skull stripping
    002_S_4229: Step 2/10: N4 bias field correction
    002_S_4270: Step 3/10: HD-BET skull stripping
    002_S_4447: Step 3/10: HD-BET skull stripping
    002_S_4473: Step 2/10: N4 bias field correction
    002_S_4654: Step 3/10: HD-BET skull stripping
    002_S_4746: Step 3/10: HD-BET skull stripping
    002_S_5018: Step 2/10: N4 bias field correction
    003_S_4288: Step 3/10: HD-BET skull stripping
    003_S_4350: Step 2/10: N4 bias field correction
    003_S_4441: Step 2/10: N4 bias field correction
    003_S_4872: Step 3/10: HD-BET skull stripping
    003_S_4900: Step 3/10: HD-BET skull stripping
    005_S_0221: Step 3/10: HD-BET skull stripping
    005_S_0222: Step 3/10: HD-BET skull stripping
    005_S_0546: Step 2/10: N4 bias field correction
    005_S_0610: Step 3/10: HD-BET skull stripping
    005_S_0929: Step 2/10: N4 bias field correction

[Live Progress] Done: 1 | Remaining: 629 | Failed: 1 | ETA: 21914.5 min
  Active subjects:
    002_S_4171: Step 3/10: HD-BET skull stripping
    002_S_4225: Step 3/10: HD-BET skull stripping
    002_S_4229: Step 2/10: N4 bias field correction
    002_S_4270: Step 3/10: HD-BET skull stripping
    002_S_4447: Step 3/10: HD-BET skull stripping
    002_S_4473: Step 2/10: N4 bias field correction
    002_S_4654: Step 3/10: HD-BET skull stripping
    002_S_4746: Step 3/10: HD-BET skull stripping
    002_S_5018: Step 2/10: N4 bias field correction
    003_S_4288: Step 3/10: HD-BET skull stripping
    003_S_4350: Step 2/10: N4 bias field correction
    003_S_4441: Step 2/10: N4 bias field correction
    003_S_4872: Step 3/10: HD-BET skull stripping
    003_S_4900: Step 3/10: HD-BET skull stripping
    005_S_0221: Step 3/10: HD-BET skull stripping
    005_S_0222: Step 3/10: HD-BET skull stripping
    005_S_0546: Step 2/10: N4 bias field correction
    005_S_0610: Step 3/10: HD-BET skull stripping
    005_S_0929: Step 2/10: N4 bias field correction

[Live Progress] Done: 1 | Remaining: 629 | Failed: 1 | ETA: 21925.3 min
  Active subjects:
    002_S_4171: Step 3/10: HD-BET skull stripping
    002_S_4225: Step 3/10: HD-BET skull stripping
    002_S_4229: Step 2/10: N4 bias field correction
    002_S_4270: Step 3/10: HD-BET skull stripping
    002_S_4447: Step 3/10: HD-BET skull stripping
    002_S_4473: Step 2/10: N4 bias field correction
    002_S_4654: Step 3/10: HD-BET skull stripping
    002_S_4746: Step 3/10: HD-BET skull stripping
    002_S_5018: Step 2/10: N4 bias field correction
    003_S_4288: Step 3/10: HD-BET skull stripping
    003_S_4350: Step 2/10: N4 bias field correction
    003_S_4441: Step 2/10: N4 bias field correction
    003_S_4872: Step 3/10: HD-BET skull stripping
    003_S_4900: Step 3/10: HD-BET skull stripping
    005_S_0221: Step 3/10: HD-BET skull stripping
    005_S_0222: Step 3/10: HD-BET skull stripping
    005_S_0546: Step 2/10: N4 bias field correction
    005_S_0610: Step 3/10: HD-BET skull stripping
    005_S_0929: Step 2/10: N4 bias field correction

[Live Progress] Done: 1 | Remaining: 629 | Failed: 1 | ETA: 21936.1 min
  Active subjects:
    002_S_4171: Step 3/10: HD-BET skull stripping
    002_S_4225: Step 3/10: HD-BET skull stripping
    002_S_4229: Step 2/10: N4 bias field correction
    002_S_4270: Step 3/10: HD-BET skull stripping
    002_S_4447: Step 3/10: HD-BET skull stripping
    002_S_4473: Step 2/10: N4 bias field correction
    002_S_4654: Step 3/10: HD-BET skull stripping
    002_S_4746: Step 3/10: HD-BET skull stripping
    002_S_5018: Step 2/10: N4 bias field correction
    003_S_4288: Step 3/10: HD-BET skull stripping
    003_S_4350: Step 2/10: N4 bias field correction
    003_S_4441: Step 2/10: N4 bias field correction
    003_S_4872: Step 3/10: HD-BET skull stripping
    003_S_4900: Step 3/10: HD-BET skull stripping
    005_S_0221: Step 3/10: HD-BET skull stripping
    005_S_0222: Step 3/10: HD-BET skull stripping
    005_S_0546: Step 2/10: N4 bias field correction
    005_S_0610: Step 3/10: HD-BET skull stripping
    005_S_0929: Step 2/10: N4 bias field correction

[Live Progress] Done: 1 | Remaining: 629 | Failed: 1 | ETA: 21946.8 min
  Active subjects:
    002_S_4171: Step 3/10: HD-BET skull stripping
    002_S_4225: Step 3/10: HD-BET skull stripping
    002_S_4229: Step 2/10: N4 bias field correction
    002_S_4270: Step 3/10: HD-BET skull stripping
    002_S_4447: Step 3/10: HD-BET skull stripping
    002_S_4473: Step 2/10: N4 bias field correction
    002_S_4654: Step 3/10: HD-BET skull stripping
    002_S_4746: Step 3/10: HD-BET skull stripping
    002_S_5018: Step 2/10: N4 bias field correction
    003_S_4288: Step 3/10: HD-BET skull stripping
    003_S_4350: Step 2/10: N4 bias field correction
    003_S_4441: Step 2/10: N4 bias field correction
    003_S_4872: Step 3/10: HD-BET skull stripping
    003_S_4900: Step 3/10: HD-BET skull stripping
    005_S_0221: Step 3/10: HD-BET skull stripping
    005_S_0222: Step 3/10: HD-BET skull stripping
    005_S_0546: Step 2/10: N4 bias field correction
    005_S_0610: Step 3/10: HD-BET skull stripping
    005_S_0929: Step 2/10: N4 bias field correction

[Live Progress] Done: 1 | Remaining: 629 | Failed: 1 | ETA: 21957.7 min
  Active subjects:
    002_S_4171: Step 3/10: HD-BET skull stripping
    002_S_4225: Step 3/10: HD-BET skull stripping
    002_S_4229: Step 2/10: N4 bias field correction
    002_S_4270: Step 3/10: HD-BET skull stripping
    002_S_4447: Step 3/10: HD-BET skull stripping
    002_S_4473: Step 2/10: N4 bias field correction
    002_S_4654: Step 3/10: HD-BET skull stripping
    002_S_4746: Step 3/10: HD-BET skull stripping
    002_S_5018: Step 2/10: N4 bias field correction
    003_S_4288: Step 3/10: HD-BET skull stripping
    003_S_4350: Step 2/10: N4 bias field correction
    003_S_4441: Step 2/10: N4 bias field correction
    003_S_4872: Step 3/10: HD-BET skull stripping
    003_S_4900: Step 3/10: HD-BET skull stripping
    005_S_0221: Step 3/10: HD-BET skull stripping
    005_S_0222: Step 3/10: HD-BET skull stripping
    005_S_0546: Step 2/10: N4 bias field correction
    005_S_0610: Step 3/10: HD-BET skull stripping
    005_S_0929: Step 2/10: N4 bias field correction

[Live Progress] Done: 1 | Remaining: 629 | Failed: 1 | ETA: 21968.9 min
  Active subjects:
    002_S_4171: Step 3/10: HD-BET skull stripping
    002_S_4225: Step 3/10: HD-BET skull stripping
    002_S_4229: Step 2/10: N4 bias field correction
    002_S_4270: Step 3/10: HD-BET skull stripping
    002_S_4447: Step 3/10: HD-BET skull stripping
    002_S_4473: Step 2/10: N4 bias field correction
    002_S_4654: Step 3/10: HD-BET skull stripping
    002_S_4746: Step 3/10: HD-BET skull stripping
    002_S_5018: Step 2/10: N4 bias field correction
    003_S_4288: Step 3/10: HD-BET skull stripping
    003_S_4350: Step 2/10: N4 bias field correction
    003_S_4441: Step 2/10: N4 bias field correction
    003_S_4872: Step 3/10: HD-BET skull stripping
    003_S_4900: Step 3/10: HD-BET skull stripping
    005_S_0221: Step 3/10: HD-BET skull stripping
    005_S_0222: Step 3/10: HD-BET skull stripping
    005_S_0546: Step 2/10: N4 bias field correction
    005_S_0610: Step 3/10: HD-BET skull stripping
    005_S_0929: Step 2/10: N4 bias field correction

[Live Progress] Done: 1 | Remaining: 629 | Failed: 1 | ETA: 21980.3 min
  Active subjects:
    002_S_4171: Step 3/10: HD-BET skull stripping
    002_S_4225: Step 3/10: HD-BET skull stripping
    002_S_4229: Step 2/10: N4 bias field correction
    002_S_4270: Step 3/10: HD-BET skull stripping
    002_S_4447: Step 3/10: HD-BET skull stripping
    002_S_4473: Step 2/10: N4 bias field correction
    002_S_4654: Step 3/10: HD-BET skull stripping
    002_S_4746: Step 3/10: HD-BET skull stripping
    002_S_5018: Step 2/10: N4 bias field correction
    003_S_4288: Step 3/10: HD-BET skull stripping
    003_S_4350: Step 2/10: N4 bias field correction
    003_S_4441: Step 2/10: N4 bias field correction
    003_S_4872: Step 3/10: HD-BET skull stripping
    003_S_4900: Step 3/10: HD-BET skull stripping
    005_S_0221: Step 3/10: HD-BET skull stripping
    005_S_0222: Step 3/10: HD-BET skull stripping
    005_S_0546: Step 2/10: N4 bias field correction
    005_S_0610: Step 3/10: HD-BET skull stripping
    005_S_0929: Step 2/10: N4 bias field correction

[Live Progress] Done: 1 | Remaining: 629 | Failed: 1 | ETA: 21991.3 min
  Active subjects:
    002_S_4171: Step 3/10: HD-BET skull stripping
    002_S_4225: Step 3/10: HD-BET skull stripping
    002_S_4229: Step 2/10: N4 bias field correction
    002_S_4270: Step 3/10: HD-BET skull stripping
    002_S_4447: Step 3/10: HD-BET skull stripping
    002_S_4473: Step 2/10: N4 bias field correction
    002_S_4654: Step 3/10: HD-BET skull stripping
    002_S_4746: Step 3/10: HD-BET skull stripping
    002_S_5018: Step 2/10: N4 bias field correction
    003_S_4288: Step 3/10: HD-BET skull stripping
    003_S_4350: Step 2/10: N4 bias field correction
    003_S_4441: Step 2/10: N4 bias field correction
    003_S_4872: Step 3/10: HD-BET skull stripping
    003_S_4900: Step 3/10: HD-BET skull stripping
    005_S_0221: Step 3/10: HD-BET skull stripping
    005_S_0222: Step 3/10: HD-BET skull stripping
    005_S_0546: Step 2/10: N4 bias field correction
    005_S_0610: Step 3/10: HD-BET skull stripping
    005_S_0929: Step 2/10: N4 bias field correction

[Live Progress] Done: 1 | Remaining: 629 | Failed: 1 | ETA: 22002.5 min
  Active subjects:
    002_S_4171: Step 3/10: HD-BET skull stripping
    002_S_4225: Step 3/10: HD-BET skull stripping
    002_S_4229: Step 2/10: N4 bias field correction
    002_S_4270: Step 3/10: HD-BET skull stripping
    002_S_4447: Step 3/10: HD-BET skull stripping
    002_S_4473: Step 2/10: N4 bias field correction
    002_S_4654: Step 3/10: HD-BET skull stripping
    002_S_4746: Step 3/10: HD-BET skull stripping
    002_S_5018: Step 2/10: N4 bias field correction
    003_S_4288: Step 3/10: HD-BET skull stripping
    003_S_4350: Step 2/10: N4 bias field correction
    003_S_4441: Step 2/10: N4 bias field correction
    003_S_4872: Step 3/10: HD-BET skull stripping
    003_S_4900: Step 3/10: HD-BET skull stripping
    005_S_0221: Step 3/10: HD-BET skull stripping
    005_S_0222: Step 3/10: HD-BET skull stripping
    005_S_0546: Step 2/10: N4 bias field correction
    005_S_0610: Step 3/10: HD-BET skull stripping
    005_S_0929: Step 2/10: N4 bias field correction

[Live Progress] Done: 1 | Remaining: 629 | Failed: 1 | ETA: 22014.8 min
  Active subjects:
    002_S_4171: Step 3/10: HD-BET skull stripping
    002_S_4225: Step 3/10: HD-BET skull stripping
    002_S_4229: Step 2/10: N4 bias field correction
    002_S_4270: Step 3/10: HD-BET skull stripping
    002_S_4447: Step 3/10: HD-BET skull stripping
    002_S_4473: Step 2/10: N4 bias field correction
    002_S_4654: Step 3/10: HD-BET skull stripping
    002_S_4746: Step 3/10: HD-BET skull stripping
    002_S_5018: Step 2/10: N4 bias field correction
    003_S_4288: Step 3/10: HD-BET skull stripping
    003_S_4350: Step 2/10: N4 bias field correction
    003_S_4441: Step 2/10: N4 bias field correction
    003_S_4872: Step 3/10: HD-BET skull stripping
    003_S_4900: Step 3/10: HD-BET skull stripping
    005_S_0221: Step 3/10: HD-BET skull stripping
    005_S_0222: Step 3/10: HD-BET skull stripping
    005_S_0546: Step 2/10: N4 bias field correction
    005_S_0610: Step 3/10: HD-BET skull stripping
    005_S_0929: Step 2/10: N4 bias field correction

[Live Progress] Done: 1 | Remaining: 629 | Failed: 1 | ETA: 22028.6 min
  Active subjects:
    002_S_4171: Step 3/10: HD-BET skull stripping
    002_S_4225: Step 3/10: HD-BET skull stripping
    002_S_4229: Step 2/10: N4 bias field correction
    002_S_4270: Step 3/10: HD-BET skull stripping
    002_S_4447: Step 3/10: HD-BET skull stripping
    002_S_4473: Step 2/10: N4 bias field correction
    002_S_4654: Step 3/10: HD-BET skull stripping
    002_S_4746: Step 3/10: HD-BET skull stripping
    002_S_5018: Step 2/10: N4 bias field correction
    003_S_4288: Step 3/10: HD-BET skull stripping
    003_S_4350: Step 2/10: N4 bias field correction
    003_S_4441: Step 2/10: N4 bias field correction
    003_S_4872: Step 3/10: HD-BET skull stripping
    003_S_4900: Step 3/10: HD-BET skull stripping
    005_S_0221: Step 3/10: HD-BET skull stripping
    005_S_0222: Step 3/10: HD-BET skull stripping
    005_S_0546: Step 2/10: N4 bias field correction
    005_S_0610: Step 3/10: HD-BET skull stripping
    005_S_0929: Step 2/10: N4 bias field correction

[Live Progress] Done: 1 | Remaining: 629 | Failed: 1 | ETA: 22042.4 min
  Active subjects:
    002_S_4171: Step 3/10: HD-BET skull stripping
    002_S_4225: Step 3/10: HD-BET skull stripping
    002_S_4229: Step 2/10: N4 bias field correction
    002_S_4270: Step 3/10: HD-BET skull stripping
    002_S_4447: Step 3/10: HD-BET skull stripping
    002_S_4473: Step 2/10: N4 bias field correction
    002_S_4654: Step 3/10: HD-BET skull stripping
    002_S_4746: Step 3/10: HD-BET skull stripping
    002_S_5018: Step 2/10: N4 bias field correction
    003_S_4288: Step 3/10: HD-BET skull stripping
    003_S_4350: Step 2/10: N4 bias field correction
    003_S_4441: Step 2/10: N4 bias field correction
    003_S_4872: Step 3/10: HD-BET skull stripping
    003_S_4900: Step 3/10: HD-BET skull stripping
    005_S_0221: Step 3/10: HD-BET skull stripping
    005_S_0222: Step 3/10: HD-BET skull stripping
    005_S_0546: Step 2/10: N4 bias field correction
    005_S_0610: Step 3/10: HD-BET skull stripping
    005_S_0929: Step 2/10: N4 bias field correction

[Live Progress] Done: 1 | Remaining: 629 | Failed: 1 | ETA: 22054.4 min
  Active subjects:
    002_S_4171: Step 3/10: HD-BET skull stripping
    002_S_4225: Step 3/10: HD-BET skull stripping
    002_S_4229: Step 2/10: N4 bias field correction
    002_S_4270: Step 3/10: HD-BET skull stripping
    002_S_4447: Step 3/10: HD-BET skull stripping
    002_S_4473: Step 2/10: N4 bias field correction
    002_S_4654: Step 3/10: HD-BET skull stripping
    002_S_4746: Step 3/10: HD-BET skull stripping
    002_S_5018: Step 2/10: N4 bias field correction
    003_S_4288: Step 3/10: HD-BET skull stripping
    003_S_4350: Step 2/10: N4 bias field correction
    003_S_4441: Step 2/10: N4 bias field correction
    003_S_4872: Step 3/10: HD-BET skull stripping
    003_S_4900: Step 3/10: HD-BET skull stripping
    005_S_0221: Step 3/10: HD-BET skull stripping
    005_S_0222: Step 3/10: HD-BET skull stripping
    005_S_0546: Step 2/10: N4 bias field correction
    005_S_0610: Step 3/10: HD-BET skull stripping
    005_S_0929: Step 2/10: N4 bias field correction

[Live Progress] Done: 1 | Remaining: 629 | Failed: 1 | ETA: 22065.9 min
  Active subjects:
    002_S_4171: Step 3/10: HD-BET skull stripping
    002_S_4225: Step 3/10: HD-BET skull stripping
    002_S_4229: Step 2/10: N4 bias field correction
    002_S_4270: Step 3/10: HD-BET skull stripping
    002_S_4447: Step 3/10: HD-BET skull stripping
    002_S_4473: Step 2/10: N4 bias field correction
    002_S_4654: Step 3/10: HD-BET skull stripping
    002_S_4746: Step 3/10: HD-BET skull stripping
    002_S_5018: Step 2/10: N4 bias field correction
    003_S_4288: Step 3/10: HD-BET skull stripping
    003_S_4350: Step 2/10: N4 bias field correction
    003_S_4441: Step 2/10: N4 bias field correction
    003_S_4872: Step 3/10: HD-BET skull stripping
    003_S_4900: Step 3/10: HD-BET skull stripping
    005_S_0221: Step 3/10: HD-BET skull stripping
    005_S_0222: Step 3/10: HD-BET skull stripping
    005_S_0546: Step 2/10: N4 bias field correction
    005_S_0610: Step 3/10: HD-BET skull stripping
    005_S_0929: Step 2/10: N4 bias field correction

[Live Progress] Done: 1 | Remaining: 629 | Failed: 1 | ETA: 22079.3 min
  Active subjects:
    002_S_4171: Step 3/10: HD-BET skull stripping
    002_S_4225: Step 3/10: HD-BET skull stripping
    002_S_4229: Step 2/10: N4 bias field correction
    002_S_4270: Step 3/10: HD-BET skull stripping
    002_S_4447: Step 3/10: HD-BET skull stripping
    002_S_4473: Step 2/10: N4 bias field correction
    002_S_4654: Step 3/10: HD-BET skull stripping
    002_S_4746: Step 3/10: HD-BET skull stripping
    002_S_5018: Step 2/10: N4 bias field correction
    003_S_4288: Step 3/10: HD-BET skull stripping
    003_S_4350: Step 2/10: N4 bias field correction
    003_S_4441: Step 2/10: N4 bias field correction
    003_S_4872: Step 3/10: HD-BET skull stripping
    003_S_4900: Step 3/10: HD-BET skull stripping
    005_S_0221: Step 3/10: HD-BET skull stripping
    005_S_0222: Step 3/10: HD-BET skull stripping
    005_S_0546: Step 2/10: N4 bias field correction
    005_S_0610: Step 3/10: HD-BET skull stripping
    005_S_0929: Step 2/10: N4 bias field correction

[Live Progress] Done: 1 | Remaining: 629 | Failed: 1 | ETA: 22090.8 min
  Active subjects:
    002_S_4171: Step 3/10: HD-BET skull stripping
    002_S_4225: Step 3/10: HD-BET skull stripping
    002_S_4229: Step 2/10: N4 bias field correction
    002_S_4270: Step 3/10: HD-BET skull stripping
    002_S_4447: Step 3/10: HD-BET skull stripping
    002_S_4473: Step 2/10: N4 bias field correction
    002_S_4654: Step 3/10: HD-BET skull stripping
    002_S_4746: Step 3/10: HD-BET skull stripping
    002_S_5018: Step 2/10: N4 bias field correction
    003_S_4288: Step 3/10: HD-BET skull stripping
    003_S_4350: Step 2/10: N4 bias field correction
    003_S_4441: Step 2/10: N4 bias field correction
    003_S_4872: Step 3/10: HD-BET skull stripping
    003_S_4900: Step 3/10: HD-BET skull stripping
    005_S_0221: Step 3/10: HD-BET skull stripping
    005_S_0222: Step 3/10: HD-BET skull stripping
    005_S_0546: Step 2/10: N4 bias field correction
    005_S_0610: Step 3/10: HD-BET skull stripping
    005_S_0929: Step 2/10: N4 bias field correction

[Live Progress] Done: 1 | Remaining: 629 | Failed: 1 | ETA: 22105.4 min
  Active subjects:
    002_S_4171: Step 3/10: HD-BET skull stripping
    002_S_4225: Step 3/10: HD-BET skull stripping
    002_S_4229: Step 2/10: N4 bias field correction
    002_S_4270: Step 3/10: HD-BET skull stripping
    002_S_4447: Step 3/10: HD-BET skull stripping
    002_S_4473: Step 2/10: N4 bias field correction
    002_S_4654: Step 3/10: HD-BET skull stripping
    002_S_4746: Step 3/10: HD-BET skull stripping
    002_S_5018: Step 2/10: N4 bias field correction
    003_S_4288: Step 3/10: HD-BET skull stripping
    003_S_4350: Step 2/10: N4 bias field correction
    003_S_4441: Step 2/10: N4 bias field correction
    003_S_4872: Step 3/10: HD-BET skull stripping
    003_S_4900: Step 3/10: HD-BET skull stripping
    005_S_0221: Step 3/10: HD-BET skull stripping
    005_S_0222: Step 3/10: HD-BET skull stripping
    005_S_0546: Step 2/10: N4 bias field correction
    005_S_0610: Step 3/10: HD-BET skull stripping
    005_S_0929: Step 2/10: N4 bias field correction

[Live Progress] Done: 1 | Remaining: 629 | Failed: 1 | ETA: 22119.8 min
  Active subjects:
    002_S_4171: Step 3/10: HD-BET skull stripping
    002_S_4225: Step 3/10: HD-BET skull stripping
    002_S_4229: Step 2/10: N4 bias field correction
    002_S_4270: Step 3/10: HD-BET skull stripping
    002_S_4447: Step 3/10: HD-BET skull stripping
    002_S_4473: Step 2/10: N4 bias field correction
    002_S_4654: Step 3/10: HD-BET skull stripping
    002_S_4746: Step 3/10: HD-BET skull stripping
    002_S_5018: Step 2/10: N4 bias field correction
    003_S_4288: Step 3/10: HD-BET skull stripping
    003_S_4350: Step 2/10: N4 bias field correction
    003_S_4441: Step 2/10: N4 bias field correction
    003_S_4872: Step 3/10: HD-BET skull stripping
    003_S_4900: Step 3/10: HD-BET skull stripping
    005_S_0221: Step 3/10: HD-BET skull stripping
    005_S_0222: Step 3/10: HD-BET skull stripping
    005_S_0546: Step 2/10: N4 bias field correction
    005_S_0610: Step 3/10: HD-BET skull stripping
    005_S_0929: Step 2/10: N4 bias field correction

[Live Progress] Done: 1 | Remaining: 629 | Failed: 1 | ETA: 22131.9 min
  Active subjects:
    002_S_4171: Step 3/10: HD-BET skull stripping
    002_S_4225: Step 3/10: HD-BET skull stripping
    002_S_4229: Step 2/10: N4 bias field correction
    002_S_4270: Step 3/10: HD-BET skull stripping
    002_S_4447: Step 3/10: HD-BET skull stripping
    002_S_4473: Step 2/10: N4 bias field correction
    002_S_4654: Step 3/10: HD-BET skull stripping
    002_S_4746: Step 3/10: HD-BET skull stripping
    002_S_5018: Step 2/10: N4 bias field correction
    003_S_4288: Step 3/10: HD-BET skull stripping
    003_S_4350: Step 2/10: N4 bias field correction
    003_S_4441: Step 2/10: N4 bias field correction
    003_S_4872: Step 3/10: HD-BET skull stripping
    003_S_4900: Step 3/10: HD-BET skull stripping
    005_S_0221: Step 3/10: HD-BET skull stripping
    005_S_0222: Step 3/10: HD-BET skull stripping
    005_S_0546: Step 2/10: N4 bias field correction
    005_S_0610: Step 3/10: HD-BET skull stripping
    005_S_0929: Step 2/10: N4 bias field correction

[Live Progress] Done: 1 | Remaining: 629 | Failed: 1 | ETA: 22143.0 min
  Active subjects:
    002_S_4171: Step 3/10: HD-BET skull stripping
    002_S_4225: Step 3/10: HD-BET skull stripping
    002_S_4229: Step 2/10: N4 bias field correction
    002_S_4270: Step 3/10: HD-BET skull stripping
    002_S_4447: Step 3/10: HD-BET skull stripping
    002_S_4473: Step 2/10: N4 bias field correction
    002_S_4654: Step 3/10: HD-BET skull stripping
    002_S_4746: Step 3/10: HD-BET skull stripping
    002_S_5018: Step 2/10: N4 bias field correction
    003_S_4288: Step 3/10: HD-BET skull stripping
    003_S_4350: Step 2/10: N4 bias field correction
    003_S_4441: Step 2/10: N4 bias field correction
    003_S_4872: Step 3/10: HD-BET skull stripping
    003_S_4900: Step 3/10: HD-BET skull stripping
    005_S_0221: Step 3/10: HD-BET skull stripping
    005_S_0222: Step 3/10: HD-BET skull stripping
    005_S_0546: Step 2/10: N4 bias field correction
    005_S_0610: Step 3/10: HD-BET skull stripping
    005_S_0929: Step 2/10: N4 bias field correction

[Live Progress] Done: 1 | Remaining: 629 | Failed: 1 | ETA: 22154.2 min
  Active subjects:
    002_S_4171: Step 3/10: HD-BET skull stripping
    002_S_4225: Step 3/10: HD-BET skull stripping
    002_S_4229: Step 2/10: N4 bias field correction
    002_S_4270: Step 3/10: HD-BET skull stripping
    002_S_4447: Step 3/10: HD-BET skull stripping
    002_S_4473: Step 2/10: N4 bias field correction
    002_S_4654: Step 3/10: HD-BET skull stripping
    002_S_4746: Step 3/10: HD-BET skull stripping
    002_S_5018: Step 2/10: N4 bias field correction
    003_S_4288: Step 3/10: HD-BET skull stripping
    003_S_4350: Step 2/10: N4 bias field correction
    003_S_4441: Step 2/10: N4 bias field correction
    003_S_4872: Step 3/10: HD-BET skull stripping
    003_S_4900: Step 3/10: HD-BET skull stripping
    005_S_0221: Step 3/10: HD-BET skull stripping
    005_S_0222: Step 3/10: HD-BET skull stripping
    005_S_0546: Step 2/10: N4 bias field correction
    005_S_0610: Step 3/10: HD-BET skull stripping
    005_S_0929: Step 2/10: N4 bias field correction

[Live Progress] Done: 1 | Remaining: 629 | Failed: 1 | ETA: 22165.4 min
  Active subjects:
    002_S_4171: Step 3/10: HD-BET skull stripping
    002_S_4225: Step 3/10: HD-BET skull stripping
    002_S_4229: Step 2/10: N4 bias field correction
    002_S_4270: Step 3/10: HD-BET skull stripping
    002_S_4447: Step 3/10: HD-BET skull stripping
    002_S_4473: Step 2/10: N4 bias field correction
    002_S_4654: Step 3/10: HD-BET skull stripping
    002_S_4746: Step 3/10: HD-BET skull stripping
    002_S_5018: Step 2/10: N4 bias field correction
    003_S_4288: Step 3/10: HD-BET skull stripping
    003_S_4350: Step 2/10: N4 bias field correction
    003_S_4441: Step 2/10: N4 bias field correction
    003_S_4872: Step 3/10: HD-BET skull stripping
    003_S_4900: Step 3/10: HD-BET skull stripping
    005_S_0221: Step 3/10: HD-BET skull stripping
    005_S_0222: Step 3/10: HD-BET skull stripping
    005_S_0546: Step 2/10: N4 bias field correction
    005_S_0610: Step 3/10: HD-BET skull stripping
    005_S_0929: Step 2/10: N4 bias field correction

[Live Progress] Done: 1 | Remaining: 629 | Failed: 1 | ETA: 22177.0 min
  Active subjects:
    002_S_4171: Step 3/10: HD-BET skull stripping
    002_S_4225: Step 3/10: HD-BET skull stripping
    002_S_4229: Step 2/10: N4 bias field correction
    002_S_4270: Step 3/10: HD-BET skull stripping
    002_S_4447: Step 3/10: HD-BET skull stripping
    002_S_4473: Step 2/10: N4 bias field correction
    002_S_4654: Step 3/10: HD-BET skull stripping
    002_S_4746: Step 3/10: HD-BET skull stripping
    002_S_5018: Step 2/10: N4 bias field correction
    003_S_4288: Step 3/10: HD-BET skull stripping
    003_S_4350: Step 2/10: N4 bias field correction
    003_S_4441: Step 2/10: N4 bias field correction
    003_S_4872: Step 3/10: HD-BET skull stripping
    003_S_4900: Step 3/10: HD-BET skull stripping
    005_S_0221: Step 3/10: HD-BET skull stripping
    005_S_0222: Step 3/10: HD-BET skull stripping
    005_S_0546: Step 2/10: N4 bias field correction
    005_S_0610: Step 3/10: HD-BET skull stripping
    005_S_0929: Step 2/10: N4 bias field correction

[Live Progress] Done: 1 | Remaining: 629 | Failed: 1 | ETA: 22188.7 min
  Active subjects:
    002_S_4171: Step 3/10: HD-BET skull stripping
    002_S_4225: Step 3/10: HD-BET skull stripping
    002_S_4229: Step 2/10: N4 bias field correction
    002_S_4270: Step 3/10: HD-BET skull stripping
    002_S_4447: Step 3/10: HD-BET skull stripping
    002_S_4473: Step 2/10: N4 bias field correction
    002_S_4654: Step 3/10: HD-BET skull stripping
    002_S_4746: Step 3/10: HD-BET skull stripping
    002_S_5018: Step 2/10: N4 bias field correction
    003_S_4288: Step 3/10: HD-BET skull stripping
    003_S_4350: Step 2/10: N4 bias field correction
    003_S_4441: Step 2/10: N4 bias field correction
    003_S_4872: Step 3/10: HD-BET skull stripping
    003_S_4900: Step 3/10: HD-BET skull stripping
    005_S_0221: Step 3/10: HD-BET skull stripping
    005_S_0222: Step 3/10: HD-BET skull stripping
    005_S_0546: Step 2/10: N4 bias field correction
    005_S_0610: Step 3/10: HD-BET skull stripping
    005_S_0929: Step 2/10: N4 bias field correction

[Live Progress] Done: 1 | Remaining: 629 | Failed: 1 | ETA: 22201.2 min
  Active subjects:
    002_S_4171: Step 3/10: HD-BET skull stripping
    002_S_4225: Step 3/10: HD-BET skull stripping
    002_S_4229: Step 2/10: N4 bias field correction
    002_S_4270: Step 3/10: HD-BET skull stripping
    002_S_4447: Step 3/10: HD-BET skull stripping
    002_S_4473: Step 2/10: N4 bias field correction
    002_S_4654: Step 3/10: HD-BET skull stripping
    002_S_4746: Step 3/10: HD-BET skull stripping
    002_S_5018: Step 2/10: N4 bias field correction
    003_S_4288: Step 3/10: HD-BET skull stripping
    003_S_4350: Step 2/10: N4 bias field correction
    003_S_4441: Step 2/10: N4 bias field correction
    003_S_4872: Step 3/10: HD-BET skull stripping
    003_S_4900: Step 3/10: HD-BET skull stripping
    005_S_0221: Step 3/10: HD-BET skull stripping
    005_S_0222: Step 3/10: HD-BET skull stripping
    005_S_0546: Step 2/10: N4 bias field correction
    005_S_0610: Step 3/10: HD-BET skull stripping
    005_S_0929: Step 2/10: N4 bias field correction

[Live Progress] Done: 1 | Remaining: 629 | Failed: 1 | ETA: 22214.1 min
  Active subjects:
    002_S_4171: Step 3/10: HD-BET skull stripping
    002_S_4225: Step 3/10: HD-BET skull stripping
    002_S_4229: Step 2/10: N4 bias field correction
    002_S_4270: Step 3/10: HD-BET skull stripping
    002_S_4447: Step 3/10: HD-BET skull stripping
    002_S_4473: Step 2/10: N4 bias field correction
    002_S_4654: Step 3/10: HD-BET skull stripping
    002_S_4746: Step 3/10: HD-BET skull stripping
    002_S_5018: Step 2/10: N4 bias field correction
    003_S_4288: Step 3/10: HD-BET skull stripping
    003_S_4350: Step 2/10: N4 bias field correction
    003_S_4441: Step 2/10: N4 bias field correction
    003_S_4872: Step 3/10: HD-BET skull stripping
    003_S_4900: Step 3/10: HD-BET skull stripping
    005_S_0221: Step 3/10: HD-BET skull stripping
    005_S_0222: Step 3/10: HD-BET skull stripping
    005_S_0546: Step 2/10: N4 bias field correction
    005_S_0610: Step 3/10: HD-BET skull stripping
    005_S_0929: Step 2/10: N4 bias field correction

[Live Progress] Done: 1 | Remaining: 629 | Failed: 1 | ETA: 22226.5 min
  Active subjects:
    002_S_4171: Step 3/10: HD-BET skull stripping
    002_S_4225: Step 3/10: HD-BET skull stripping
    002_S_4229: Step 2/10: N4 bias field correction
    002_S_4270: Step 3/10: HD-BET skull stripping
    002_S_4447: Step 3/10: HD-BET skull stripping
    002_S_4473: Step 2/10: N4 bias field correction
    002_S_4654: Step 3/10: HD-BET skull stripping
    002_S_4746: Step 3/10: HD-BET skull stripping
    002_S_5018: Step 2/10: N4 bias field correction
    003_S_4288: Step 3/10: HD-BET skull stripping
    003_S_4350: Step 2/10: N4 bias field correction
    003_S_4441: Step 2/10: N4 bias field correction
    003_S_4872: Step 3/10: HD-BET skull stripping
    003_S_4900: Step 3/10: HD-BET skull stripping
    005_S_0221: Step 3/10: HD-BET skull stripping
    005_S_0222: Step 3/10: HD-BET skull stripping
    005_S_0546: Step 2/10: N4 bias field correction
    005_S_0610: Step 3/10: HD-BET skull stripping
    005_S_0929: Step 2/10: N4 bias field correction

[Live Progress] Done: 1 | Remaining: 629 | Failed: 1 | ETA: 22243.0 min
  Active subjects:
    002_S_4171: Step 3/10: HD-BET skull stripping
    002_S_4225: Step 3/10: HD-BET skull stripping
    002_S_4229: Step 2/10: N4 bias field correction
    002_S_4270: Step 3/10: HD-BET skull stripping
    002_S_4447: Step 3/10: HD-BET skull stripping
    002_S_4473: Step 2/10: N4 bias field correction
    002_S_4654: Step 3/10: HD-BET skull stripping
    002_S_4746: Step 3/10: HD-BET skull stripping
    002_S_5018: Step 2/10: N4 bias field correction
    003_S_4288: Step 3/10: HD-BET skull stripping
    003_S_4350: Step 2/10: N4 bias field correction
    003_S_4441: Step 2/10: N4 bias field correction
    003_S_4872: Step 3/10: HD-BET skull stripping
    003_S_4900: Step 3/10: HD-BET skull stripping
    005_S_0221: Step 3/10: HD-BET skull stripping
    005_S_0222: Step 3/10: HD-BET skull stripping
    005_S_0546: Step 2/10: N4 bias field correction
    005_S_0610: Step 3/10: HD-BET skull stripping
    005_S_0929: Step 2/10: N4 bias field correction

[Live Progress] Done: 1 | Remaining: 629 | Failed: 1 | ETA: 22255.3 min
  Active subjects:
    002_S_4171: Step 3/10: HD-BET skull stripping
    002_S_4225: Step 3/10: HD-BET skull stripping
    002_S_4229: Step 2/10: N4 bias field correction
    002_S_4270: Step 3/10: HD-BET skull stripping
    002_S_4447: Step 3/10: HD-BET skull stripping
    002_S_4473: Step 2/10: N4 bias field correction
    002_S_4654: Step 3/10: HD-BET skull stripping
    002_S_4746: Step 3/10: HD-BET skull stripping
    002_S_5018: Step 2/10: N4 bias field correction
    003_S_4288: Step 3/10: HD-BET skull stripping
    003_S_4350: Step 2/10: N4 bias field correction
    003_S_4441: Step 2/10: N4 bias field correction
    003_S_4872: Step 3/10: HD-BET skull stripping
    003_S_4900: Step 3/10: HD-BET skull stripping
    005_S_0221: Step 3/10: HD-BET skull stripping
    005_S_0222: Step 3/10: HD-BET skull stripping
    005_S_0546: Step 2/10: N4 bias field correction
    005_S_0610: Step 3/10: HD-BET skull stripping
    005_S_0929: Step 2/10: N4 bias field correction

[Live Progress] Done: 1 | Remaining: 629 | Failed: 1 | ETA: 22267.4 min
  Active subjects:
    002_S_4171: Step 3/10: HD-BET skull stripping
    002_S_4225: Step 3/10: HD-BET skull stripping
    002_S_4229: Step 2/10: N4 bias field correction
    002_S_4270: Step 3/10: HD-BET skull stripping
    002_S_4447: Step 3/10: HD-BET skull stripping
    002_S_4473: Step 2/10: N4 bias field correction
    002_S_4654: Step 3/10: HD-BET skull stripping
    002_S_4746: Step 3/10: HD-BET skull stripping
    002_S_5018: Step 2/10: N4 bias field correction
    003_S_4288: Step 3/10: HD-BET skull stripping
    003_S_4350: Step 2/10: N4 bias field correction
    003_S_4441: Step 2/10: N4 bias field correction
    003_S_4872: Step 3/10: HD-BET skull stripping
    003_S_4900: Step 3/10: HD-BET skull stripping
    005_S_0221: Step 3/10: HD-BET skull stripping
    005_S_0222: Step 3/10: HD-BET skull stripping
    005_S_0546: Step 2/10: N4 bias field correction
    005_S_0610: Step 3/10: HD-BET skull stripping
    005_S_0929: Step 2/10: N4 bias field correction
